# Blender 4.2.3 LTS
# www.blender.org
o Cylinder
v 0.000000 -0.013140 -1.313433
v -0.000000 1.459054 -0.700968
v 0.656717 -0.013140 -1.137467
v 0.350484 1.459054 -0.607056
v 1.137467 -0.013140 -0.656717
v 0.607056 1.459054 -0.350484
v 1.313433 -0.013140 0.000000
v 0.700968 1.459054 -0.000000
v 1.137467 -0.013140 0.656717
v 0.607056 1.459054 0.350484
v 0.656717 -0.013140 1.137467
v 0.350484 1.459054 0.607056
v 0.000000 -0.013140 1.313433
v 0.000000 1.459054 0.700968
v -0.656717 -0.013140 1.137467
v -0.350484 1.459054 0.607056
v -1.137467 -0.013140 0.656717
v -0.607056 1.459054 0.350484
v -1.313433 -0.013140 0.000000
v -0.700968 1.459054 0.000000
v -1.137467 -0.013140 -0.656717
v -0.607056 1.459054 -0.350484
v -0.656717 -0.013140 -1.137467
v -0.350484 1.459054 -0.607056
v 0.222821 0.077704 -1.521791
v 0.147052 1.511534 -0.944252
v 0.344775 1.511534 -0.891272
v 0.567926 0.077704 -1.429320
v 0.953864 0.077704 -1.206499
v 0.599477 1.511534 -0.744220
v 0.744220 1.511534 -0.599477
v 1.206499 0.077704 -0.953864
v 1.429320 0.077704 -0.567926
v 0.891272 1.511534 -0.344775
v 0.944252 1.511534 -0.147052
v 1.521791 0.077704 -0.222821
v 1.521791 0.077704 0.222821
v 0.944252 1.511534 0.147052
v 0.891272 1.511534 0.344775
v 1.429320 0.077704 0.567926
v 1.206499 0.077704 0.953864
v 0.744220 1.511534 0.599477
v 0.599477 1.511534 0.744220
v 0.953864 0.077704 1.206499
v 0.567926 0.077704 1.429320
v 0.344775 1.511534 0.891272
v 0.147052 1.511534 0.944252
v 0.222821 0.077704 1.521791
v -0.222821 0.077704 1.521791
v -0.147052 1.511534 0.944252
v -0.344775 1.511534 0.891272
v -0.567926 0.077704 1.429320
v -0.953864 0.077704 1.206499
v -0.599477 1.511534 0.744220
v -0.744220 1.511534 0.599477
v -1.206499 0.077704 0.953864
v -1.429320 0.077704 0.567926
v -0.891272 1.511534 0.344775
v -0.944252 1.511534 0.147052
v -1.521791 0.077704 0.222821
v -1.521791 0.077704 -0.222821
v -0.944252 1.511534 -0.147052
v -0.891272 1.511534 -0.344775
v -1.429320 0.077704 -0.567926
v -1.206499 0.077704 -0.953864
v -0.744220 1.511534 -0.599477
v -0.599477 1.511534 -0.744220
v -0.953864 0.077704 -1.206499
v -0.567926 0.077704 -1.429320
v -0.344775 1.511534 -0.891272
v -0.147052 1.511534 -0.944252
v -0.222821 0.077704 -1.521791
v -0.000000 0.370057 -1.344270
v 0.672135 0.370057 -1.164172
v 1.164172 0.370057 -0.672135
v 1.344270 0.370057 -0.000000
v 1.164172 0.370057 0.672135
v 0.672135 0.370057 1.164172
v -0.000000 0.370057 1.344270
v -0.672135 0.370057 1.164172
v -1.164172 0.370057 0.672135
v -1.344270 0.370057 -0.000000
v -1.164172 0.370057 -0.672135
v -0.672135 0.370057 -1.164172
v 0.159166 0.423948 -1.436610
v 0.580464 0.423948 -1.323724
v 0.856147 0.423948 -1.164558
v 1.164558 0.423948 -0.856147
v 1.323724 0.423948 -0.580464
v 1.436610 0.423948 -0.159166
v 1.436610 0.423948 0.159166
v 1.323724 0.423948 0.580464
v 1.164558 0.423948 0.856147
v 0.856147 0.423948 1.164558
v 0.580464 0.423948 1.323724
v 0.159166 0.423948 1.436610
v -0.159166 0.423948 1.436610
v -0.580464 0.423948 1.323724
v -0.856147 0.423948 1.164558
v -1.164558 0.423948 0.856147
v -1.323724 0.423948 0.580464
v -1.436610 0.423948 0.159166
v -1.436610 0.423948 -0.159166
v -1.323724 0.423948 -0.580464
v -1.164558 0.423948 -0.856147
v -0.856147 0.423948 -1.164558
v -0.580464 0.423948 -1.323724
v -0.159166 0.423948 -1.436610
v -0.000000 1.155804 -1.002985
v 0.443033 1.214578 -1.031121
v 0.899238 1.214578 -0.671460
v 1.114493 1.214578 -0.131883
v 1.031121 1.214578 0.443033
v 0.671460 1.214578 0.899238
v 0.131883 1.214578 1.114493
v -0.443033 1.214578 1.031121
v -0.899238 1.214578 0.671460
v -1.114493 1.214578 0.131883
v -1.031121 1.214578 -0.443033
v -0.671460 1.214578 -0.899238
v -0.131883 1.214578 -1.114493
v 0.501492 1.155804 -0.868610
v 0.868610 1.155804 -0.501492
v 1.002985 1.155804 -0.000000
v 0.868610 1.155804 0.501492
v 0.501492 1.155804 0.868610
v 0.000000 1.155804 1.002985
v -0.501492 1.155804 0.868610
v -0.868610 1.155804 0.501492
v -1.002985 1.155804 -0.000000
v -0.868610 1.155804 -0.501492
v -0.501492 1.155804 -0.868610
v 0.131883 1.214578 -1.114493
v 0.671460 1.214578 -0.899238
v 1.031121 1.214578 -0.443033
v 1.114493 1.214578 0.131883
v 0.899238 1.214578 0.671460
v 0.443033 1.214578 1.031121
v -0.131883 1.214578 1.114493
v -0.671460 1.214578 0.899238
v -1.031121 1.214578 0.443033
v -1.114493 1.214578 -0.131883
v -0.899238 1.214578 -0.671460
v -0.443033 1.214578 -1.031121
v 0.117052 -0.038929 -1.131760
v 0.273621 -0.045709 -1.021169
v 0.464510 -0.038929 -1.038659
v 0.240387 1.466258 -0.539258
v 0.141158 1.468190 -0.526808
v 0.061448 1.466258 -0.587205
v 0.000000 1.287983 -0.932424
v 0.000000 1.376180 -0.870189
v -0.000000 1.430108 -0.805039
v 0.699288 0.226025 -1.211203
v 0.712738 0.121224 -1.234499
v 0.707674 0.045734 -1.225727
v 0.667250 -0.038929 -0.921607
v 0.747548 -0.045709 -0.747548
v 0.921607 -0.038929 -0.667250
v 0.477811 1.466258 -0.346818
v 0.385650 1.468190 -0.385650
v 0.346818 1.466258 -0.477811
v 1.211203 0.226025 -0.699288
v 1.234499 0.121224 -0.712738
v 1.225727 0.045734 -0.707674
v 1.038659 -0.038929 -0.464510
v 1.021169 -0.045709 -0.273621
v 1.131760 -0.038929 -0.117052
v 0.587205 1.466258 -0.061448
v 0.526808 1.468190 -0.141158
v 0.539258 1.466258 -0.240387
v 1.398577 0.226025 -0.000000
v 1.425477 0.121224 -0.000000
v 1.415348 0.045734 -0.000000
v 1.131760 -0.038929 0.117052
v 1.021169 -0.045709 0.273621
v 1.038659 -0.038929 0.464510
v 0.539258 1.466258 0.240387
v 0.526808 1.468190 0.141158
v 0.587205 1.466258 0.061448
v 1.211203 0.226025 0.699288
v 1.234499 0.121224 0.712738
v 1.225727 0.045734 0.707674
v 0.921607 -0.038929 0.667250
v 0.747548 -0.045709 0.747548
v 0.667250 -0.038929 0.921607
v 0.346818 1.466258 0.477811
v 0.385650 1.468190 0.385650
v 0.477811 1.466258 0.346818
v 0.699288 0.226025 1.211203
v 0.712738 0.121224 1.234499
v 0.707674 0.045734 1.225727
v 0.464510 -0.038929 1.038659
v 0.273621 -0.045709 1.021169
v 0.117052 -0.038929 1.131760
v 0.061448 1.466258 0.587205
v 0.141158 1.468190 0.526808
v 0.240387 1.466258 0.539258
v -0.000000 0.226025 1.398577
v -0.000000 0.121224 1.425477
v -0.000000 0.045734 1.415348
v -0.117052 -0.038929 1.131760
v -0.273621 -0.045709 1.021169
v -0.464510 -0.038929 1.038659
v -0.240387 1.466258 0.539258
v -0.141158 1.468190 0.526808
v -0.061448 1.466258 0.587205
v -0.699288 0.226025 1.211203
v -0.712738 0.121224 1.234499
v -0.707674 0.045734 1.225727
v -0.667250 -0.038929 0.921607
v -0.747548 -0.045709 0.747548
v -0.921607 -0.038929 0.667250
v -0.477811 1.466258 0.346818
v -0.385650 1.468190 0.385650
v -0.346818 1.466258 0.477811
v -1.211203 0.226025 0.699288
v -1.234499 0.121224 0.712738
v -1.225727 0.045734 0.707674
v -1.038659 -0.038929 0.464510
v -1.021169 -0.045709 0.273621
v -1.131760 -0.038929 0.117052
v -0.587205 1.466258 0.061448
v -0.526808 1.468189 0.141158
v -0.539258 1.466258 0.240387
v -1.398577 0.226025 -0.000000
v -1.425477 0.121224 -0.000000
v -1.415348 0.045734 -0.000000
v -1.131760 -0.038929 -0.117052
v -1.021169 -0.045709 -0.273621
v -1.038659 -0.038929 -0.464510
v -0.539258 1.466258 -0.240387
v -0.526808 1.468189 -0.141158
v -0.587205 1.466258 -0.061448
v -1.211203 0.226025 -0.699288
v -1.234499 0.121224 -0.712738
v -1.225727 0.045734 -0.707674
v -0.921607 -0.038929 -0.667250
v -0.747548 -0.045709 -0.747548
v -0.667250 -0.038929 -0.921607
v -0.346818 1.466258 -0.477811
v -0.385650 1.468190 -0.385650
v -0.477811 1.466258 -0.346818
v -0.699288 0.226025 -1.211203
v -0.712738 0.121224 -1.234499
v -0.707674 0.045734 -1.225727
v -0.464510 -0.038929 -1.038659
v -0.273621 -0.045709 -1.021169
v -0.117052 -0.038929 -1.131760
v -0.061448 1.466258 -0.587205
v -0.141158 1.468190 -0.526808
v -0.240387 1.466258 -0.539258
v 0.164985 0.280440 -1.490390
v 0.176063 0.179064 -1.520914
v 0.197581 0.112968 -1.528620
v 0.306796 1.525265 -0.910673
v 0.249410 1.532215 -0.930811
v 0.189644 1.525265 -0.942064
v 0.417686 1.350860 -0.979209
v 0.394648 1.440986 -0.941010
v 0.368844 1.491428 -0.911571
v 0.296034 0.071594 -1.514676
v 0.400070 0.068526 -1.493080
v 0.500965 0.071594 -1.459765
v 0.055399 1.469438 -0.772565
v 0.091103 1.488766 -0.846905
v 0.122230 1.504591 -0.907632
v 0.188408 0.055977 -1.505487
v 0.145444 0.029955 -1.464187
v 0.092684 0.006504 -1.396445
v 0.338306 1.469438 -0.696760
v 0.344555 1.488766 -0.778993
v 0.347961 1.504591 -0.847147
v 0.617956 0.006504 -1.255698
v 0.606135 0.029955 -1.340745
v 0.589577 0.055977 -1.397994
v 0.888076 0.280440 -1.208223
v 0.912932 0.179064 -1.229119
v 0.935420 0.112968 -1.225033
v 0.721030 1.525265 -0.635268
v 0.681401 1.532215 -0.681401
v 0.635268 1.525265 -0.721030
v 0.851331 1.350860 -0.639177
v 0.812280 1.440986 -0.617615
v 0.775214 1.491428 -0.605021
v 1.013711 0.071594 -1.163731
v 1.093010 0.068526 -1.093010
v 1.163730 0.071594 -1.013711
v 0.434259 1.469438 -0.641361
v 0.502350 1.488766 -0.687890
v 0.559670 1.504591 -0.724917
v 0.915910 0.055977 -1.209586
v 0.858052 0.029955 -1.195300
v 0.778489 0.006504 -1.163015
v 0.641361 1.469438 -0.434259
v 0.687890 1.488766 -0.502350
v 0.724917 1.504591 -0.559670
v 1.163015 0.006504 -0.778489
v 1.195300 0.029955 -0.858052
v 1.209586 0.055977 -0.915910
v 1.373208 0.280440 -0.602314
v 1.405182 0.179064 -0.607982
v 1.422614 0.112968 -0.593200
v 0.942064 1.525265 -0.189644
v 0.930812 1.532215 -0.249410
v 0.910673 1.525265 -0.306796
v 1.056863 1.350860 -0.127878
v 1.012263 1.440985 -0.128730
v 0.973865 1.491428 -0.136357
v 1.459765 0.071594 -0.500965
v 1.493080 0.068526 -0.400070
v 1.514676 0.071594 -0.296034
v 0.696760 1.469438 -0.338306
v 0.778993 1.488766 -0.344555
v 0.847147 1.504591 -0.347961
v 1.397994 0.055977 -0.589577
v 1.340745 0.029955 -0.606135
v 1.255698 0.006504 -0.617956
v 0.772565 1.469438 -0.055399
v 0.846905 1.488766 -0.091103
v 0.907632 1.504591 -0.122230
v 1.396445 0.006504 -0.092684
v 1.464187 0.029955 -0.145444
v 1.505487 0.055977 -0.188408
v 1.490390 0.280440 0.164985
v 1.520914 0.179064 0.176063
v 1.528620 0.112968 0.197581
v 0.910673 1.525265 0.306796
v 0.930811 1.532215 0.249410
v 0.942064 1.525265 0.189644
v 0.979209 1.350860 0.417686
v 0.941010 1.440986 0.394648
v 0.911571 1.491428 0.368844
v 1.514676 0.071594 0.296034
v 1.493080 0.068526 0.400070
v 1.459765 0.071594 0.500965
v 0.772565 1.469438 0.055399
v 0.846905 1.488766 0.091103
v 0.907632 1.504591 0.122230
v 1.505487 0.055977 0.188408
v 1.464187 0.029955 0.145444
v 1.396445 0.006504 0.092684
v 0.696760 1.469438 0.338306
v 0.778993 1.488766 0.344555
v 0.847147 1.504591 0.347961
v 1.255698 0.006504 0.617956
v 1.340745 0.029955 0.606135
v 1.397994 0.055977 0.589577
v 1.208223 0.280440 0.888076
v 1.229119 0.179064 0.912932
v 1.225033 0.112968 0.935420
v 0.635268 1.525265 0.721030
v 0.681401 1.532215 0.681401
v 0.721030 1.525265 0.635268
v 0.639177 1.350860 0.851331
v 0.617615 1.440986 0.812280
v 0.605021 1.491428 0.775214
v 1.163731 0.071594 1.013711
v 1.093010 0.068526 1.093010
v 1.013711 0.071594 1.163730
v 0.641361 1.469438 0.434259
v 0.687890 1.488766 0.502350
v 0.724917 1.504591 0.559670
v 1.209586 0.055977 0.915910
v 1.195300 0.029955 0.858052
v 1.163015 0.006504 0.778489
v 0.434259 1.469438 0.641361
v 0.502350 1.488766 0.687890
v 0.559670 1.504591 0.724917
v 0.778489 0.006504 1.163015
v 0.858052 0.029955 1.195300
v 0.915910 0.055977 1.209586
v 0.602314 0.280440 1.373208
v 0.607982 0.179064 1.405182
v 0.593200 0.112968 1.422614
v 0.189644 1.525265 0.942064
v 0.249410 1.532215 0.930812
v 0.306796 1.525265 0.910673
v 0.127878 1.350860 1.056863
v 0.128730 1.440985 1.012263
v 0.136357 1.491428 0.973865
v 0.500965 0.071594 1.459765
v 0.400070 0.068526 1.493080
v 0.296034 0.071594 1.514676
v 0.338306 1.469438 0.696760
v 0.344555 1.488766 0.778993
v 0.347961 1.504591 0.847147
v 0.589577 0.055977 1.397994
v 0.606135 0.029955 1.340745
v 0.617956 0.006504 1.255698
v 0.055399 1.469438 0.772565
v 0.091103 1.488766 0.846905
v 0.122230 1.504591 0.907632
v 0.092684 0.006504 1.396445
v 0.145444 0.029955 1.464187
v 0.188408 0.055977 1.505487
v -0.164985 0.280440 1.490390
v -0.176063 0.179064 1.520914
v -0.197581 0.112968 1.528620
v -0.306796 1.525265 0.910673
v -0.249410 1.532215 0.930811
v -0.189644 1.525265 0.942064
v -0.417686 1.350860 0.979209
v -0.394648 1.440986 0.941010
v -0.368844 1.491428 0.911571
v -0.296034 0.071594 1.514676
v -0.400070 0.068526 1.493080
v -0.500965 0.071594 1.459765
v -0.055399 1.469438 0.772565
v -0.091103 1.488766 0.846905
v -0.122230 1.504591 0.907632
v -0.188408 0.055977 1.505487
v -0.145444 0.029955 1.464187
v -0.092684 0.006504 1.396445
v -0.338306 1.469438 0.696760
v -0.344555 1.488766 0.778993
v -0.347961 1.504591 0.847147
v -0.617956 0.006504 1.255698
v -0.606135 0.029955 1.340745
v -0.589577 0.055977 1.397994
v -0.888076 0.280440 1.208223
v -0.912932 0.179064 1.229119
v -0.935420 0.112968 1.225033
v -0.721030 1.525265 0.635268
v -0.681401 1.532215 0.681401
v -0.635268 1.525265 0.721030
v -0.851331 1.350860 0.639177
v -0.812280 1.440986 0.617615
v -0.775214 1.491428 0.605021
v -1.013711 0.071594 1.163731
v -1.093010 0.068526 1.093010
v -1.163730 0.071594 1.013711
v -0.434259 1.469438 0.641361
v -0.502350 1.488766 0.687890
v -0.559670 1.504591 0.724917
v -0.915910 0.055977 1.209586
v -0.858052 0.029955 1.195300
v -0.778489 0.006504 1.163015
v -0.641361 1.469438 0.434259
v -0.687890 1.488766 0.502350
v -0.724917 1.504591 0.559670
v -1.163015 0.006504 0.778489
v -1.195300 0.029955 0.858052
v -1.209586 0.055977 0.915910
v -1.373208 0.280440 0.602314
v -1.405182 0.179064 0.607982
v -1.422614 0.112968 0.593200
v -0.942064 1.525265 0.189644
v -0.930812 1.532215 0.249410
v -0.910673 1.525265 0.306796
v -1.056863 1.350860 0.127878
v -1.012263 1.440985 0.128730
v -0.973865 1.491428 0.136357
v -1.459765 0.071594 0.500965
v -1.493080 0.068526 0.400070
v -1.514676 0.071594 0.296034
v -0.696760 1.469438 0.338306
v -0.778993 1.488766 0.344555
v -0.847147 1.504591 0.347961
v -1.397994 0.055977 0.589577
v -1.340745 0.029955 0.606135
v -1.255698 0.006504 0.617956
v -0.772565 1.469438 0.055399
v -0.846905 1.488766 0.091103
v -0.907632 1.504591 0.122230
v -1.396445 0.006504 0.092684
v -1.464187 0.029955 0.145444
v -1.505487 0.055977 0.188408
v -1.490390 0.280440 -0.164985
v -1.520914 0.179064 -0.176063
v -1.528620 0.112968 -0.197581
v -0.910673 1.525265 -0.306796
v -0.930811 1.532215 -0.249410
v -0.942064 1.525265 -0.189644
v -0.979209 1.350860 -0.417686
v -0.941010 1.440986 -0.394648
v -0.911571 1.491428 -0.368844
v -1.514676 0.071594 -0.296034
v -1.493080 0.068526 -0.400070
v -1.459765 0.071594 -0.500965
v -0.772565 1.469438 -0.055399
v -0.846905 1.488766 -0.091103
v -0.907632 1.504591 -0.122230
v -1.505487 0.055977 -0.188408
v -1.464187 0.029955 -0.145444
v -1.396445 0.006504 -0.092684
v -0.696760 1.469438 -0.338306
v -0.778993 1.488766 -0.344555
v -0.847147 1.504591 -0.347961
v -1.255698 0.006504 -0.617956
v -1.340745 0.029955 -0.606135
v -1.397994 0.055977 -0.589577
v -1.208223 0.280440 -0.888076
v -1.229119 0.179064 -0.912932
v -1.225033 0.112968 -0.935420
v -0.635268 1.525265 -0.721030
v -0.681401 1.532215 -0.681401
v -0.721030 1.525265 -0.635268
v -0.639177 1.350860 -0.851331
v -0.617615 1.440986 -0.812280
v -0.605021 1.491428 -0.775214
v -1.163731 0.071594 -1.013711
v -1.093010 0.068526 -1.093010
v -1.013711 0.071594 -1.163730
v -0.641361 1.469438 -0.434259
v -0.687890 1.488766 -0.502350
v -0.724917 1.504591 -0.559670
v -1.209586 0.055977 -0.915910
v -1.195300 0.029955 -0.858052
v -1.163015 0.006504 -0.778489
v -0.434259 1.469438 -0.641361
v -0.502350 1.488766 -0.687890
v -0.559670 1.504591 -0.724917
v -0.778489 0.006504 -1.163015
v -0.858052 0.029955 -1.195300
v -0.915910 0.055977 -1.209586
v -0.602314 0.280440 -1.373208
v -0.607982 0.179064 -1.405182
v -0.593200 0.112968 -1.422614
v -0.189644 1.525265 -0.942064
v -0.249410 1.532215 -0.930812
v -0.306796 1.525265 -0.910673
v -0.127878 1.350860 -1.056863
v -0.128730 1.440985 -1.012263
v -0.136357 1.491428 -0.973865
v -0.500965 0.071594 -1.459765
v -0.400070 0.068526 -1.493080
v -0.296034 0.071594 -1.514676
v -0.338306 1.469438 -0.696760
v -0.344555 1.488766 -0.778993
v -0.347961 1.504591 -0.847147
v -0.589577 0.055977 -1.397994
v -0.606135 0.029955 -1.340745
v -0.617956 0.006504 -1.255698
v -0.055399 1.469438 -0.772565
v -0.091103 1.488766 -0.846905
v -0.122230 1.504591 -0.907632
v -0.092684 0.006504 -1.396445
v -0.145444 0.029955 -1.464187
v -0.188408 0.055977 -1.505487
v -0.000000 0.045734 -1.415348
v -0.000000 0.121224 -1.425477
v -0.000000 0.226025 -1.398577
v 0.543765 0.975772 -0.941829
v 0.589615 0.767672 -1.021243
v 0.634064 0.557201 -1.098231
v 0.941829 0.975772 -0.543765
v 1.021243 0.767672 -0.589615
v 1.098231 0.557201 -0.634064
v 1.087531 0.975772 -0.000000
v 1.179230 0.767672 -0.000000
v 1.268128 0.557201 -0.000000
v 0.941829 0.975772 0.543765
v 1.021243 0.767672 0.589615
v 1.098231 0.557201 0.634064
v 0.543765 0.975772 0.941829
v 0.589615 0.767672 1.021243
v 0.634064 0.557201 1.098231
v -0.000000 0.975772 1.087531
v -0.000000 0.767672 1.179230
v -0.000000 0.557201 1.268128
v -0.543765 0.975772 0.941829
v -0.589615 0.767672 1.021243
v -0.634064 0.557201 1.098231
v -0.941829 0.975772 0.543765
v -1.021243 0.767672 0.589615
v -1.098231 0.557201 0.634064
v -1.087531 0.975772 -0.000000
v -1.179230 0.767672 -0.000000
v -1.268128 0.557201 -0.000000
v -0.941829 0.975772 -0.543765
v -1.021243 0.767672 -0.589615
v -1.098231 0.557201 -0.634064
v -0.543765 0.975772 -0.941829
v -0.589615 0.767672 -1.021243
v -0.634064 0.557201 -1.098231
v 0.138177 1.031629 -1.190262
v 0.145469 0.822072 -1.276471
v 0.152789 0.611111 -1.362221
v 0.593200 0.112968 -1.422614
v 0.607982 0.179064 -1.405182
v 0.602314 0.280440 -1.373208
v 0.714796 1.031629 -0.961709
v 0.764216 0.822072 -1.032722
v 0.813430 0.611111 -1.103323
v 1.225033 0.112968 -0.935420
v 1.229119 0.179064 -0.912932
v 1.208223 0.280440 -0.888076
v 1.099885 1.031629 -0.475466
v 1.178191 0.822072 -0.512256
v 1.256113 0.611111 -0.548791
v 1.528620 0.112968 -0.197581
v 1.520914 0.179064 -0.176063
v 1.490390 0.280440 -0.164985
v 1.190262 1.031628 0.138177
v 1.276471 0.822072 0.145469
v 1.362221 0.611111 0.152789
v 1.422614 0.112968 0.593200
v 1.405182 0.179064 0.607982
v 1.373208 0.280440 0.602314
v 0.961709 1.031629 0.714796
v 1.032722 0.822072 0.764216
v 1.103323 0.611111 0.813430
v 0.935420 0.112968 1.225033
v 0.912932 0.179064 1.229119
v 0.888076 0.280440 1.208223
v 0.475466 1.031629 1.099885
v 0.512256 0.822072 1.178191
v 0.548791 0.611111 1.256113
v 0.197581 0.112968 1.528620
v 0.176063 0.179064 1.520914
v 0.164985 0.280440 1.490390
v -0.138177 1.031629 1.190262
v -0.145469 0.822072 1.276471
v -0.152789 0.611111 1.362221
v -0.593200 0.112968 1.422614
v -0.607982 0.179064 1.405182
v -0.602314 0.280440 1.373208
v -0.714795 1.031629 0.961709
v -0.764216 0.822072 1.032722
v -0.813430 0.611111 1.103323
v -1.225033 0.112968 0.935420
v -1.229119 0.179064 0.912932
v -1.208223 0.280440 0.888076
v -1.099885 1.031629 0.475466
v -1.178191 0.822072 0.512256
v -1.256113 0.611111 0.548791
v -1.528620 0.112968 0.197581
v -1.520914 0.179064 0.176063
v -1.490390 0.280440 0.164985
v -1.190262 1.031628 -0.138177
v -1.276471 0.822072 -0.145469
v -1.362221 0.611111 -0.152789
v -1.422614 0.112968 -0.593200
v -1.405182 0.179064 -0.607982
v -1.373208 0.280440 -0.602314
v -0.961709 1.031629 -0.714796
v -1.032722 0.822072 -0.764216
v -1.103323 0.611111 -0.813430
v -0.935420 0.112968 -1.225033
v -0.912932 0.179064 -1.229119
v -0.888076 0.280440 -1.208223
v -0.475466 1.031629 -1.099885
v -0.512256 0.822072 -1.178191
v -0.548791 0.611111 -1.256113
v -0.197581 0.112968 -1.528620
v -0.176063 0.179064 -1.520914
v -0.164985 0.280440 -1.490390
v -0.088348 0.407949 -1.417134
v -0.044124 0.390266 -1.385953
v -0.017630 0.375952 -1.357015
v -0.632056 0.407949 -1.271448
v -0.654764 0.390266 -1.222332
v -0.663240 0.375952 -1.184025
v -0.491070 0.434052 -1.371905
v -0.377891 0.437420 -1.410308
v -0.260673 0.434052 -1.433640
v -0.785078 0.407949 -1.183100
v -0.731189 0.390266 -1.178208
v -0.693775 0.375952 -1.166395
v -1.183100 0.407949 -0.785078
v -1.178208 0.390266 -0.731189
v -1.166395 0.375952 -0.693775
v -1.111232 0.434052 -0.942569
v -1.032417 0.437420 -1.032417
v -0.942569 0.434052 -1.111232
v -1.271448 0.407949 -0.632056
v -1.222332 0.390266 -0.654764
v -1.184024 0.375952 -0.663240
v -1.417134 0.407949 -0.088348
v -1.385953 0.390266 -0.044124
v -1.357015 0.375952 -0.017630
v -1.433640 0.434052 -0.260673
v -1.410308 0.437420 -0.377891
v -1.371905 0.434052 -0.491071
v -1.417134 0.407949 0.088348
v -1.385953 0.390266 0.044124
v -1.357015 0.375952 0.017630
v -1.271448 0.407949 0.632056
v -1.222332 0.390266 0.654764
v -1.184024 0.375952 0.663240
v -1.371905 0.434052 0.491070
v -1.410308 0.437420 0.377891
v -1.433640 0.434052 0.260673
v -1.183100 0.407949 0.785078
v -1.178208 0.390266 0.731189
v -1.166395 0.375952 0.693775
v -0.785078 0.407949 1.183100
v -0.731189 0.390266 1.178208
v -0.693775 0.375952 1.166395
v -0.942569 0.434052 1.111232
v -1.032417 0.437420 1.032417
v -1.111232 0.434052 0.942569
v -0.632056 0.407949 1.271448
v -0.654764 0.390266 1.222332
v -0.663240 0.375952 1.184024
v -0.088348 0.407949 1.417134
v -0.044124 0.390266 1.385953
v -0.017630 0.375952 1.357015
v -0.260673 0.434052 1.433640
v -0.377891 0.437420 1.410308
v -0.491071 0.434052 1.371905
v 0.088348 0.407949 1.417134
v 0.044124 0.390266 1.385953
v 0.017630 0.375952 1.357015
v 0.632056 0.407949 1.271448
v 0.654764 0.390266 1.222332
v 0.663240 0.375952 1.184025
v 0.491070 0.434052 1.371905
v 0.377891 0.437420 1.410308
v 0.260673 0.434052 1.433640
v 0.785078 0.407949 1.183100
v 0.731189 0.390266 1.178208
v 0.693775 0.375952 1.166395
v 1.183100 0.407949 0.785078
v 1.178208 0.390266 0.731189
v 1.166395 0.375952 0.693775
v 1.111232 0.434052 0.942569
v 1.032417 0.437420 1.032417
v 0.942569 0.434052 1.111232
v 1.271448 0.407949 0.632056
v 1.222332 0.390266 0.654764
v 1.184024 0.375952 0.663240
v 1.417134 0.407949 0.088348
v 1.385953 0.390266 0.044124
v 1.357015 0.375952 0.017630
v 1.433640 0.434052 0.260673
v 1.410308 0.437420 0.377891
v 1.371905 0.434052 0.491071
v 1.417134 0.407949 -0.088348
v 1.385953 0.390266 -0.044124
v 1.357015 0.375952 -0.017630
v 1.271448 0.407949 -0.632056
v 1.222332 0.390266 -0.654764
v 1.184025 0.375952 -0.663240
v 1.371905 0.434052 -0.491070
v 1.410308 0.437420 -0.377891
v 1.433640 0.434052 -0.260673
v 1.183100 0.407949 -0.785078
v 1.178208 0.390266 -0.731189
v 1.166395 0.375952 -0.693775
v 0.785078 0.407949 -1.183100
v 0.731189 0.390266 -1.178208
v 0.693775 0.375952 -1.166395
v 0.942569 0.434052 -1.111232
v 1.032417 0.437420 -1.032417
v 1.111232 0.434052 -0.942569
v 0.632056 0.407949 -1.271448
v 0.654764 0.390266 -1.222332
v 0.663240 0.375952 -1.184024
v 0.088348 0.407949 -1.417134
v 0.044124 0.390266 -1.385953
v 0.017630 0.375952 -1.357015
v 0.260673 0.434052 -1.433640
v 0.377891 0.437420 -1.410308
v 0.491071 0.434052 -1.371905
v -0.000000 0.557201 -1.268128
v -0.000000 0.767672 -1.179230
v -0.000000 0.975772 -1.087531
v 0.548791 0.611111 -1.256112
v 0.512256 0.822072 -1.178191
v 0.475466 1.031629 -1.099885
v 1.103324 0.611111 -0.813430
v 1.032722 0.822072 -0.764216
v 0.961708 1.031629 -0.714795
v 1.362221 0.611111 -0.152789
v 1.276471 0.822072 -0.145469
v 1.190262 1.031628 -0.138177
v 1.256112 0.611111 0.548791
v 1.178191 0.822072 0.512256
v 1.099885 1.031629 0.475466
v 0.813430 0.611111 1.103324
v 0.764216 0.822072 1.032722
v 0.714795 1.031629 0.961709
v 0.152789 0.611111 1.362221
v 0.145469 0.822072 1.276471
v 0.138177 1.031628 1.190262
v -0.548791 0.611111 1.256112
v -0.512256 0.822072 1.178191
v -0.475466 1.031629 1.099885
v -1.103323 0.611111 0.813430
v -1.032722 0.822072 0.764216
v -0.961709 1.031629 0.714795
v -1.362221 0.611111 0.152789
v -1.276471 0.822072 0.145469
v -1.190262 1.031628 0.138177
v -1.256112 0.611111 -0.548791
v -1.178191 0.822072 -0.512256
v -1.099885 1.031629 -0.475466
v -0.813430 0.611111 -1.103324
v -0.764216 0.822072 -1.032722
v -0.714795 1.031629 -0.961708
v -0.152789 0.611111 -1.362221
v -0.145469 0.822072 -1.276471
v -0.138177 1.031628 -1.190262
v 0.402519 1.430108 -0.697184
v 0.435095 1.376180 -0.753606
v 0.466212 1.287983 -0.807503
v 0.697184 1.430108 -0.402519
v 0.753606 1.376180 -0.435095
v 0.807503 1.287983 -0.466212
v 0.805039 1.430108 0.000000
v 0.870189 1.376180 0.000000
v 0.932424 1.287983 0.000000
v 0.697184 1.430108 0.402519
v 0.753606 1.376180 0.435095
v 0.807503 1.287983 0.466212
v 0.402519 1.430108 0.697184
v 0.435095 1.376180 0.753606
v 0.466212 1.287983 0.807503
v 0.000000 1.430108 0.805039
v 0.000000 1.376180 0.870189
v -0.000000 1.287983 0.932424
v -0.402519 1.430108 0.697184
v -0.435095 1.376180 0.753606
v -0.466212 1.287983 0.807503
v -0.697184 1.430108 0.402519
v -0.753606 1.376180 0.435095
v -0.807503 1.287983 0.466212
v -0.805039 1.430108 0.000000
v -0.870189 1.376180 -0.000000
v -0.932424 1.287983 -0.000000
v -0.697184 1.430108 -0.402519
v -0.753606 1.376180 -0.435095
v -0.807503 1.287983 -0.466212
v -0.402519 1.430108 -0.697184
v -0.435095 1.376180 -0.753606
v -0.466212 1.287983 -0.807503
v 0.136357 1.491428 -0.973866
v 0.128730 1.440985 -1.012263
v 0.127878 1.350860 -1.056863
v 0.605021 1.491428 -0.775214
v 0.617615 1.440986 -0.812280
v 0.639177 1.350860 -0.851331
v 0.911571 1.491428 -0.368844
v 0.941010 1.440985 -0.394648
v 0.979209 1.350860 -0.417686
v 0.973866 1.491428 0.136357
v 1.012263 1.440985 0.128730
v 1.056863 1.350860 0.127878
v 0.775214 1.491428 0.605021
v 0.812280 1.440986 0.617615
v 0.851331 1.350860 0.639177
v 0.368844 1.491428 0.911571
v 0.394648 1.440985 0.941010
v 0.417686 1.350860 0.979209
v -0.136357 1.491428 0.973866
v -0.128730 1.440985 1.012263
v -0.127878 1.350860 1.056863
v -0.605021 1.491428 0.775214
v -0.617615 1.440986 0.812280
v -0.639177 1.350860 0.851331
v -0.911571 1.491428 0.368844
v -0.941010 1.440985 0.394648
v -0.979209 1.350860 0.417686
v -0.973866 1.491428 -0.136357
v -1.012263 1.440985 -0.128730
v -1.056863 1.350860 -0.127878
v -0.775214 1.491428 -0.605021
v -0.812280 1.440986 -0.617615
v -0.851331 1.350860 -0.639177
v -0.368844 1.491428 -0.911571
v -0.394648 1.440985 -0.941010
v -0.417686 1.350860 -0.979209
v 0.076733 1.197129 -1.087291
v 0.040593 1.177844 -1.050046
v 0.017128 1.162232 -1.017148
v 0.610098 1.197129 -0.903255
v 0.560178 1.177844 -0.889070
v 0.523408 1.162232 -0.872312
v 0.979987 1.197129 -0.477193
v 0.929663 1.177844 -0.489868
v 0.889440 1.162232 -0.493741
v 1.087290 1.197129 0.076733
v 1.050046 1.177844 0.040593
v 1.017148 1.162232 0.017128
v 0.903255 1.197129 0.610098
v 0.889070 1.177844 0.560178
v 0.872312 1.162232 0.523408
v 0.477193 1.197129 0.979987
v 0.489868 1.177844 0.929663
v 0.493741 1.162232 0.889440
v -0.076733 1.197129 1.087291
v -0.040593 1.177844 1.050046
v -0.017128 1.162232 1.017148
v -0.610098 1.197129 0.903255
v -0.560178 1.177844 0.889070
v -0.523408 1.162232 0.872312
v -0.979987 1.197129 0.477193
v -0.929663 1.177844 0.489868
v -0.889440 1.162232 0.493741
v -1.087290 1.197129 -0.076733
v -1.050046 1.177844 -0.040593
v -1.017148 1.162232 -0.017128
v -0.903255 1.197129 -0.610098
v -0.889070 1.177844 -0.560178
v -0.872312 1.162232 -0.523408
v -0.477193 1.197129 -0.979987
v -0.489868 1.177844 -0.929663
v -0.493741 1.162232 -0.889440
v -0.076733 1.197129 -1.087291
v -0.040593 1.177844 -1.050046
v -0.017128 1.162232 -1.017148
v -0.379299 1.225598 -1.074655
v -0.296277 1.229271 -1.105720
v -0.208845 1.225598 -1.120328
v -0.610098 1.197129 -0.903255
v -0.560178 1.177844 -0.889070
v -0.523407 1.162232 -0.872312
v -0.865810 1.225598 -0.741029
v -0.809443 1.229271 -0.809443
v -0.741029 1.225598 -0.865810
v -0.979987 1.197129 -0.477193
v -0.929663 1.177844 -0.489868
v -0.889440 1.162232 -0.493741
v -1.120328 1.225598 -0.208845
v -1.105720 1.229271 -0.296277
v -1.074655 1.225598 -0.379299
v -1.087290 1.197129 0.076733
v -1.050046 1.177844 0.040593
v -1.017148 1.162232 0.017128
v -1.074655 1.225598 0.379299
v -1.105720 1.229271 0.296277
v -1.120328 1.225598 0.208845
v -0.903255 1.197129 0.610098
v -0.889070 1.177844 0.560178
v -0.872312 1.162232 0.523408
v -0.741029 1.225598 0.865810
v -0.809443 1.229271 0.809443
v -0.865810 1.225598 0.741029
v -0.477193 1.197129 0.979987
v -0.489868 1.177844 0.929663
v -0.493741 1.162232 0.889440
v -0.208845 1.225598 1.120328
v -0.296277 1.229271 1.105720
v -0.379299 1.225598 1.074655
v 0.076733 1.197129 1.087290
v 0.040593 1.177844 1.050046
v 0.017128 1.162232 1.017148
v 0.379299 1.225598 1.074655
v 0.296277 1.229271 1.105720
v 0.208845 1.225598 1.120328
v 0.610098 1.197129 0.903255
v 0.560178 1.177844 0.889070
v 0.523408 1.162232 0.872312
v 0.865810 1.225598 0.741029
v 0.809443 1.229271 0.809443
v 0.741029 1.225598 0.865810
v 0.979987 1.197129 0.477193
v 0.929663 1.177844 0.489868
v 0.889440 1.162232 0.493741
v 1.120328 1.225598 0.208845
v 1.105720 1.229271 0.296277
v 1.074655 1.225598 0.379299
v 1.087291 1.197129 -0.076733
v 1.050046 1.177844 -0.040593
v 1.017148 1.162232 -0.017128
v 1.074655 1.225598 -0.379299
v 1.105720 1.229271 -0.296277
v 1.120328 1.225598 -0.208845
v 0.903255 1.197129 -0.610098
v 0.889070 1.177844 -0.560178
v 0.872312 1.162232 -0.523407
v 0.741029 1.225598 -0.865810
v 0.809443 1.229271 -0.809443
v 0.865810 1.225598 -0.741029
v 0.477193 1.197129 -0.979987
v 0.489868 1.177844 -0.929663
v 0.493741 1.162232 -0.889440
v 0.208845 1.225598 -1.120328
v 0.296277 1.229271 -1.105720
v 0.379299 1.225598 -1.074655
v 0.000000 1.448106 0.000000
v 0.219837 1.457938 -0.380769
v 0.090354 1.455724 -0.337208
v 0.000000 1.457938 -0.439674
v -0.090354 1.455724 -0.337208
v -0.219837 1.457938 -0.380769
v -0.246853 1.455724 -0.246853
v -0.380769 1.457938 -0.219837
v -0.337208 1.455724 -0.090354
v -0.439674 1.457938 0.000000
v -0.337208 1.455724 0.090354
v -0.380769 1.457938 0.219837
v -0.246853 1.455724 0.246853
v -0.219837 1.457938 0.380769
v -0.090354 1.455724 0.337208
v 0.000000 1.457938 0.439674
v 0.090354 1.455724 0.337208
v 0.219837 1.457938 0.380769
v 0.246853 1.455724 0.246853
v 0.380769 1.457938 0.219837
v 0.337208 1.455724 0.090354
v 0.439674 1.457938 -0.000000
v 0.337208 1.455724 -0.090354
v 0.380769 1.457938 -0.219837
v 0.246853 1.455724 -0.246853
v -0.000000 -0.066608 0.000000
v -0.000000 -0.052756 -0.867643
v 0.179353 -0.058085 -0.669353
v 0.433822 -0.052756 -0.751401
v 0.490001 -0.058085 -0.490001
v 0.751401 -0.052756 -0.433822
v 0.669353 -0.058085 -0.179353
v 0.867643 -0.052756 0.000000
v 0.669353 -0.058085 0.179353
v 0.751401 -0.052756 0.433822
v 0.490001 -0.058085 0.490001
v 0.433822 -0.052756 0.751401
v 0.179353 -0.058085 0.669353
v -0.000000 -0.052756 0.867643
v -0.179353 -0.058085 0.669353
v -0.433822 -0.052756 0.751401
v -0.490001 -0.058085 0.490001
v -0.751401 -0.052756 0.433822
v -0.669353 -0.058085 0.179353
v -0.867643 -0.052756 0.000000
v -0.669353 -0.058085 -0.179353
v -0.751401 -0.052756 -0.433822
v -0.490001 -0.058085 -0.490001
v -0.433822 -0.052756 -0.751401
v -0.179353 -0.058085 -0.669353
v 0.200353 1.362746 -1.065787
v 0.195942 1.453912 -1.023582
v 0.194717 1.505200 -0.984783
v 0.282225 1.366762 -1.053280
v 0.271430 1.458652 -1.012990
v 0.261362 1.511124 -0.975415
v 0.359383 1.362746 -1.023175
v 0.342100 1.453912 -0.984419
v 0.323762 1.505200 -0.950206
v 0.018581 0.232017 -1.411587
v 0.046164 0.246535 -1.440809
v 0.091830 0.264398 -1.471698
v 0.024707 0.127872 -1.440405
v 0.056622 0.143749 -1.472331
v 0.103599 0.162790 -1.503328
v 0.043233 0.054726 -1.438816
v 0.085166 0.073991 -1.480036
v 0.132596 0.095915 -1.512739
v 0.262594 1.484977 -0.671028
v 0.281426 1.507162 -0.774891
v 0.294937 1.523180 -0.853973
v 0.180424 1.489656 -0.673350
v 0.210641 1.513426 -0.786121
v 0.233109 1.530323 -0.869973
v 0.108101 1.484977 -0.712424
v 0.143724 1.507162 -0.811788
v 0.171564 1.523180 -0.887031
v 0.458896 1.294926 -0.829821
v 0.456951 1.311691 -0.872959
v 0.447465 1.332251 -0.926147
v 0.426752 1.383794 -0.780320
v 0.426449 1.401513 -0.829738
v 0.420029 1.422208 -0.886747
v 0.390324 1.438635 -0.736223
v 0.391456 1.456778 -0.797931
v 0.388383 1.475282 -0.859404
v 0.195475 -0.019408 -1.316608
v 0.246143 0.005384 -1.428361
v 0.279612 0.035431 -1.488124
v 0.335142 -0.027261 -1.250768
v 0.372088 -0.002407 -1.388653
v 0.391604 0.029090 -1.461486
v 0.489017 -0.019408 -1.237953
v 0.501014 0.005384 -1.360068
v 0.501911 0.035431 -1.428559
v 0.706404 1.362746 -0.822822
v 0.681481 1.453912 -0.788477
v 0.661021 1.505200 -0.755489
v 0.771054 1.366762 -0.771054
v 0.741561 1.458652 -0.741561
v 0.714053 1.511124 -0.714053
v 0.822822 1.362746 -0.706404
v 0.788477 1.453912 -0.681481
v 0.755489 1.505200 -0.661021
v 0.721885 0.232017 -1.213180
v 0.760384 0.246535 -1.224696
v 0.815377 0.264398 -1.228613
v 0.741599 0.127872 -1.235073
v 0.785202 0.143749 -1.246765
v 0.841383 0.162790 -1.250121
v 0.756849 0.054726 -1.224434
v 0.813773 0.073991 -1.239165
v 0.871201 0.095915 -1.243772
v 0.562927 1.484977 -0.449830
v 0.631168 1.507162 -0.530363
v 0.682410 1.523180 -0.592094
v 0.492927 1.489656 -0.492927
v 0.575481 1.513426 -0.575481
v 0.636864 1.530324 -0.636864
v 0.449830 1.484977 -0.562927
v 0.530363 1.507162 -0.631168
v 0.592094 1.523180 -0.682410
v 0.812326 1.294926 -0.489198
v 0.832211 1.311691 -0.527529
v 0.850589 1.332251 -0.578334
v 0.759738 1.383794 -0.462401
v 0.784184 1.401513 -0.505350
v 0.807129 1.422208 -0.557931
v 0.706142 1.438635 -0.442426
v 0.737976 1.456778 -0.495300
v 0.766051 1.475282 -0.550074
v 0.827590 -0.019407 -1.042478
v 0.927346 0.005384 -1.113925
v 0.986213 0.035431 -1.148947
v 0.915625 -0.027261 -0.915625
v 1.016564 -0.002407 -1.016564
v 1.069882 0.029090 -1.069882
v 1.042478 -0.019408 -0.827590
v 1.113925 0.005384 -0.927346
v 1.148947 0.035431 -0.986213
v 1.023175 1.362746 -0.359383
v 0.984419 1.453912 -0.342100
v 0.950205 1.505200 -0.323762
v 1.053280 1.366762 -0.282225
v 1.012991 1.458652 -0.271430
v 0.975415 1.511124 -0.261362
v 1.065787 1.362746 -0.200353
v 1.023582 1.453912 -0.195942
v 0.984783 1.505200 -0.194717
v 1.231761 0.232017 -0.689702
v 1.270859 0.246535 -0.680426
v 1.320443 0.264398 -0.656322
v 1.259780 0.127872 -0.698805
v 1.303387 0.143749 -0.687129
v 1.353720 0.162790 -0.661945
v 1.267668 0.054726 -0.681967
v 1.324331 0.073991 -0.666262
v 1.376369 0.095915 -0.641538
v 0.712424 1.484977 -0.108101
v 0.811788 1.507162 -0.143724
v 0.887031 1.523180 -0.171564
v 0.673350 1.489656 -0.180424
v 0.786121 1.513426 -0.210641
v 0.869973 1.530323 -0.233109
v 0.671028 1.484977 -0.262594
v 0.774891 1.507162 -0.281426
v 0.853974 1.523180 -0.294937
v 0.948094 1.294926 -0.017495
v 0.984480 1.311690 -0.040748
v 1.025799 1.332251 -0.075558
v 0.889152 1.383794 -0.020582
v 0.931798 1.401513 -0.045553
v 0.977960 1.422208 -0.079617
v 0.832750 1.438635 -0.030081
v 0.886756 1.456778 -0.059955
v 0.938457 1.475282 -0.093353
v 1.237953 -0.019408 -0.489017
v 1.360068 0.005384 -0.501014
v 1.428559 0.035431 -0.501911
v 1.250767 -0.027261 -0.335142
v 1.388653 -0.002407 -0.372088
v 1.461486 0.029090 -0.391604
v 1.316608 -0.019408 -0.195475
v 1.428361 0.005384 -0.246143
v 1.488124 0.035431 -0.279612
v 1.065787 1.362746 0.200353
v 1.023582 1.453912 0.195942
v 0.984783 1.505200 0.194717
v 1.053280 1.366762 0.282225
v 1.012990 1.458652 0.271430
v 0.975415 1.511124 0.261362
v 1.023175 1.362746 0.359383
v 0.984419 1.453912 0.342100
v 0.950206 1.505200 0.323762
v 1.411587 0.232017 0.018581
v 1.440809 0.246535 0.046164
v 1.471698 0.264398 0.091831
v 1.440405 0.127872 0.024707
v 1.472331 0.143749 0.056622
v 1.503328 0.162790 0.103599
v 1.438816 0.054726 0.043233
v 1.480036 0.073991 0.085166
v 1.512739 0.095915 0.132596
v 0.671028 1.484977 0.262594
v 0.774891 1.507162 0.281426
v 0.853973 1.523180 0.294937
v 0.673350 1.489656 0.180424
v 0.786121 1.513426 0.210641
v 0.869973 1.530323 0.233109
v 0.712424 1.484977 0.108101
v 0.811788 1.507162 0.143724
v 0.887031 1.523180 0.171564
v 0.829821 1.294926 0.458896
v 0.872959 1.311691 0.456951
v 0.926147 1.332251 0.447465
v 0.780320 1.383794 0.426752
v 0.829738 1.401513 0.426449
v 0.886747 1.422208 0.420029
v 0.736223 1.438635 0.390324
v 0.797931 1.456778 0.391456
v 0.859404 1.475282 0.388383
v 1.316608 -0.019408 0.195475
v 1.428361 0.005384 0.246143
v 1.488124 0.035431 0.279612
v 1.250768 -0.027261 0.335142
v 1.388653 -0.002407 0.372088
v 1.461486 0.029090 0.391604
v 1.237953 -0.019408 0.489017
v 1.360068 0.005384 0.501014
v 1.428559 0.035431 0.501911
v 0.822822 1.362746 0.706404
v 0.788477 1.453912 0.681481
v 0.755489 1.505200 0.661021
v 0.771054 1.366762 0.771054
v 0.741561 1.458652 0.741561
v 0.714053 1.511124 0.714053
v 0.706404 1.362746 0.822822
v 0.681481 1.453912 0.788477
v 0.661021 1.505200 0.755489
v 1.213180 0.232017 0.721885
v 1.224696 0.246535 0.760384
v 1.228613 0.264398 0.815377
v 1.235073 0.127872 0.741599
v 1.246765 0.143749 0.785202
v 1.250121 0.162790 0.841383
v 1.224434 0.054726 0.756849
v 1.239165 0.073991 0.813773
v 1.243772 0.095915 0.871201
v 0.449830 1.484977 0.562927
v 0.530363 1.507162 0.631168
v 0.592094 1.523180 0.682410
v 0.492927 1.489656 0.492927
v 0.575481 1.513426 0.575481
v 0.636864 1.530324 0.636864
v 0.562927 1.484977 0.449830
v 0.631168 1.507162 0.530363
v 0.682410 1.523180 0.592094
v 0.489198 1.294926 0.812326
v 0.527529 1.311691 0.832211
v 0.578334 1.332251 0.850589
v 0.462401 1.383794 0.759738
v 0.505350 1.401513 0.784184
v 0.557931 1.422208 0.807129
v 0.442426 1.438635 0.706142
v 0.495300 1.456778 0.737976
v 0.550074 1.475282 0.766051
v 1.042478 -0.019408 0.827590
v 1.113925 0.005384 0.927346
v 1.148947 0.035431 0.986213
v 0.915625 -0.027261 0.915625
v 1.016564 -0.002407 1.016564
v 1.069882 0.029090 1.069882
v 0.827590 -0.019408 1.042478
v 0.927346 0.005384 1.113925
v 0.986213 0.035431 1.148947
v 0.359383 1.362746 1.023175
v 0.342100 1.453912 0.984419
v 0.323762 1.505200 0.950205
v 0.282225 1.366762 1.053280
v 0.271430 1.458652 1.012991
v 0.261362 1.511124 0.975415
v 0.200353 1.362746 1.065787
v 0.195942 1.453912 1.023582
v 0.194717 1.505200 0.984783
v 0.689702 0.232017 1.231761
v 0.680426 0.246535 1.270859
v 0.656322 0.264398 1.320443
v 0.698805 0.127872 1.259780
v 0.687129 0.143749 1.303387
v 0.661945 0.162790 1.353720
v 0.681967 0.054726 1.267668
v 0.666262 0.073991 1.324331
v 0.641538 0.095915 1.376369
v 0.108101 1.484977 0.712424
v 0.143724 1.507162 0.811788
v 0.171564 1.523180 0.887031
v 0.180424 1.489656 0.673350
v 0.210641 1.513426 0.786121
v 0.233109 1.530323 0.869973
v 0.262594 1.484977 0.671028
v 0.281426 1.507162 0.774891
v 0.294937 1.523180 0.853974
v 0.017495 1.294926 0.948094
v 0.040748 1.311690 0.984480
v 0.075558 1.332251 1.025799
v 0.020582 1.383794 0.889152
v 0.045553 1.401513 0.931798
v 0.079617 1.422208 0.977960
v 0.030081 1.438635 0.832750
v 0.059955 1.456778 0.886756
v 0.093353 1.475282 0.938457
v 0.489017 -0.019408 1.237953
v 0.501014 0.005384 1.360068
v 0.501911 0.035431 1.428559
v 0.335142 -0.027261 1.250767
v 0.372088 -0.002407 1.388653
v 0.391604 0.029090 1.461486
v 0.195475 -0.019408 1.316608
v 0.246143 0.005384 1.428361
v 0.279612 0.035431 1.488124
v -0.200353 1.362746 1.065787
v -0.195942 1.453912 1.023582
v -0.194717 1.505200 0.984783
v -0.282225 1.366762 1.053280
v -0.271430 1.458652 1.012990
v -0.261362 1.511124 0.975415
v -0.359383 1.362746 1.023175
v -0.342100 1.453912 0.984419
v -0.323762 1.505200 0.950206
v -0.018581 0.232017 1.411587
v -0.046164 0.246535 1.440809
v -0.091831 0.264398 1.471698
v -0.024707 0.127872 1.440405
v -0.056622 0.143749 1.472331
v -0.103599 0.162790 1.503328
v -0.043233 0.054726 1.438816
v -0.085166 0.073991 1.480036
v -0.132596 0.095915 1.512739
v -0.262594 1.484977 0.671028
v -0.281426 1.507162 0.774891
v -0.294937 1.523180 0.853973
v -0.180424 1.489656 0.673350
v -0.210641 1.513426 0.786121
v -0.233109 1.530323 0.869973
v -0.108101 1.484977 0.712424
v -0.143724 1.507162 0.811788
v -0.171564 1.523180 0.887031
v -0.458896 1.294926 0.829821
v -0.456951 1.311691 0.872959
v -0.447465 1.332251 0.926147
v -0.426752 1.383794 0.780320
v -0.426449 1.401513 0.829738
v -0.420029 1.422208 0.886747
v -0.390324 1.438635 0.736223
v -0.391456 1.456778 0.797931
v -0.388383 1.475282 0.859404
v -0.195475 -0.019408 1.316608
v -0.246143 0.005384 1.428361
v -0.279612 0.035431 1.488124
v -0.335142 -0.027261 1.250768
v -0.372088 -0.002407 1.388653
v -0.391604 0.029090 1.461486
v -0.489017 -0.019408 1.237953
v -0.501014 0.005384 1.360068
v -0.501911 0.035431 1.428559
v -0.706404 1.362746 0.822822
v -0.681481 1.453912 0.788477
v -0.661021 1.505200 0.755489
v -0.771054 1.366762 0.771054
v -0.741561 1.458652 0.741561
v -0.714053 1.511124 0.714053
v -0.822822 1.362746 0.706404
v -0.788477 1.453912 0.681481
v -0.755489 1.505200 0.661021
v -0.721885 0.232017 1.213180
v -0.760384 0.246535 1.224696
v -0.815377 0.264398 1.228613
v -0.741599 0.127872 1.235073
v -0.785202 0.143749 1.246765
v -0.841383 0.162790 1.250121
v -0.756849 0.054726 1.224434
v -0.813773 0.073991 1.239165
v -0.871201 0.095915 1.243772
v -0.562927 1.484977 0.449830
v -0.631168 1.507162 0.530363
v -0.682410 1.523180 0.592094
v -0.492927 1.489656 0.492927
v -0.575481 1.513426 0.575481
v -0.636864 1.530324 0.636864
v -0.449830 1.484977 0.562927
v -0.530363 1.507162 0.631168
v -0.592094 1.523180 0.682410
v -0.812326 1.294926 0.489198
v -0.832211 1.311691 0.527529
v -0.850589 1.332251 0.578334
v -0.759738 1.383794 0.462401
v -0.784184 1.401513 0.505350
v -0.807129 1.422208 0.557931
v -0.706142 1.438635 0.442426
v -0.737976 1.456778 0.495300
v -0.766051 1.475282 0.550074
v -0.827590 -0.019408 1.042478
v -0.927346 0.005384 1.113925
v -0.986213 0.035431 1.148947
v -0.915625 -0.027261 0.915625
v -1.016564 -0.002407 1.016564
v -1.069882 0.029090 1.069882
v -1.042478 -0.019408 0.827590
v -1.113925 0.005384 0.927346
v -1.148947 0.035431 0.986213
v -1.023175 1.362746 0.359383
v -0.984419 1.453912 0.342100
v -0.950205 1.505200 0.323762
v -1.053280 1.366762 0.282225
v -1.012991 1.458652 0.271430
v -0.975415 1.511124 0.261362
v -1.065787 1.362746 0.200353
v -1.023582 1.453912 0.195942
v -0.984783 1.505200 0.194717
v -1.231761 0.232017 0.689702
v -1.270859 0.246535 0.680426
v -1.320443 0.264398 0.656322
v -1.259780 0.127872 0.698805
v -1.303387 0.143749 0.687129
v -1.353720 0.162790 0.661945
v -1.267668 0.054726 0.681967
v -1.324331 0.073991 0.666262
v -1.376369 0.095915 0.641538
v -0.712424 1.484977 0.108101
v -0.811788 1.507162 0.143724
v -0.887031 1.523180 0.171564
v -0.673350 1.489656 0.180424
v -0.786121 1.513426 0.210641
v -0.869973 1.530323 0.233109
v -0.671028 1.484977 0.262594
v -0.774891 1.507162 0.281426
v -0.853974 1.523180 0.294937
v -0.948094 1.294926 0.017495
v -0.984480 1.311690 0.040748
v -1.025799 1.332251 0.075558
v -0.889152 1.383794 0.020582
v -0.931798 1.401513 0.045553
v -0.977960 1.422208 0.079617
v -0.832750 1.438635 0.030081
v -0.886756 1.456778 0.059955
v -0.938457 1.475282 0.093353
v -1.237953 -0.019408 0.489017
v -1.360068 0.005384 0.501014
v -1.428559 0.035431 0.501911
v -1.250767 -0.027261 0.335142
v -1.388653 -0.002407 0.372088
v -1.461486 0.029090 0.391604
v -1.316608 -0.019408 0.195475
v -1.428361 0.005384 0.246143
v -1.488124 0.035431 0.279612
v -1.065787 1.362746 -0.200353
v -1.023582 1.453912 -0.195942
v -0.984783 1.505200 -0.194717
v -1.053280 1.366762 -0.282225
v -1.012990 1.458652 -0.271430
v -0.975415 1.511124 -0.261362
v -1.023175 1.362746 -0.359383
v -0.984419 1.453912 -0.342100
v -0.950206 1.505200 -0.323762
v -1.411587 0.232017 -0.018581
v -1.440809 0.246535 -0.046164
v -1.471698 0.264398 -0.091831
v -1.440405 0.127872 -0.024707
v -1.472331 0.143749 -0.056622
v -1.503328 0.162790 -0.103599
v -1.438816 0.054726 -0.043233
v -1.480036 0.073991 -0.085166
v -1.512739 0.095915 -0.132596
v -0.671028 1.484977 -0.262594
v -0.774891 1.507162 -0.281426
v -0.853973 1.523180 -0.294937
v -0.673350 1.489656 -0.180424
v -0.786121 1.513426 -0.210641
v -0.869973 1.530323 -0.233109
v -0.712424 1.484977 -0.108101
v -0.811788 1.507162 -0.143724
v -0.887031 1.523180 -0.171564
v -0.829821 1.294926 -0.458896
v -0.872959 1.311691 -0.456951
v -0.926147 1.332251 -0.447465
v -0.780320 1.383794 -0.426752
v -0.829738 1.401513 -0.426449
v -0.886747 1.422208 -0.420029
v -0.736223 1.438635 -0.390324
v -0.797931 1.456778 -0.391456
v -0.859404 1.475282 -0.388383
v -1.316608 -0.019408 -0.195475
v -1.428361 0.005384 -0.246143
v -1.488124 0.035431 -0.279612
v -1.250768 -0.027261 -0.335142
v -1.388653 -0.002407 -0.372088
v -1.461486 0.029090 -0.391604
v -1.237953 -0.019408 -0.489017
v -1.360068 0.005384 -0.501014
v -1.428559 0.035431 -0.501911
v -0.822822 1.362746 -0.706404
v -0.788477 1.453912 -0.681481
v -0.755489 1.505200 -0.661021
v -0.771054 1.366762 -0.771054
v -0.741561 1.458652 -0.741561
v -0.714053 1.511124 -0.714053
v -0.706404 1.362746 -0.822822
v -0.681481 1.453912 -0.788477
v -0.661021 1.505200 -0.755489
v -1.213180 0.232017 -0.721885
v -1.224696 0.246535 -0.760384
v -1.228613 0.264398 -0.815377
v -1.235073 0.127872 -0.741599
v -1.246765 0.143749 -0.785202
v -1.250121 0.162790 -0.841383
v -1.224434 0.054726 -0.756849
v -1.239165 0.073991 -0.813773
v -1.243772 0.095915 -0.871201
v -0.449830 1.484977 -0.562927
v -0.530363 1.507162 -0.631168
v -0.592094 1.523180 -0.682410
v -0.492927 1.489656 -0.492927
v -0.575481 1.513426 -0.575481
v -0.636864 1.530324 -0.636864
v -0.562927 1.484977 -0.449830
v -0.631168 1.507162 -0.530363
v -0.682410 1.523180 -0.592094
v -0.489198 1.294926 -0.812326
v -0.527529 1.311691 -0.832211
v -0.578334 1.332251 -0.850589
v -0.462401 1.383794 -0.759738
v -0.505350 1.401513 -0.784184
v -0.557931 1.422208 -0.807129
v -0.442426 1.438635 -0.706142
v -0.495300 1.456778 -0.737976
v -0.550074 1.475282 -0.766051
v -1.042478 -0.019408 -0.827590
v -1.113925 0.005384 -0.927346
v -1.148947 0.035431 -0.986213
v -0.915625 -0.027261 -0.915625
v -1.016564 -0.002407 -1.016564
v -1.069882 0.029090 -1.069882
v -0.827590 -0.019408 -1.042478
v -0.927346 0.005384 -1.113925
v -0.986213 0.035431 -1.148947
v -0.359383 1.362746 -1.023175
v -0.342100 1.453912 -0.984419
v -0.323762 1.505200 -0.950205
v -0.282225 1.366762 -1.053280
v -0.271430 1.458652 -1.012991
v -0.261362 1.511124 -0.975415
v -0.200353 1.362746 -1.065787
v -0.195942 1.453912 -1.023582
v -0.194717 1.505200 -0.984783
v -0.689702 0.232017 -1.231761
v -0.680426 0.246535 -1.270859
v -0.656322 0.264398 -1.320443
v -0.698805 0.127872 -1.259780
v -0.687129 0.143749 -1.303387
v -0.661945 0.162790 -1.353720
v -0.681967 0.054726 -1.267668
v -0.666262 0.073991 -1.324331
v -0.641538 0.095915 -1.376369
v -0.108101 1.484977 -0.712424
v -0.143724 1.507162 -0.811788
v -0.171564 1.523180 -0.887031
v -0.180424 1.489656 -0.673350
v -0.210641 1.513426 -0.786121
v -0.233109 1.530323 -0.869973
v -0.262594 1.484977 -0.671028
v -0.281426 1.507162 -0.774891
v -0.294937 1.523180 -0.853974
v -0.017495 1.294926 -0.948094
v -0.040748 1.311690 -0.984480
v -0.075558 1.332251 -1.025799
v -0.020582 1.383794 -0.889152
v -0.045553 1.401513 -0.931798
v -0.079617 1.422208 -0.977960
v -0.030081 1.438635 -0.832750
v -0.059955 1.456778 -0.886756
v -0.093353 1.475282 -0.938457
v -0.489017 -0.019408 -1.237953
v -0.501015 0.005384 -1.360068
v -0.501911 0.035431 -1.428559
v -0.335142 -0.027261 -1.250767
v -0.372088 -0.002407 -1.388653
v -0.391604 0.029090 -1.461486
v -0.195475 -0.019408 -1.316608
v -0.246143 0.005384 -1.428361
v -0.279612 0.035431 -1.488124
v -0.043233 0.054726 -1.438816
v -0.085166 0.073991 -1.480035
v -0.132596 0.095915 -1.512739
v -0.024707 0.127872 -1.440405
v -0.056622 0.143749 -1.472331
v -0.103599 0.162790 -1.503328
v -0.018581 0.232017 -1.411587
v -0.046164 0.246535 -1.440810
v -0.091830 0.264398 -1.471698
v -0.535512 0.981881 -0.962021
v -0.529999 0.996718 -1.000800
v -0.514295 1.015046 -1.049608
v -0.581036 0.773622 -1.041139
v -0.574243 0.788072 -1.079322
v -0.555797 0.805922 -1.127703
v -0.625287 0.563097 -1.118054
v -0.617524 0.577417 -1.156182
v -0.596713 0.595106 -1.204805
v -0.509789 0.118660 -1.466126
v -0.515937 0.188024 -1.453341
v -0.509261 0.290408 -1.422292
v -0.402585 0.119095 -1.502469
v -0.399897 0.190522 -1.492434
v -0.391705 0.293669 -1.461863
v -0.291573 0.118660 -1.524597
v -0.279856 0.188024 -1.516599
v -0.270113 0.290408 -1.486372
v -0.756849 0.054726 -1.224435
v -0.813773 0.073991 -1.239165
v -0.871201 0.095915 -1.243772
v -0.741599 0.127872 -1.235073
v -0.785202 0.143749 -1.246765
v -0.841383 0.162790 -1.250121
v -0.721885 0.232017 -1.213180
v -0.760384 0.246535 -1.224696
v -0.815377 0.264398 -1.228613
v -0.944777 0.981881 -0.565379
v -0.959393 0.996718 -0.601719
v -0.970196 1.015046 -0.651840
v -1.023761 0.773622 -0.611135
v -1.036971 0.788072 -0.647599
v -1.045186 0.805922 -0.698721
v -1.100541 0.563097 -0.655620
v -1.112882 0.577417 -0.692521
v -1.119171 0.595106 -0.745035
v -1.174553 0.118660 -1.014808
v -1.173485 0.188024 -1.000662
v -1.152179 0.290408 -0.977111
v -1.099883 0.119095 -1.099883
v -1.092538 0.190522 -1.092538
v -1.070158 0.293669 -1.070158
v -1.014808 0.118660 -1.174553
v -1.000662 0.188025 -1.173486
v -0.977110 0.290408 -1.152179
v -1.267668 0.054726 -0.681967
v -1.324331 0.073991 -0.666262
v -1.376368 0.095915 -0.641538
v -1.259781 0.127872 -0.698805
v -1.303387 0.143749 -0.687129
v -1.353720 0.162790 -0.661945
v -1.231761 0.232017 -0.689702
v -1.270860 0.246535 -0.680426
v -1.320444 0.264398 -0.656322
v -1.100891 0.981881 -0.017244
v -1.131718 0.996718 -0.041407
v -1.166135 1.015046 -0.079412
v -1.192171 0.773622 -0.017378
v -1.221843 0.788072 -0.042352
v -1.254518 0.805922 -0.082517
v -1.280907 0.563097 -0.017513
v -1.310045 0.577417 -0.043300
v -1.341748 0.595106 -0.085634
v -1.524597 0.118660 -0.291573
v -1.516599 0.188025 -0.279856
v -1.486372 0.290408 -0.270113
v -1.502468 0.119095 -0.402585
v -1.492434 0.190522 -0.399897
v -1.461863 0.293669 -0.391705
v -1.466126 0.118660 -0.509789
v -1.453341 0.188025 -0.515937
v -1.422292 0.290408 -0.509261
v -1.438816 0.054726 0.043233
v -1.480035 0.073991 0.085165
v -1.512739 0.095915 0.132596
v -1.440405 0.127872 0.024707
v -1.472331 0.143749 0.056622
v -1.503328 0.162790 0.103599
v -1.411587 0.232017 0.018581
v -1.440809 0.246535 0.046164
v -1.471699 0.264398 0.091831
v -0.962021 0.981881 0.535512
v -1.000800 0.996718 0.529999
v -1.049608 1.015046 0.514295
v -1.041139 0.773622 0.581036
v -1.079322 0.788072 0.574243
v -1.127703 0.805922 0.555797
v -1.118054 0.563097 0.625286
v -1.156182 0.577417 0.617524
v -1.204805 0.595106 0.596713
v -1.466126 0.118660 0.509789
v -1.453341 0.188024 0.515937
v -1.422292 0.290408 0.509261
v -1.502469 0.119095 0.402585
v -1.492434 0.190522 0.399897
v -1.461863 0.293669 0.391705
v -1.524597 0.118660 0.291573
v -1.516599 0.188025 0.279856
v -1.486372 0.290408 0.270113
v -1.224435 0.054726 0.756849
v -1.239165 0.073991 0.813773
v -1.243772 0.095915 0.871201
v -1.235073 0.127872 0.741599
v -1.246765 0.143749 0.785202
v -1.250121 0.162790 0.841384
v -1.213180 0.232017 0.721885
v -1.224696 0.246535 0.760384
v -1.228613 0.264398 0.815377
v -0.565379 0.981881 0.944777
v -0.601719 0.996718 0.959393
v -0.651840 1.015046 0.970196
v -0.611135 0.773622 1.023761
v -0.647599 0.788072 1.036971
v -0.698721 0.805922 1.045186
v -0.655620 0.563097 1.100541
v -0.692521 0.577417 1.112882
v -0.745035 0.595106 1.119171
v -1.014808 0.118660 1.174553
v -1.000662 0.188024 1.173485
v -0.977111 0.290408 1.152179
v -1.099883 0.119095 1.099883
v -1.092538 0.190522 1.092538
v -1.070158 0.293669 1.070158
v -1.174553 0.118660 1.014808
v -1.173485 0.188024 1.000662
v -1.152179 0.290408 0.977110
v -0.681967 0.054726 1.267668
v -0.666262 0.073991 1.324331
v -0.641538 0.095915 1.376368
v -0.698805 0.127872 1.259781
v -0.687129 0.143749 1.303387
v -0.661945 0.162790 1.353720
v -0.689702 0.232017 1.231761
v -0.680426 0.246535 1.270860
v -0.656322 0.264398 1.320444
v -0.017244 0.981881 1.100891
v -0.041407 0.996718 1.131718
v -0.079412 1.015046 1.166135
v -0.017378 0.773622 1.192171
v -0.042352 0.788072 1.221843
v -0.082517 0.805922 1.254518
v -0.017513 0.563097 1.280907
v -0.043300 0.577417 1.310045
v -0.085634 0.595106 1.341749
v -0.291573 0.118660 1.524597
v -0.279856 0.188024 1.516599
v -0.270113 0.290408 1.486372
v -0.402585 0.119095 1.502468
v -0.399897 0.190522 1.492434
v -0.391705 0.293669 1.461863
v -0.509789 0.118660 1.466126
v -0.515937 0.188025 1.453341
v -0.509261 0.290408 1.422292
v 0.043233 0.054726 1.438816
v 0.085165 0.073991 1.480035
v 0.132596 0.095915 1.512739
v 0.024707 0.127872 1.440405
v 0.056622 0.143749 1.472331
v 0.103599 0.162790 1.503328
v 0.018581 0.232017 1.411587
v 0.046164 0.246535 1.440809
v 0.091831 0.264398 1.471699
v 0.535512 0.981881 0.962021
v 0.529999 0.996718 1.000800
v 0.514295 1.015046 1.049608
v 0.581036 0.773622 1.041139
v 0.574243 0.788072 1.079322
v 0.555797 0.805922 1.127703
v 0.625287 0.563097 1.118054
v 0.617524 0.577417 1.156182
v 0.596713 0.595106 1.204805
v 0.509789 0.118660 1.466126
v 0.515937 0.188024 1.453341
v 0.509261 0.290408 1.422292
v 0.402585 0.119095 1.502469
v 0.399897 0.190522 1.492434
v 0.391705 0.293669 1.461863
v 0.291573 0.118660 1.524597
v 0.279856 0.188025 1.516599
v 0.270113 0.290408 1.486372
v 0.756849 0.054726 1.224435
v 0.813773 0.073991 1.239165
v 0.871201 0.095915 1.243772
v 0.741599 0.127872 1.235073
v 0.785202 0.143749 1.246765
v 0.841383 0.162790 1.250121
v 0.721885 0.232017 1.213180
v 0.760384 0.246535 1.224696
v 0.815377 0.264398 1.228613
v 0.944777 0.981881 0.565379
v 0.959393 0.996718 0.601719
v 0.970196 1.015046 0.651840
v 1.023761 0.773622 0.611135
v 1.036971 0.788072 0.647599
v 1.045186 0.805922 0.698721
v 1.100541 0.563097 0.655620
v 1.112882 0.577417 0.692521
v 1.119171 0.595106 0.745035
v 1.174553 0.118660 1.014808
v 1.173485 0.188024 1.000662
v 1.152179 0.290408 0.977111
v 1.099883 0.119095 1.099883
v 1.092538 0.190522 1.092538
v 1.070158 0.293669 1.070158
v 1.014808 0.118660 1.174553
v 1.000662 0.188025 1.173486
v 0.977110 0.290408 1.152179
v 1.267668 0.054726 0.681967
v 1.324331 0.073991 0.666262
v 1.376368 0.095915 0.641538
v 1.259781 0.127872 0.698805
v 1.303387 0.143749 0.687129
v 1.353720 0.162790 0.661945
v 1.231761 0.232017 0.689702
v 1.270860 0.246535 0.680426
v 1.320444 0.264398 0.656322
v 1.100891 0.981881 0.017244
v 1.131718 0.996718 0.041407
v 1.166135 1.015046 0.079412
v 1.192171 0.773622 0.017378
v 1.221843 0.788072 0.042352
v 1.254518 0.805922 0.082517
v 1.280907 0.563097 0.017513
v 1.310045 0.577417 0.043300
v 1.341748 0.595106 0.085634
v 1.524597 0.118660 0.291573
v 1.516599 0.188025 0.279856
v 1.486372 0.290408 0.270113
v 1.502468 0.119095 0.402585
v 1.492434 0.190522 0.399897
v 1.461863 0.293669 0.391705
v 1.466126 0.118660 0.509789
v 1.453341 0.188025 0.515937
v 1.422292 0.290408 0.509261
v 1.438816 0.054726 -0.043233
v 1.480035 0.073991 -0.085165
v 1.512739 0.095915 -0.132596
v 1.440405 0.127872 -0.024707
v 1.472331 0.143749 -0.056622
v 1.503328 0.162790 -0.103599
v 1.411587 0.232017 -0.018581
v 1.440810 0.246535 -0.046164
v 1.471698 0.264398 -0.091830
v 0.962021 0.981881 -0.535512
v 1.000800 0.996718 -0.529999
v 1.049608 1.015046 -0.514295
v 1.041139 0.773622 -0.581036
v 1.079322 0.788072 -0.574243
v 1.127703 0.805922 -0.555797
v 1.118054 0.563097 -0.625287
v 1.156182 0.577417 -0.617524
v 1.204805 0.595106 -0.596713
v 1.466126 0.118660 -0.509789
v 1.453341 0.188024 -0.515937
v 1.422292 0.290408 -0.509261
v 1.502469 0.119095 -0.402585
v 1.492434 0.190522 -0.399897
v 1.461863 0.293669 -0.391705
v 1.524597 0.118660 -0.291573
v 1.516599 0.188024 -0.279856
v 1.486372 0.290408 -0.270113
v 1.224435 0.054726 -0.756849
v 1.239165 0.073991 -0.813773
v 1.243772 0.095915 -0.871201
v 1.235073 0.127872 -0.741599
v 1.246765 0.143749 -0.785202
v 1.250121 0.162790 -0.841383
v 1.213180 0.232017 -0.721885
v 1.224696 0.246535 -0.760384
v 1.228613 0.264398 -0.815377
v 0.565379 0.981881 -0.944777
v 0.601719 0.996718 -0.959393
v 0.651840 1.015046 -0.970196
v 0.611135 0.773622 -1.023761
v 0.647599 0.788072 -1.036971
v 0.698721 0.805922 -1.045186
v 0.655620 0.563097 -1.100541
v 0.692521 0.577417 -1.112882
v 0.745035 0.595106 -1.119171
v 1.014808 0.118660 -1.174553
v 1.000662 0.188024 -1.173485
v 0.977111 0.290408 -1.152179
v 1.099883 0.119095 -1.099883
v 1.092538 0.190522 -1.092538
v 1.070158 0.293669 -1.070158
v 1.174553 0.118660 -1.014808
v 1.173486 0.188025 -1.000662
v 1.152179 0.290408 -0.977110
v 0.681967 0.054726 -1.267668
v 0.666262 0.073991 -1.324331
v 0.641538 0.095915 -1.376368
v 0.698805 0.127872 -1.259781
v 0.687129 0.143749 -1.303387
v 0.661945 0.162790 -1.353720
v 0.689702 0.232017 -1.231761
v 0.680426 0.246535 -1.270860
v 0.656322 0.264398 -1.320444
v 0.017244 0.981881 -1.100891
v 0.041407 0.996718 -1.131718
v 0.079412 1.015046 -1.166135
v 0.017378 0.773622 -1.192171
v 0.042352 0.788072 -1.221843
v 0.082517 0.805922 -1.254518
v 0.017513 0.563097 -1.280907
v 0.043300 0.577417 -1.310045
v 0.085634 0.595106 -1.341749
v 0.291573 0.118660 -1.524597
v 0.279856 0.188024 -1.516599
v 0.270113 0.290408 -1.486372
v 0.402585 0.119095 -1.502468
v 0.399897 0.190522 -1.492434
v 0.391705 0.293669 -1.461863
v 0.509789 0.118660 -1.466126
v 0.515937 0.188025 -1.453341
v 0.509261 0.290408 -1.422292
v 0.030081 1.438635 -0.832750
v 0.059955 1.456778 -0.886756
v 0.093353 1.475282 -0.938457
v 0.020582 1.383794 -0.889152
v 0.045553 1.401513 -0.931798
v 0.079617 1.422208 -0.977960
v 0.017495 1.294926 -0.948094
v 0.040748 1.311691 -0.984480
v 0.075558 1.332251 -1.025799
v 0.442426 1.438635 -0.706142
v 0.495300 1.456778 -0.737976
v 0.550074 1.475282 -0.766051
v 0.462401 1.383795 -0.759738
v 0.505350 1.401514 -0.784184
v 0.557931 1.422208 -0.807129
v 0.489198 1.294926 -0.812326
v 0.527529 1.311691 -0.832211
v 0.578334 1.332251 -0.850589
v 0.736223 1.438635 -0.390324
v 0.797931 1.456778 -0.391456
v 0.859404 1.475282 -0.388383
v 0.780319 1.383795 -0.426752
v 0.829738 1.401514 -0.426449
v 0.886747 1.422208 -0.420029
v 0.829821 1.294926 -0.458896
v 0.872959 1.311691 -0.456951
v 0.926147 1.332251 -0.447465
v 0.832750 1.438635 0.030081
v 0.886756 1.456778 0.059955
v 0.938457 1.475282 0.093353
v 0.889152 1.383794 0.020582
v 0.931798 1.401514 0.045553
v 0.977960 1.422208 0.079617
v 0.948094 1.294926 0.017495
v 0.984481 1.311691 0.040748
v 1.025799 1.332251 0.075558
v 0.706142 1.438635 0.442426
v 0.737976 1.456778 0.495300
v 0.766051 1.475282 0.550074
v 0.759738 1.383795 0.462401
v 0.784184 1.401514 0.505350
v 0.807129 1.422208 0.557931
v 0.812326 1.294926 0.489198
v 0.832211 1.311691 0.527529
v 0.850589 1.332251 0.578334
v 0.390324 1.438635 0.736223
v 0.391456 1.456778 0.797931
v 0.388383 1.475282 0.859404
v 0.426752 1.383795 0.780320
v 0.426449 1.401514 0.829738
v 0.420029 1.422208 0.886747
v 0.458896 1.294926 0.829821
v 0.456951 1.311691 0.872959
v 0.447465 1.332251 0.926147
v -0.030081 1.438635 0.832750
v -0.059955 1.456778 0.886756
v -0.093353 1.475282 0.938457
v -0.020582 1.383794 0.889152
v -0.045553 1.401513 0.931798
v -0.079617 1.422208 0.977960
v -0.017495 1.294926 0.948094
v -0.040748 1.311691 0.984480
v -0.075558 1.332251 1.025799
v -0.442426 1.438635 0.706142
v -0.495300 1.456778 0.737976
v -0.550074 1.475282 0.766051
v -0.462401 1.383795 0.759738
v -0.505350 1.401514 0.784184
v -0.557931 1.422208 0.807129
v -0.489198 1.294926 0.812326
v -0.527529 1.311691 0.832211
v -0.578334 1.332251 0.850589
v -0.736223 1.438635 0.390324
v -0.797931 1.456778 0.391456
v -0.859404 1.475282 0.388383
v -0.780320 1.383795 0.426752
v -0.829738 1.401514 0.426449
v -0.886747 1.422208 0.420029
v -0.829821 1.294926 0.458896
v -0.872959 1.311691 0.456951
v -0.926147 1.332251 0.447465
v -0.832750 1.438635 -0.030081
v -0.886756 1.456778 -0.059955
v -0.938457 1.475282 -0.093353
v -0.889152 1.383794 -0.020582
v -0.931798 1.401514 -0.045553
v -0.977960 1.422208 -0.079617
v -0.948094 1.294926 -0.017495
v -0.984481 1.311691 -0.040748
v -1.025799 1.332251 -0.075558
v -0.706142 1.438635 -0.442426
v -0.737976 1.456778 -0.495300
v -0.766051 1.475282 -0.550074
v -0.759738 1.383795 -0.462401
v -0.784184 1.401514 -0.505350
v -0.807129 1.422208 -0.557931
v -0.812326 1.294926 -0.489198
v -0.832211 1.311691 -0.527529
v -0.850589 1.332251 -0.578334
v -0.390324 1.438635 -0.736223
v -0.391456 1.456778 -0.797931
v -0.388383 1.475282 -0.859404
v -0.426752 1.383795 -0.780319
v -0.426449 1.401514 -0.829738
v -0.420029 1.422208 -0.886747
v -0.458896 1.294926 -0.829821
v -0.456951 1.311691 -0.872959
v -0.447465 1.332251 -0.926147
v -0.017513 0.563097 -1.280907
v -0.043300 0.577417 -1.310045
v -0.085634 0.595106 -1.341748
v -0.017378 0.773622 -1.192171
v -0.042352 0.788072 -1.221842
v -0.082517 0.805922 -1.254518
v -0.017244 0.981881 -1.100891
v -0.041407 0.996718 -1.131718
v -0.079412 1.015046 -1.166135
v -0.465134 0.621219 -1.302766
v -0.435289 0.832272 -1.223276
v -0.405393 1.042102 -1.143788
v -0.358869 0.624588 -1.339319
v -0.337016 0.835672 -1.257762
v -0.315197 1.045593 -1.176331
v -0.248566 0.621219 -1.360796
v -0.234666 0.832272 -1.277033
v -0.220814 1.042102 -1.193246
v -0.655620 0.563097 -1.100541
v -0.692521 0.577417 -1.112882
v -0.745035 0.595106 -1.119171
v -0.611135 0.773622 -1.023761
v -0.647599 0.788072 -1.036970
v -0.698721 0.805922 -1.045186
v -0.565379 0.981881 -0.944777
v -0.601719 0.996718 -0.959393
v -0.651840 1.015046 -0.970196
v -1.054201 0.621219 -0.895662
v -0.988610 0.832272 -0.841743
v -0.922974 1.042102 -0.787853
v -0.980449 0.624588 -0.980450
v -0.920746 0.835672 -0.920746
v -0.861134 1.045593 -0.861134
v -0.895662 0.621219 -1.054201
v -0.841743 0.832272 -0.988610
v -0.787853 1.042102 -0.922974
v -1.118054 0.563097 -0.625287
v -1.156182 0.577417 -0.617524
v -1.204805 0.595106 -0.596713
v -1.041139 0.773622 -0.581036
v -1.079322 0.788072 -0.574243
v -1.127703 0.805922 -0.555797
v -0.962021 0.981881 -0.535512
v -1.000800 0.996718 -0.529999
v -1.049608 1.015046 -0.514295
v -1.360796 0.621219 -0.248566
v -1.277033 0.832272 -0.234666
v -1.193246 1.042102 -0.220814
v -1.339319 0.624588 -0.358869
v -1.257762 0.835672 -0.337016
v -1.176331 1.045593 -0.315197
v -1.302766 0.621219 -0.465134
v -1.223276 0.832272 -0.435289
v -1.143788 1.042102 -0.405393
v -1.280907 0.563097 0.017513
v -1.310045 0.577417 0.043300
v -1.341749 0.595106 0.085634
v -1.192171 0.773622 0.017378
v -1.221842 0.788072 0.042352
v -1.254518 0.805922 0.082517
v -1.100891 0.981881 0.017244
v -1.131718 0.996718 0.041407
v -1.166135 1.015046 0.079412
v -1.302766 0.621219 0.465134
v -1.223276 0.832272 0.435289
v -1.143788 1.042102 0.405393
v -1.339319 0.624588 0.358869
v -1.257762 0.835672 0.337016
v -1.176331 1.045593 0.315197
v -1.360796 0.621219 0.248566
v -1.277033 0.832272 0.234666
v -1.193246 1.042102 0.220814
v -1.100541 0.563097 0.655620
v -1.112882 0.577417 0.692521
v -1.119171 0.595106 0.745035
v -1.023761 0.773622 0.611135
v -1.036970 0.788072 0.647599
v -1.045186 0.805922 0.698721
v -0.944777 0.981881 0.565379
v -0.959393 0.996718 0.601719
v -0.970196 1.015046 0.651840
v -0.895662 0.621219 1.054201
v -0.841743 0.832272 0.988610
v -0.787853 1.042102 0.922974
v -0.980450 0.624588 0.980450
v -0.920746 0.835672 0.920746
v -0.861134 1.045593 0.861134
v -1.054201 0.621219 0.895662
v -0.988610 0.832272 0.841743
v -0.922974 1.042102 0.787853
v -0.625287 0.563097 1.118054
v -0.617524 0.577417 1.156182
v -0.596713 0.595106 1.204805
v -0.581036 0.773622 1.041139
v -0.574243 0.788072 1.079322
v -0.555797 0.805922 1.127703
v -0.535512 0.981881 0.962021
v -0.529999 0.996718 1.000800
v -0.514295 1.015046 1.049608
v -0.248566 0.621219 1.360796
v -0.234666 0.832272 1.277033
v -0.220814 1.042102 1.193246
v -0.358869 0.624588 1.339319
v -0.337016 0.835672 1.257762
v -0.315197 1.045593 1.176331
v -0.465134 0.621219 1.302766
v -0.435289 0.832272 1.223276
v -0.405393 1.042102 1.143788
v 0.017513 0.563097 1.280907
v 0.043300 0.577417 1.310045
v 0.085634 0.595106 1.341749
v 0.017378 0.773622 1.192171
v 0.042352 0.788072 1.221842
v 0.082517 0.805922 1.254518
v 0.017244 0.981881 1.100891
v 0.041407 0.996718 1.131718
v 0.079412 1.015046 1.166135
v 0.465134 0.621219 1.302766
v 0.435289 0.832272 1.223276
v 0.405393 1.042102 1.143788
v 0.358869 0.624588 1.339319
v 0.337016 0.835672 1.257762
v 0.315197 1.045593 1.176331
v 0.248566 0.621219 1.360796
v 0.234666 0.832272 1.277033
v 0.220814 1.042102 1.193246
v 0.655620 0.563097 1.100541
v 0.692521 0.577417 1.112882
v 0.745035 0.595106 1.119171
v 0.611135 0.773622 1.023761
v 0.647599 0.788072 1.036970
v 0.698721 0.805922 1.045186
v 0.565379 0.981881 0.944777
v 0.601719 0.996718 0.959393
v 0.651840 1.015046 0.970196
v 1.054201 0.621219 0.895662
v 0.988610 0.832272 0.841743
v 0.922974 1.042102 0.787853
v 0.980449 0.624588 0.980450
v 0.920746 0.835672 0.920746
v 0.861134 1.045593 0.861134
v 0.895662 0.621219 1.054201
v 0.841743 0.832272 0.988610
v 0.787853 1.042102 0.922974
v 1.118054 0.563097 0.625287
v 1.156182 0.577417 0.617524
v 1.204805 0.595106 0.596713
v 1.041139 0.773622 0.581036
v 1.079322 0.788072 0.574243
v 1.127703 0.805922 0.555797
v 0.962021 0.981881 0.535512
v 1.000800 0.996718 0.529999
v 1.049608 1.015046 0.514295
v 1.360796 0.621219 0.248566
v 1.277033 0.832272 0.234666
v 1.193246 1.042102 0.220814
v 1.339319 0.624588 0.358869
v 1.257762 0.835672 0.337016
v 1.176331 1.045593 0.315197
v 1.302766 0.621219 0.465134
v 1.223276 0.832272 0.435289
v 1.143788 1.042102 0.405393
v 1.280907 0.563097 -0.017513
v 1.310045 0.577417 -0.043300
v 1.341748 0.595106 -0.085634
v 1.192171 0.773622 -0.017378
v 1.221842 0.788072 -0.042352
v 1.254518 0.805922 -0.082517
v 1.100891 0.981881 -0.017244
v 1.131718 0.996718 -0.041407
v 1.166135 1.015046 -0.079412
v 1.302766 0.621219 -0.465134
v 1.223276 0.832272 -0.435289
v 1.143788 1.042102 -0.405393
v 1.339319 0.624588 -0.358869
v 1.257762 0.835672 -0.337016
v 1.176331 1.045593 -0.315197
v 1.360796 0.621219 -0.248566
v 1.277033 0.832272 -0.234666
v 1.193246 1.042102 -0.220814
v 1.100541 0.563097 -0.655620
v 1.112882 0.577417 -0.692521
v 1.119171 0.595106 -0.745035
v 1.023761 0.773622 -0.611135
v 1.036970 0.788072 -0.647599
v 1.045186 0.805922 -0.698721
v 0.944777 0.981881 -0.565379
v 0.959393 0.996718 -0.601719
v 0.970196 1.015046 -0.651840
v 0.895662 0.621219 -1.054201
v 0.841743 0.832272 -0.988610
v 0.787853 1.042102 -0.922974
v 0.980450 0.624588 -0.980449
v 0.920746 0.835672 -0.920746
v 0.861134 1.045593 -0.861134
v 1.054201 0.621219 -0.895662
v 0.988610 0.832272 -0.841743
v 0.922974 1.042102 -0.787853
v 0.625287 0.563097 -1.118054
v 0.617524 0.577417 -1.156182
v 0.596713 0.595106 -1.204805
v 0.581036 0.773622 -1.041139
v 0.574243 0.788072 -1.079322
v 0.555797 0.805922 -1.127703
v 0.535512 0.981881 -0.962021
v 0.529999 0.996718 -1.000800
v 0.514295 1.015046 -1.049608
v 0.248566 0.621219 -1.360796
v 0.234666 0.832272 -1.277033
v 0.220814 1.042102 -1.193246
v 0.358869 0.624588 -1.339319
v 0.337016 0.835672 -1.257762
v 0.315197 1.045593 -1.176331
v 0.465134 0.621219 -1.302766
v 0.435289 0.832272 -1.223276
v 0.405393 1.042102 -1.143788
s 1
f 974 975 973 997
f 976 977 973 975
f 978 979 973 977
f 980 981 973 979
f 982 983 973 981
f 984 985 973 983
f 986 987 973 985
f 988 989 973 987
f 990 991 973 989
f 992 993 973 991
f 994 995 973 993
f 996 997 973 995
f 4 148 974 162
f 148 149 975 974
f 162 974 997 161
f 2 250 976 150
f 250 251 977 976
f 150 976 975 149
f 24 241 978 252
f 241 242 979 978
f 252 978 977 251
f 22 232 980 243
f 232 233 981 980
f 243 980 979 242
f 20 223 982 234
f 223 224 983 982
f 234 982 981 233
f 18 214 984 225
f 214 215 985 984
f 225 984 983 224
f 16 205 986 216
f 205 206 987 986
f 216 986 985 215
f 14 196 988 207
f 196 197 989 988
f 207 988 987 206
f 12 187 990 198
f 187 188 991 990
f 198 990 989 197
f 10 178 992 189
f 178 179 993 992
f 189 992 991 188
f 8 169 994 180
f 169 170 995 994
f 180 994 993 179
f 6 160 996 171
f 160 161 997 996
f 171 996 995 170
f 999 1000 998 1022
f 1001 1002 998 1000
f 1003 1004 998 1002
f 1005 1006 998 1004
f 1007 1008 998 1006
f 1009 1010 998 1008
f 1011 1012 998 1010
f 1013 1014 998 1012
f 1015 1016 998 1014
f 1017 1018 998 1016
f 1019 1020 998 1018
f 1021 1022 998 1020
f 1 145 999 249
f 145 146 1000 999
f 249 999 1022 248
f 3 157 1001 147
f 157 158 1002 1001
f 147 1001 1000 146
f 5 166 1003 159
f 166 167 1004 1003
f 159 1003 1002 158
f 7 175 1005 168
f 175 176 1006 1005
f 168 1005 1004 167
f 9 184 1007 177
f 184 185 1008 1007
f 177 1007 1006 176
f 11 193 1009 186
f 193 194 1010 1009
f 186 1009 1008 185
f 13 202 1011 195
f 202 203 1012 1011
f 195 1011 1010 194
f 15 211 1013 204
f 211 212 1014 1013
f 204 1013 1012 203
f 17 220 1015 213
f 220 221 1016 1015
f 213 1015 1014 212
f 19 229 1017 222
f 229 230 1018 1017
f 222 1017 1016 221
f 21 238 1019 231
f 238 239 1020 1019
f 231 1019 1018 230
f 23 247 1021 240
f 247 248 1022 1021
f 240 1021 1020 239
f 1023 1024 1027 1026
f 1024 1025 1028 1027
f 1026 1027 1030 1029
f 1027 1028 1031 1030
f 133 831 1023 970
f 831 830 1024 1023
f 830 829 1025 1024
f 829 26 258 1025
f 1025 258 257 1028
f 1028 257 256 1031
f 1031 256 27 261
f 1030 1031 261 260
f 1029 1030 260 259
f 972 1029 259 110
f 971 1026 1029 972
f 970 1023 1026 971
f 1032 1033 1036 1035
f 1033 1034 1037 1036
f 1035 1036 1039 1038
f 1036 1037 1040 1039
f 73 753 1032 543
f 753 752 1033 1032
f 752 751 1034 1033
f 751 85 253 1034
f 1034 253 254 1037
f 1037 254 255 1040
f 1040 255 25 268
f 1039 1040 268 269
f 1038 1039 269 270
f 541 1038 270 1
f 542 1035 1038 541
f 543 1032 1035 542
f 1041 1042 1045 1044
f 1042 1043 1046 1045
f 1044 1045 1048 1047
f 1045 1046 1049 1048
f 4 271 1041 148
f 271 272 1042 1041
f 272 273 1043 1042
f 273 27 256 1043
f 1043 256 257 1046
f 1046 257 258 1049
f 1049 258 26 267
f 1048 1049 267 266
f 1047 1048 266 265
f 150 1047 265 2
f 149 1044 1047 150
f 148 1041 1044 149
f 1050 1051 1054 1053
f 1051 1052 1055 1054
f 1053 1054 1057 1056
f 1054 1055 1058 1057
f 122 969 1050 798
f 969 968 1051 1050
f 968 967 1052 1051
f 967 110 259 1052
f 1052 259 260 1055
f 1055 260 261 1058
f 1058 261 27 273
f 1057 1058 273 272
f 1056 1057 272 271
f 796 1056 271 4
f 797 1053 1056 796
f 798 1050 1053 797
f 1059 1060 1063 1062
f 1060 1061 1064 1063
f 1062 1063 1066 1065
f 1063 1064 1067 1066
f 1 270 1059 145
f 270 269 1060 1059
f 269 268 1061 1060
f 268 25 262 1061
f 1061 262 263 1064
f 1064 263 264 1067
f 1067 264 28 276
f 1066 1067 276 275
f 1065 1066 275 274
f 147 1065 274 3
f 146 1062 1065 147
f 145 1059 1062 146
f 1068 1069 1072 1071
f 1069 1070 1073 1072
f 1071 1072 1075 1074
f 1072 1073 1076 1075
f 134 834 1068 964
f 834 833 1069 1068
f 833 832 1070 1069
f 832 30 282 1070
f 1070 282 281 1073
f 1073 281 280 1076
f 1076 280 31 285
f 1075 1076 285 284
f 1074 1075 284 283
f 966 1074 283 111
f 965 1071 1074 966
f 964 1068 1071 965
f 1077 1078 1081 1080
f 1078 1079 1082 1081
f 1080 1081 1084 1083
f 1081 1082 1085 1084
f 74 744 1077 154
f 744 743 1078 1077
f 743 742 1079 1078
f 742 87 277 1079
f 1079 277 278 1082
f 1082 278 279 1085
f 1085 279 29 292
f 1084 1085 292 293
f 1083 1084 293 294
f 156 1083 294 3
f 155 1080 1083 156
f 154 1077 1080 155
f 1086 1087 1090 1089
f 1087 1088 1091 1090
f 1089 1090 1093 1092
f 1090 1091 1094 1093
f 6 295 1086 160
f 295 296 1087 1086
f 296 297 1088 1087
f 297 31 280 1088
f 1088 280 281 1091
f 1091 281 282 1094
f 1094 282 30 291
f 1093 1094 291 290
f 1092 1093 290 289
f 162 1092 289 4
f 161 1089 1092 162
f 160 1086 1089 161
f 1095 1096 1099 1098
f 1096 1097 1100 1099
f 1098 1099 1102 1101
f 1099 1100 1103 1102
f 123 963 1095 801
f 963 962 1096 1095
f 962 961 1097 1096
f 961 111 283 1097
f 1097 283 284 1100
f 1100 284 285 1103
f 1103 285 31 297
f 1102 1103 297 296
f 1101 1102 296 295
f 799 1101 295 6
f 800 1098 1101 799
f 801 1095 1098 800
f 1104 1105 1108 1107
f 1105 1106 1109 1108
f 1107 1108 1111 1110
f 1108 1109 1112 1111
f 3 294 1104 157
f 294 293 1105 1104
f 293 292 1106 1105
f 292 29 286 1106
f 1106 286 287 1109
f 1109 287 288 1112
f 1112 288 32 300
f 1111 1112 300 299
f 1110 1111 299 298
f 159 1110 298 5
f 158 1107 1110 159
f 157 1104 1107 158
f 1113 1114 1117 1116
f 1114 1115 1118 1117
f 1116 1117 1120 1119
f 1117 1118 1121 1120
f 135 837 1113 958
f 837 836 1114 1113
f 836 835 1115 1114
f 835 34 306 1115
f 1115 306 305 1118
f 1118 305 304 1121
f 1121 304 35 309
f 1120 1121 309 308
f 1119 1120 308 307
f 960 1119 307 112
f 959 1116 1119 960
f 958 1113 1116 959
f 1122 1123 1126 1125
f 1123 1124 1127 1126
f 1125 1126 1129 1128
f 1126 1127 1130 1129
f 75 735 1122 163
f 735 734 1123 1122
f 734 733 1124 1123
f 733 89 301 1124
f 1124 301 302 1127
f 1127 302 303 1130
f 1130 303 33 316
f 1129 1130 316 317
f 1128 1129 317 318
f 165 1128 318 5
f 164 1125 1128 165
f 163 1122 1125 164
f 1131 1132 1135 1134
f 1132 1133 1136 1135
f 1134 1135 1138 1137
f 1135 1136 1139 1138
f 8 319 1131 169
f 319 320 1132 1131
f 320 321 1133 1132
f 321 35 304 1133
f 1133 304 305 1136
f 1136 305 306 1139
f 1139 306 34 315
f 1138 1139 315 314
f 1137 1138 314 313
f 171 1137 313 6
f 170 1134 1137 171
f 169 1131 1134 170
f 1140 1141 1144 1143
f 1141 1142 1145 1144
f 1143 1144 1147 1146
f 1144 1145 1148 1147
f 124 957 1140 804
f 957 956 1141 1140
f 956 955 1142 1141
f 955 112 307 1142
f 1142 307 308 1145
f 1145 308 309 1148
f 1148 309 35 321
f 1147 1148 321 320
f 1146 1147 320 319
f 802 1146 319 8
f 803 1143 1146 802
f 804 1140 1143 803
f 1149 1150 1153 1152
f 1150 1151 1154 1153
f 1152 1153 1156 1155
f 1153 1154 1157 1156
f 5 318 1149 166
f 318 317 1150 1149
f 317 316 1151 1150
f 316 33 310 1151
f 1151 310 311 1154
f 1154 311 312 1157
f 1157 312 36 324
f 1156 1157 324 323
f 1155 1156 323 322
f 168 1155 322 7
f 167 1152 1155 168
f 166 1149 1152 167
f 1158 1159 1162 1161
f 1159 1160 1163 1162
f 1161 1162 1165 1164
f 1162 1163 1166 1165
f 136 840 1158 952
f 840 839 1159 1158
f 839 838 1160 1159
f 838 38 330 1160
f 1160 330 329 1163
f 1163 329 328 1166
f 1166 328 39 333
f 1165 1166 333 332
f 1164 1165 332 331
f 954 1164 331 113
f 953 1161 1164 954
f 952 1158 1161 953
f 1167 1168 1171 1170
f 1168 1169 1172 1171
f 1170 1171 1174 1173
f 1171 1172 1175 1174
f 76 726 1167 172
f 726 725 1168 1167
f 725 724 1169 1168
f 724 91 325 1169
f 1169 325 326 1172
f 1172 326 327 1175
f 1175 327 37 340
f 1174 1175 340 341
f 1173 1174 341 342
f 174 1173 342 7
f 173 1170 1173 174
f 172 1167 1170 173
f 1176 1177 1180 1179
f 1177 1178 1181 1180
f 1179 1180 1183 1182
f 1180 1181 1184 1183
f 10 343 1176 178
f 343 344 1177 1176
f 344 345 1178 1177
f 345 39 328 1178
f 1178 328 329 1181
f 1181 329 330 1184
f 1184 330 38 339
f 1183 1184 339 338
f 1182 1183 338 337
f 180 1182 337 8
f 179 1179 1182 180
f 178 1176 1179 179
f 1185 1186 1189 1188
f 1186 1187 1190 1189
f 1188 1189 1192 1191
f 1189 1190 1193 1192
f 125 951 1185 807
f 951 950 1186 1185
f 950 949 1187 1186
f 949 113 331 1187
f 1187 331 332 1190
f 1190 332 333 1193
f 1193 333 39 345
f 1192 1193 345 344
f 1191 1192 344 343
f 805 1191 343 10
f 806 1188 1191 805
f 807 1185 1188 806
f 1194 1195 1198 1197
f 1195 1196 1199 1198
f 1197 1198 1201 1200
f 1198 1199 1202 1201
f 7 342 1194 175
f 342 341 1195 1194
f 341 340 1196 1195
f 340 37 334 1196
f 1196 334 335 1199
f 1199 335 336 1202
f 1202 336 40 348
f 1201 1202 348 347
f 1200 1201 347 346
f 177 1200 346 9
f 176 1197 1200 177
f 175 1194 1197 176
f 1203 1204 1207 1206
f 1204 1205 1208 1207
f 1206 1207 1210 1209
f 1207 1208 1211 1210
f 137 843 1203 946
f 843 842 1204 1203
f 842 841 1205 1204
f 841 42 354 1205
f 1205 354 353 1208
f 1208 353 352 1211
f 1211 352 43 357
f 1210 1211 357 356
f 1209 1210 356 355
f 948 1209 355 114
f 947 1206 1209 948
f 946 1203 1206 947
f 1212 1213 1216 1215
f 1213 1214 1217 1216
f 1215 1216 1219 1218
f 1216 1217 1220 1219
f 77 717 1212 181
f 717 716 1213 1212
f 716 715 1214 1213
f 715 93 349 1214
f 1214 349 350 1217
f 1217 350 351 1220
f 1220 351 41 364
f 1219 1220 364 365
f 1218 1219 365 366
f 183 1218 366 9
f 182 1215 1218 183
f 181 1212 1215 182
f 1221 1222 1225 1224
f 1222 1223 1226 1225
f 1224 1225 1228 1227
f 1225 1226 1229 1228
f 12 367 1221 187
f 367 368 1222 1221
f 368 369 1223 1222
f 369 43 352 1223
f 1223 352 353 1226
f 1226 353 354 1229
f 1229 354 42 363
f 1228 1229 363 362
f 1227 1228 362 361
f 189 1227 361 10
f 188 1224 1227 189
f 187 1221 1224 188
f 1230 1231 1234 1233
f 1231 1232 1235 1234
f 1233 1234 1237 1236
f 1234 1235 1238 1237
f 126 945 1230 810
f 945 944 1231 1230
f 944 943 1232 1231
f 943 114 355 1232
f 1232 355 356 1235
f 1235 356 357 1238
f 1238 357 43 369
f 1237 1238 369 368
f 1236 1237 368 367
f 808 1236 367 12
f 809 1233 1236 808
f 810 1230 1233 809
f 1239 1240 1243 1242
f 1240 1241 1244 1243
f 1242 1243 1246 1245
f 1243 1244 1247 1246
f 9 366 1239 184
f 366 365 1240 1239
f 365 364 1241 1240
f 364 41 358 1241
f 1241 358 359 1244
f 1244 359 360 1247
f 1247 360 44 372
f 1246 1247 372 371
f 1245 1246 371 370
f 186 1245 370 11
f 185 1242 1245 186
f 184 1239 1242 185
f 1248 1249 1252 1251
f 1249 1250 1253 1252
f 1251 1252 1255 1254
f 1252 1253 1256 1255
f 138 846 1248 940
f 846 845 1249 1248
f 845 844 1250 1249
f 844 46 378 1250
f 1250 378 377 1253
f 1253 377 376 1256
f 1256 376 47 381
f 1255 1256 381 380
f 1254 1255 380 379
f 942 1254 379 115
f 941 1251 1254 942
f 940 1248 1251 941
f 1257 1258 1261 1260
f 1258 1259 1262 1261
f 1260 1261 1264 1263
f 1261 1262 1265 1264
f 78 708 1257 190
f 708 707 1258 1257
f 707 706 1259 1258
f 706 95 373 1259
f 1259 373 374 1262
f 1262 374 375 1265
f 1265 375 45 388
f 1264 1265 388 389
f 1263 1264 389 390
f 192 1263 390 11
f 191 1260 1263 192
f 190 1257 1260 191
f 1266 1267 1270 1269
f 1267 1268 1271 1270
f 1269 1270 1273 1272
f 1270 1271 1274 1273
f 14 391 1266 196
f 391 392 1267 1266
f 392 393 1268 1267
f 393 47 376 1268
f 1268 376 377 1271
f 1271 377 378 1274
f 1274 378 46 387
f 1273 1274 387 386
f 1272 1273 386 385
f 198 1272 385 12
f 197 1269 1272 198
f 196 1266 1269 197
f 1275 1276 1279 1278
f 1276 1277 1280 1279
f 1278 1279 1282 1281
f 1279 1280 1283 1282
f 127 939 1275 813
f 939 938 1276 1275
f 938 937 1277 1276
f 937 115 379 1277
f 1277 379 380 1280
f 1280 380 381 1283
f 1283 381 47 393
f 1282 1283 393 392
f 1281 1282 392 391
f 811 1281 391 14
f 812 1278 1281 811
f 813 1275 1278 812
f 1284 1285 1288 1287
f 1285 1286 1289 1288
f 1287 1288 1291 1290
f 1288 1289 1292 1291
f 11 390 1284 193
f 390 389 1285 1284
f 389 388 1286 1285
f 388 45 382 1286
f 1286 382 383 1289
f 1289 383 384 1292
f 1292 384 48 396
f 1291 1292 396 395
f 1290 1291 395 394
f 195 1290 394 13
f 194 1287 1290 195
f 193 1284 1287 194
f 1293 1294 1297 1296
f 1294 1295 1298 1297
f 1296 1297 1300 1299
f 1297 1298 1301 1300
f 139 849 1293 934
f 849 848 1294 1293
f 848 847 1295 1294
f 847 50 402 1295
f 1295 402 401 1298
f 1298 401 400 1301
f 1301 400 51 405
f 1300 1301 405 404
f 1299 1300 404 403
f 936 1299 403 116
f 935 1296 1299 936
f 934 1293 1296 935
f 1302 1303 1306 1305
f 1303 1304 1307 1306
f 1305 1306 1309 1308
f 1306 1307 1310 1309
f 79 699 1302 199
f 699 698 1303 1302
f 698 697 1304 1303
f 697 97 397 1304
f 1304 397 398 1307
f 1307 398 399 1310
f 1310 399 49 412
f 1309 1310 412 413
f 1308 1309 413 414
f 201 1308 414 13
f 200 1305 1308 201
f 199 1302 1305 200
f 1311 1312 1315 1314
f 1312 1313 1316 1315
f 1314 1315 1318 1317
f 1315 1316 1319 1318
f 16 415 1311 205
f 415 416 1312 1311
f 416 417 1313 1312
f 417 51 400 1313
f 1313 400 401 1316
f 1316 401 402 1319
f 1319 402 50 411
f 1318 1319 411 410
f 1317 1318 410 409
f 207 1317 409 14
f 206 1314 1317 207
f 205 1311 1314 206
f 1320 1321 1324 1323
f 1321 1322 1325 1324
f 1323 1324 1327 1326
f 1324 1325 1328 1327
f 128 933 1320 816
f 933 932 1321 1320
f 932 931 1322 1321
f 931 116 403 1322
f 1322 403 404 1325
f 1325 404 405 1328
f 1328 405 51 417
f 1327 1328 417 416
f 1326 1327 416 415
f 814 1326 415 16
f 815 1323 1326 814
f 816 1320 1323 815
f 1329 1330 1333 1332
f 1330 1331 1334 1333
f 1332 1333 1336 1335
f 1333 1334 1337 1336
f 13 414 1329 202
f 414 413 1330 1329
f 413 412 1331 1330
f 412 49 406 1331
f 1331 406 407 1334
f 1334 407 408 1337
f 1337 408 52 420
f 1336 1337 420 419
f 1335 1336 419 418
f 204 1335 418 15
f 203 1332 1335 204
f 202 1329 1332 203
f 1338 1339 1342 1341
f 1339 1340 1343 1342
f 1341 1342 1345 1344
f 1342 1343 1346 1345
f 140 852 1338 928
f 852 851 1339 1338
f 851 850 1340 1339
f 850 54 426 1340
f 1340 426 425 1343
f 1343 425 424 1346
f 1346 424 55 429
f 1345 1346 429 428
f 1344 1345 428 427
f 930 1344 427 117
f 929 1341 1344 930
f 928 1338 1341 929
f 1347 1348 1351 1350
f 1348 1349 1352 1351
f 1350 1351 1354 1353
f 1351 1352 1355 1354
f 80 690 1347 208
f 690 689 1348 1347
f 689 688 1349 1348
f 688 99 421 1349
f 1349 421 422 1352
f 1352 422 423 1355
f 1355 423 53 436
f 1354 1355 436 437
f 1353 1354 437 438
f 210 1353 438 15
f 209 1350 1353 210
f 208 1347 1350 209
f 1356 1357 1360 1359
f 1357 1358 1361 1360
f 1359 1360 1363 1362
f 1360 1361 1364 1363
f 18 439 1356 214
f 439 440 1357 1356
f 440 441 1358 1357
f 441 55 424 1358
f 1358 424 425 1361
f 1361 425 426 1364
f 1364 426 54 435
f 1363 1364 435 434
f 1362 1363 434 433
f 216 1362 433 16
f 215 1359 1362 216
f 214 1356 1359 215
f 1365 1366 1369 1368
f 1366 1367 1370 1369
f 1368 1369 1372 1371
f 1369 1370 1373 1372
f 129 927 1365 819
f 927 926 1366 1365
f 926 925 1367 1366
f 925 117 427 1367
f 1367 427 428 1370
f 1370 428 429 1373
f 1373 429 55 441
f 1372 1373 441 440
f 1371 1372 440 439
f 817 1371 439 18
f 818 1368 1371 817
f 819 1365 1368 818
f 1374 1375 1378 1377
f 1375 1376 1379 1378
f 1377 1378 1381 1380
f 1378 1379 1382 1381
f 15 438 1374 211
f 438 437 1375 1374
f 437 436 1376 1375
f 436 53 430 1376
f 1376 430 431 1379
f 1379 431 432 1382
f 1382 432 56 444
f 1381 1382 444 443
f 1380 1381 443 442
f 213 1380 442 17
f 212 1377 1380 213
f 211 1374 1377 212
f 1383 1384 1387 1386
f 1384 1385 1388 1387
f 1386 1387 1390 1389
f 1387 1388 1391 1390
f 141 855 1383 922
f 855 854 1384 1383
f 854 853 1385 1384
f 853 58 450 1385
f 1385 450 449 1388
f 1388 449 448 1391
f 1391 448 59 453
f 1390 1391 453 452
f 1389 1390 452 451
f 924 1389 451 118
f 923 1386 1389 924
f 922 1383 1386 923
f 1392 1393 1396 1395
f 1393 1394 1397 1396
f 1395 1396 1399 1398
f 1396 1397 1400 1399
f 81 681 1392 217
f 681 680 1393 1392
f 680 679 1394 1393
f 679 101 445 1394
f 1394 445 446 1397
f 1397 446 447 1400
f 1400 447 57 460
f 1399 1400 460 461
f 1398 1399 461 462
f 219 1398 462 17
f 218 1395 1398 219
f 217 1392 1395 218
f 1401 1402 1405 1404
f 1402 1403 1406 1405
f 1404 1405 1408 1407
f 1405 1406 1409 1408
f 20 463 1401 223
f 463 464 1402 1401
f 464 465 1403 1402
f 465 59 448 1403
f 1403 448 449 1406
f 1406 449 450 1409
f 1409 450 58 459
f 1408 1409 459 458
f 1407 1408 458 457
f 225 1407 457 18
f 224 1404 1407 225
f 223 1401 1404 224
f 1410 1411 1414 1413
f 1411 1412 1415 1414
f 1413 1414 1417 1416
f 1414 1415 1418 1417
f 130 921 1410 822
f 921 920 1411 1410
f 920 919 1412 1411
f 919 118 451 1412
f 1412 451 452 1415
f 1415 452 453 1418
f 1418 453 59 465
f 1417 1418 465 464
f 1416 1417 464 463
f 820 1416 463 20
f 821 1413 1416 820
f 822 1410 1413 821
f 1419 1420 1423 1422
f 1420 1421 1424 1423
f 1422 1423 1426 1425
f 1423 1424 1427 1426
f 17 462 1419 220
f 462 461 1420 1419
f 461 460 1421 1420
f 460 57 454 1421
f 1421 454 455 1424
f 1424 455 456 1427
f 1427 456 60 468
f 1426 1427 468 467
f 1425 1426 467 466
f 222 1425 466 19
f 221 1422 1425 222
f 220 1419 1422 221
f 1428 1429 1432 1431
f 1429 1430 1433 1432
f 1431 1432 1435 1434
f 1432 1433 1436 1435
f 142 858 1428 916
f 858 857 1429 1428
f 857 856 1430 1429
f 856 62 474 1430
f 1430 474 473 1433
f 1433 473 472 1436
f 1436 472 63 477
f 1435 1436 477 476
f 1434 1435 476 475
f 918 1434 475 119
f 917 1431 1434 918
f 916 1428 1431 917
f 1437 1438 1441 1440
f 1438 1439 1442 1441
f 1440 1441 1444 1443
f 1441 1442 1445 1444
f 82 672 1437 226
f 672 671 1438 1437
f 671 670 1439 1438
f 670 103 469 1439
f 1439 469 470 1442
f 1442 470 471 1445
f 1445 471 61 484
f 1444 1445 484 485
f 1443 1444 485 486
f 228 1443 486 19
f 227 1440 1443 228
f 226 1437 1440 227
f 1446 1447 1450 1449
f 1447 1448 1451 1450
f 1449 1450 1453 1452
f 1450 1451 1454 1453
f 22 487 1446 232
f 487 488 1447 1446
f 488 489 1448 1447
f 489 63 472 1448
f 1448 472 473 1451
f 1451 473 474 1454
f 1454 474 62 483
f 1453 1454 483 482
f 1452 1453 482 481
f 234 1452 481 20
f 233 1449 1452 234
f 232 1446 1449 233
f 1455 1456 1459 1458
f 1456 1457 1460 1459
f 1458 1459 1462 1461
f 1459 1460 1463 1462
f 131 915 1455 825
f 915 914 1456 1455
f 914 913 1457 1456
f 913 119 475 1457
f 1457 475 476 1460
f 1460 476 477 1463
f 1463 477 63 489
f 1462 1463 489 488
f 1461 1462 488 487
f 823 1461 487 22
f 824 1458 1461 823
f 825 1455 1458 824
f 1464 1465 1468 1467
f 1465 1466 1469 1468
f 1467 1468 1471 1470
f 1468 1469 1472 1471
f 19 486 1464 229
f 486 485 1465 1464
f 485 484 1466 1465
f 484 61 478 1466
f 1466 478 479 1469
f 1469 479 480 1472
f 1472 480 64 492
f 1471 1472 492 491
f 1470 1471 491 490
f 231 1470 490 21
f 230 1467 1470 231
f 229 1464 1467 230
f 1473 1474 1477 1476
f 1474 1475 1478 1477
f 1476 1477 1480 1479
f 1477 1478 1481 1480
f 143 861 1473 910
f 861 860 1474 1473
f 860 859 1475 1474
f 859 66 498 1475
f 1475 498 497 1478
f 1478 497 496 1481
f 1481 496 67 501
f 1480 1481 501 500
f 1479 1480 500 499
f 912 1479 499 120
f 911 1476 1479 912
f 910 1473 1476 911
f 1482 1483 1486 1485
f 1483 1484 1487 1486
f 1485 1486 1489 1488
f 1486 1487 1490 1489
f 83 663 1482 235
f 663 662 1483 1482
f 662 661 1484 1483
f 661 105 493 1484
f 1484 493 494 1487
f 1487 494 495 1490
f 1490 495 65 508
f 1489 1490 508 509
f 1488 1489 509 510
f 237 1488 510 21
f 236 1485 1488 237
f 235 1482 1485 236
f 1491 1492 1495 1494
f 1492 1493 1496 1495
f 1494 1495 1498 1497
f 1495 1496 1499 1498
f 24 511 1491 241
f 511 512 1492 1491
f 512 513 1493 1492
f 513 67 496 1493
f 1493 496 497 1496
f 1496 497 498 1499
f 1499 498 66 507
f 1498 1499 507 506
f 1497 1498 506 505
f 243 1497 505 22
f 242 1494 1497 243
f 241 1491 1494 242
f 1500 1501 1504 1503
f 1501 1502 1505 1504
f 1503 1504 1507 1506
f 1504 1505 1508 1507
f 132 909 1500 828
f 909 908 1501 1500
f 908 907 1502 1501
f 907 120 499 1502
f 1502 499 500 1505
f 1505 500 501 1508
f 1508 501 67 513
f 1507 1508 513 512
f 1506 1507 512 511
f 826 1506 511 24
f 827 1503 1506 826
f 828 1500 1503 827
f 1509 1510 1513 1512
f 1510 1511 1514 1513
f 1512 1513 1516 1515
f 1513 1514 1517 1516
f 21 510 1509 238
f 510 509 1510 1509
f 509 508 1511 1510
f 508 65 502 1511
f 1511 502 503 1514
f 1514 503 504 1517
f 1517 504 68 516
f 1516 1517 516 515
f 1515 1516 515 514
f 240 1515 514 23
f 239 1512 1515 240
f 238 1509 1512 239
f 1518 1519 1522 1521
f 1519 1520 1523 1522
f 1521 1522 1525 1524
f 1522 1523 1526 1525
f 144 864 1518 904
f 864 863 1519 1518
f 863 862 1520 1519
f 862 70 522 1520
f 1520 522 521 1523
f 1523 521 520 1526
f 1526 520 71 525
f 1525 1526 525 524
f 1524 1525 524 523
f 906 1524 523 121
f 905 1521 1524 906
f 904 1518 1521 905
f 1527 1528 1531 1530
f 1528 1529 1532 1531
f 1530 1531 1534 1533
f 1531 1532 1535 1534
f 84 654 1527 244
f 654 653 1528 1527
f 653 652 1529 1528
f 652 107 517 1529
f 1529 517 518 1532
f 1532 518 519 1535
f 1535 519 69 532
f 1534 1535 532 533
f 1533 1534 533 534
f 246 1533 534 23
f 245 1530 1533 246
f 244 1527 1530 245
f 1536 1537 1540 1539
f 1537 1538 1541 1540
f 1539 1540 1543 1542
f 1540 1541 1544 1543
f 2 535 1536 250
f 535 536 1537 1536
f 536 537 1538 1537
f 537 71 520 1538
f 1538 520 521 1541
f 1541 521 522 1544
f 1544 522 70 531
f 1543 1544 531 530
f 1542 1543 530 529
f 252 1542 529 24
f 251 1539 1542 252
f 250 1536 1539 251
f 1545 1546 1549 1548
f 1546 1547 1550 1549
f 1548 1549 1552 1551
f 1549 1550 1553 1552
f 109 903 1545 151
f 903 902 1546 1545
f 902 901 1547 1546
f 901 121 523 1547
f 1547 523 524 1550
f 1550 524 525 1553
f 1553 525 71 537
f 1552 1553 537 536
f 1551 1552 536 535
f 153 1551 535 2
f 152 1548 1551 153
f 151 1545 1548 152
f 1554 1555 1558 1557
f 1555 1556 1559 1558
f 1557 1558 1561 1560
f 1558 1559 1562 1561
f 23 534 1554 247
f 534 533 1555 1554
f 533 532 1556 1555
f 532 69 526 1556
f 1556 526 527 1559
f 1559 527 528 1562
f 1562 528 72 540
f 1561 1562 540 539
f 1560 1561 539 538
f 249 1560 538 1
f 248 1557 1560 249
f 247 1554 1557 248
f 1563 1564 1567 1566
f 1564 1565 1568 1567
f 1566 1567 1570 1569
f 1567 1568 1571 1570
f 1 538 1563 541
f 538 539 1564 1563
f 539 540 1565 1564
f 540 72 646 1565
f 1565 646 647 1568
f 1568 647 648 1571
f 1571 648 108 649
f 1570 1571 649 650
f 1569 1570 650 651
f 543 1569 651 73
f 542 1566 1569 543
f 541 1563 1566 542
f 1572 1573 1576 1575
f 1573 1574 1577 1576
f 1575 1576 1579 1578
f 1576 1577 1580 1579
f 132 900 1572 574
f 900 899 1573 1572
f 899 898 1574 1573
f 898 144 643 1574
f 1574 643 644 1577
f 1577 644 645 1580
f 1580 645 107 652
f 1579 1580 652 653
f 1578 1579 653 654
f 576 1578 654 84
f 575 1575 1578 576
f 574 1572 1575 575
f 1581 1582 1585 1584
f 1582 1583 1586 1585
f 1584 1585 1588 1587
f 1585 1586 1589 1588
f 69 519 1581 526
f 519 518 1582 1581
f 518 517 1583 1582
f 517 107 655 1583
f 1583 655 656 1586
f 1586 656 657 1589
f 1589 657 108 648
f 1588 1589 648 647
f 1587 1588 647 646
f 528 1587 646 72
f 527 1584 1587 528
f 526 1581 1584 527
f 1590 1591 1594 1593
f 1591 1592 1595 1594
f 1593 1594 1597 1596
f 1594 1595 1598 1597
f 23 514 1590 246
f 514 515 1591 1590
f 515 516 1592 1591
f 516 68 640 1592
f 1592 640 641 1595
f 1595 641 642 1598
f 1598 642 106 658
f 1597 1598 658 659
f 1596 1597 659 660
f 244 1596 660 84
f 245 1593 1596 244
f 246 1590 1593 245
f 1599 1600 1603 1602
f 1600 1601 1604 1603
f 1602 1603 1606 1605
f 1603 1604 1607 1606
f 131 897 1599 571
f 897 896 1600 1599
f 896 895 1601 1600
f 895 143 637 1601
f 1601 637 638 1604
f 1604 638 639 1607
f 1607 639 105 661
f 1606 1607 661 662
f 1605 1606 662 663
f 573 1605 663 83
f 572 1602 1605 573
f 571 1599 1602 572
f 1608 1609 1612 1611
f 1609 1610 1613 1612
f 1611 1612 1615 1614
f 1612 1613 1616 1615
f 65 495 1608 502
f 495 494 1609 1608
f 494 493 1610 1609
f 493 105 664 1610
f 1610 664 665 1613
f 1613 665 666 1616
f 1616 666 106 642
f 1615 1616 642 641
f 1614 1615 641 640
f 504 1614 640 68
f 503 1611 1614 504
f 502 1608 1611 503
f 1617 1618 1621 1620
f 1618 1619 1622 1621
f 1620 1621 1624 1623
f 1621 1622 1625 1624
f 21 490 1617 237
f 490 491 1618 1617
f 491 492 1619 1618
f 492 64 634 1619
f 1619 634 635 1622
f 1622 635 636 1625
f 1625 636 104 667
f 1624 1625 667 668
f 1623 1624 668 669
f 235 1623 669 83
f 236 1620 1623 235
f 237 1617 1620 236
f 1626 1627 1630 1629
f 1627 1628 1631 1630
f 1629 1630 1633 1632
f 1630 1631 1634 1633
f 130 894 1626 568
f 894 893 1627 1626
f 893 892 1628 1627
f 892 142 631 1628
f 1628 631 632 1631
f 1631 632 633 1634
f 1634 633 103 670
f 1633 1634 670 671
f 1632 1633 671 672
f 570 1632 672 82
f 569 1629 1632 570
f 568 1626 1629 569
f 1635 1636 1639 1638
f 1636 1637 1640 1639
f 1638 1639 1642 1641
f 1639 1640 1643 1642
f 61 471 1635 478
f 471 470 1636 1635
f 470 469 1637 1636
f 469 103 673 1637
f 1637 673 674 1640
f 1640 674 675 1643
f 1643 675 104 636
f 1642 1643 636 635
f 1641 1642 635 634
f 480 1641 634 64
f 479 1638 1641 480
f 478 1635 1638 479
f 1644 1645 1648 1647
f 1645 1646 1649 1648
f 1647 1648 1651 1650
f 1648 1649 1652 1651
f 19 466 1644 228
f 466 467 1645 1644
f 467 468 1646 1645
f 468 60 628 1646
f 1646 628 629 1649
f 1649 629 630 1652
f 1652 630 102 676
f 1651 1652 676 677
f 1650 1651 677 678
f 226 1650 678 82
f 227 1647 1650 226
f 228 1644 1647 227
f 1653 1654 1657 1656
f 1654 1655 1658 1657
f 1656 1657 1660 1659
f 1657 1658 1661 1660
f 129 891 1653 565
f 891 890 1654 1653
f 890 889 1655 1654
f 889 141 625 1655
f 1655 625 626 1658
f 1658 626 627 1661
f 1661 627 101 679
f 1660 1661 679 680
f 1659 1660 680 681
f 567 1659 681 81
f 566 1656 1659 567
f 565 1653 1656 566
f 1662 1663 1666 1665
f 1663 1664 1667 1666
f 1665 1666 1669 1668
f 1666 1667 1670 1669
f 57 447 1662 454
f 447 446 1663 1662
f 446 445 1664 1663
f 445 101 682 1664
f 1664 682 683 1667
f 1667 683 684 1670
f 1670 684 102 630
f 1669 1670 630 629
f 1668 1669 629 628
f 456 1668 628 60
f 455 1665 1668 456
f 454 1662 1665 455
f 1671 1672 1675 1674
f 1672 1673 1676 1675
f 1674 1675 1678 1677
f 1675 1676 1679 1678
f 17 442 1671 219
f 442 443 1672 1671
f 443 444 1673 1672
f 444 56 622 1673
f 1673 622 623 1676
f 1676 623 624 1679
f 1679 624 100 685
f 1678 1679 685 686
f 1677 1678 686 687
f 217 1677 687 81
f 218 1674 1677 217
f 219 1671 1674 218
f 1680 1681 1684 1683
f 1681 1682 1685 1684
f 1683 1684 1687 1686
f 1684 1685 1688 1687
f 128 888 1680 562
f 888 887 1681 1680
f 887 886 1682 1681
f 886 140 619 1682
f 1682 619 620 1685
f 1685 620 621 1688
f 1688 621 99 688
f 1687 1688 688 689
f 1686 1687 689 690
f 564 1686 690 80
f 563 1683 1686 564
f 562 1680 1683 563
f 1689 1690 1693 1692
f 1690 1691 1694 1693
f 1692 1693 1696 1695
f 1693 1694 1697 1696
f 53 423 1689 430
f 423 422 1690 1689
f 422 421 1691 1690
f 421 99 691 1691
f 1691 691 692 1694
f 1694 692 693 1697
f 1697 693 100 624
f 1696 1697 624 623
f 1695 1696 623 622
f 432 1695 622 56
f 431 1692 1695 432
f 430 1689 1692 431
f 1698 1699 1702 1701
f 1699 1700 1703 1702
f 1701 1702 1705 1704
f 1702 1703 1706 1705
f 15 418 1698 210
f 418 419 1699 1698
f 419 420 1700 1699
f 420 52 616 1700
f 1700 616 617 1703
f 1703 617 618 1706
f 1706 618 98 694
f 1705 1706 694 695
f 1704 1705 695 696
f 208 1704 696 80
f 209 1701 1704 208
f 210 1698 1701 209
f 1707 1708 1711 1710
f 1708 1709 1712 1711
f 1710 1711 1714 1713
f 1711 1712 1715 1714
f 127 885 1707 559
f 885 884 1708 1707
f 884 883 1709 1708
f 883 139 613 1709
f 1709 613 614 1712
f 1712 614 615 1715
f 1715 615 97 697
f 1714 1715 697 698
f 1713 1714 698 699
f 561 1713 699 79
f 560 1710 1713 561
f 559 1707 1710 560
f 1716 1717 1720 1719
f 1717 1718 1721 1720
f 1719 1720 1723 1722
f 1720 1721 1724 1723
f 49 399 1716 406
f 399 398 1717 1716
f 398 397 1718 1717
f 397 97 700 1718
f 1718 700 701 1721
f 1721 701 702 1724
f 1724 702 98 618
f 1723 1724 618 617
f 1722 1723 617 616
f 408 1722 616 52
f 407 1719 1722 408
f 406 1716 1719 407
f 1725 1726 1729 1728
f 1726 1727 1730 1729
f 1728 1729 1732 1731
f 1729 1730 1733 1732
f 13 394 1725 201
f 394 395 1726 1725
f 395 396 1727 1726
f 396 48 610 1727
f 1727 610 611 1730
f 1730 611 612 1733
f 1733 612 96 703
f 1732 1733 703 704
f 1731 1732 704 705
f 199 1731 705 79
f 200 1728 1731 199
f 201 1725 1728 200
f 1734 1735 1738 1737
f 1735 1736 1739 1738
f 1737 1738 1741 1740
f 1738 1739 1742 1741
f 126 882 1734 556
f 882 881 1735 1734
f 881 880 1736 1735
f 880 138 607 1736
f 1736 607 608 1739
f 1739 608 609 1742
f 1742 609 95 706
f 1741 1742 706 707
f 1740 1741 707 708
f 558 1740 708 78
f 557 1737 1740 558
f 556 1734 1737 557
f 1743 1744 1747 1746
f 1744 1745 1748 1747
f 1746 1747 1750 1749
f 1747 1748 1751 1750
f 45 375 1743 382
f 375 374 1744 1743
f 374 373 1745 1744
f 373 95 709 1745
f 1745 709 710 1748
f 1748 710 711 1751
f 1751 711 96 612
f 1750 1751 612 611
f 1749 1750 611 610
f 384 1749 610 48
f 383 1746 1749 384
f 382 1743 1746 383
f 1752 1753 1756 1755
f 1753 1754 1757 1756
f 1755 1756 1759 1758
f 1756 1757 1760 1759
f 11 370 1752 192
f 370 371 1753 1752
f 371 372 1754 1753
f 372 44 604 1754
f 1754 604 605 1757
f 1757 605 606 1760
f 1760 606 94 712
f 1759 1760 712 713
f 1758 1759 713 714
f 190 1758 714 78
f 191 1755 1758 190
f 192 1752 1755 191
f 1761 1762 1765 1764
f 1762 1763 1766 1765
f 1764 1765 1768 1767
f 1765 1766 1769 1768
f 125 879 1761 553
f 879 878 1762 1761
f 878 877 1763 1762
f 877 137 601 1763
f 1763 601 602 1766
f 1766 602 603 1769
f 1769 603 93 715
f 1768 1769 715 716
f 1767 1768 716 717
f 555 1767 717 77
f 554 1764 1767 555
f 553 1761 1764 554
f 1770 1771 1774 1773
f 1771 1772 1775 1774
f 1773 1774 1777 1776
f 1774 1775 1778 1777
f 41 351 1770 358
f 351 350 1771 1770
f 350 349 1772 1771
f 349 93 718 1772
f 1772 718 719 1775
f 1775 719 720 1778
f 1778 720 94 606
f 1777 1778 606 605
f 1776 1777 605 604
f 360 1776 604 44
f 359 1773 1776 360
f 358 1770 1773 359
f 1779 1780 1783 1782
f 1780 1781 1784 1783
f 1782 1783 1786 1785
f 1783 1784 1787 1786
f 9 346 1779 183
f 346 347 1780 1779
f 347 348 1781 1780
f 348 40 598 1781
f 1781 598 599 1784
f 1784 599 600 1787
f 1787 600 92 721
f 1786 1787 721 722
f 1785 1786 722 723
f 181 1785 723 77
f 182 1782 1785 181
f 183 1779 1782 182
f 1788 1789 1792 1791
f 1789 1790 1793 1792
f 1791 1792 1795 1794
f 1792 1793 1796 1795
f 124 876 1788 550
f 876 875 1789 1788
f 875 874 1790 1789
f 874 136 595 1790
f 1790 595 596 1793
f 1793 596 597 1796
f 1796 597 91 724
f 1795 1796 724 725
f 1794 1795 725 726
f 552 1794 726 76
f 551 1791 1794 552
f 550 1788 1791 551
f 1797 1798 1801 1800
f 1798 1799 1802 1801
f 1800 1801 1804 1803
f 1801 1802 1805 1804
f 37 327 1797 334
f 327 326 1798 1797
f 326 325 1799 1798
f 325 91 727 1799
f 1799 727 728 1802
f 1802 728 729 1805
f 1805 729 92 600
f 1804 1805 600 599
f 1803 1804 599 598
f 336 1803 598 40
f 335 1800 1803 336
f 334 1797 1800 335
f 1806 1807 1810 1809
f 1807 1808 1811 1810
f 1809 1810 1813 1812
f 1810 1811 1814 1813
f 7 322 1806 174
f 322 323 1807 1806
f 323 324 1808 1807
f 324 36 592 1808
f 1808 592 593 1811
f 1811 593 594 1814
f 1814 594 90 730
f 1813 1814 730 731
f 1812 1813 731 732
f 172 1812 732 76
f 173 1809 1812 172
f 174 1806 1809 173
f 1815 1816 1819 1818
f 1816 1817 1820 1819
f 1818 1819 1822 1821
f 1819 1820 1823 1822
f 123 873 1815 547
f 873 872 1816 1815
f 872 871 1817 1816
f 871 135 589 1817
f 1817 589 590 1820
f 1820 590 591 1823
f 1823 591 89 733
f 1822 1823 733 734
f 1821 1822 734 735
f 549 1821 735 75
f 548 1818 1821 549
f 547 1815 1818 548
f 1824 1825 1828 1827
f 1825 1826 1829 1828
f 1827 1828 1831 1830
f 1828 1829 1832 1831
f 33 303 1824 310
f 303 302 1825 1824
f 302 301 1826 1825
f 301 89 736 1826
f 1826 736 737 1829
f 1829 737 738 1832
f 1832 738 90 594
f 1831 1832 594 593
f 1830 1831 593 592
f 312 1830 592 36
f 311 1827 1830 312
f 310 1824 1827 311
f 1833 1834 1837 1836
f 1834 1835 1838 1837
f 1836 1837 1840 1839
f 1837 1838 1841 1840
f 5 298 1833 165
f 298 299 1834 1833
f 299 300 1835 1834
f 300 32 586 1835
f 1835 586 587 1838
f 1838 587 588 1841
f 1841 588 88 739
f 1840 1841 739 740
f 1839 1840 740 741
f 163 1839 741 75
f 164 1836 1839 163
f 165 1833 1836 164
f 1842 1843 1846 1845
f 1843 1844 1847 1846
f 1845 1846 1849 1848
f 1846 1847 1850 1849
f 122 870 1842 544
f 870 869 1843 1842
f 869 868 1844 1843
f 868 134 583 1844
f 1844 583 584 1847
f 1847 584 585 1850
f 1850 585 87 742
f 1849 1850 742 743
f 1848 1849 743 744
f 546 1848 744 74
f 545 1845 1848 546
f 544 1842 1845 545
f 1851 1852 1855 1854
f 1852 1853 1856 1855
f 1854 1855 1858 1857
f 1855 1856 1859 1858
f 29 279 1851 286
f 279 278 1852 1851
f 278 277 1853 1852
f 277 87 745 1853
f 1853 745 746 1856
f 1856 746 747 1859
f 1859 747 88 588
f 1858 1859 588 587
f 1857 1858 587 586
f 288 1857 586 32
f 287 1854 1857 288
f 286 1851 1854 287
f 1860 1861 1864 1863
f 1861 1862 1865 1864
f 1863 1864 1867 1866
f 1864 1865 1868 1867
f 3 274 1860 156
f 274 275 1861 1860
f 275 276 1862 1861
f 276 28 580 1862
f 1862 580 581 1865
f 1865 581 582 1868
f 1868 582 86 748
f 1867 1868 748 749
f 1866 1867 749 750
f 154 1866 750 74
f 155 1863 1866 154
f 156 1860 1863 155
f 1869 1870 1873 1872
f 1870 1871 1874 1873
f 1872 1873 1876 1875
f 1873 1874 1877 1876
f 109 867 1869 759
f 867 866 1870 1869
f 866 865 1871 1870
f 865 133 577 1871
f 1871 577 578 1874
f 1874 578 579 1877
f 1877 579 85 751
f 1876 1877 751 752
f 1875 1876 752 753
f 757 1875 753 73
f 758 1872 1875 757
f 759 1869 1872 758
f 1878 1879 1882 1881
f 1879 1880 1883 1882
f 1881 1882 1885 1884
f 1882 1883 1886 1885
f 25 255 1878 262
f 255 254 1879 1878
f 254 253 1880 1879
f 253 85 754 1880
f 1880 754 755 1883
f 1883 755 756 1886
f 1886 756 86 582
f 1885 1886 582 581
f 1884 1885 581 580
f 264 1884 580 28
f 263 1881 1884 264
f 262 1878 1881 263
f 1887 1888 1891 1890
f 1888 1889 1892 1891
f 1890 1891 1894 1893
f 1891 1892 1895 1894
f 2 265 1887 153
f 265 266 1888 1887
f 266 267 1889 1888
f 267 26 829 1889
f 1889 829 830 1892
f 1892 830 831 1895
f 1895 831 133 865
f 1894 1895 865 866
f 1893 1894 866 867
f 151 1893 867 109
f 152 1890 1893 151
f 153 1887 1890 152
f 1896 1897 1900 1899
f 1897 1898 1901 1900
f 1899 1900 1903 1902
f 1900 1901 1904 1903
f 4 289 1896 796
f 289 290 1897 1896
f 290 291 1898 1897
f 291 30 832 1898
f 1898 832 833 1901
f 1901 833 834 1904
f 1904 834 134 868
f 1903 1904 868 869
f 1902 1903 869 870
f 798 1902 870 122
f 797 1899 1902 798
f 796 1896 1899 797
f 1905 1906 1909 1908
f 1906 1907 1910 1909
f 1908 1909 1912 1911
f 1909 1910 1913 1912
f 6 313 1905 799
f 313 314 1906 1905
f 314 315 1907 1906
f 315 34 835 1907
f 1907 835 836 1910
f 1910 836 837 1913
f 1913 837 135 871
f 1912 1913 871 872
f 1911 1912 872 873
f 801 1911 873 123
f 800 1908 1911 801
f 799 1905 1908 800
f 1914 1915 1918 1917
f 1915 1916 1919 1918
f 1917 1918 1921 1920
f 1918 1919 1922 1921
f 8 337 1914 802
f 337 338 1915 1914
f 338 339 1916 1915
f 339 38 838 1916
f 1916 838 839 1919
f 1919 839 840 1922
f 1922 840 136 874
f 1921 1922 874 875
f 1920 1921 875 876
f 804 1920 876 124
f 803 1917 1920 804
f 802 1914 1917 803
f 1923 1924 1927 1926
f 1924 1925 1928 1927
f 1926 1927 1930 1929
f 1927 1928 1931 1930
f 10 361 1923 805
f 361 362 1924 1923
f 362 363 1925 1924
f 363 42 841 1925
f 1925 841 842 1928
f 1928 842 843 1931
f 1931 843 137 877
f 1930 1931 877 878
f 1929 1930 878 879
f 807 1929 879 125
f 806 1926 1929 807
f 805 1923 1926 806
f 1932 1933 1936 1935
f 1933 1934 1937 1936
f 1935 1936 1939 1938
f 1936 1937 1940 1939
f 12 385 1932 808
f 385 386 1933 1932
f 386 387 1934 1933
f 387 46 844 1934
f 1934 844 845 1937
f 1937 845 846 1940
f 1940 846 138 880
f 1939 1940 880 881
f 1938 1939 881 882
f 810 1938 882 126
f 809 1935 1938 810
f 808 1932 1935 809
f 1941 1942 1945 1944
f 1942 1943 1946 1945
f 1944 1945 1948 1947
f 1945 1946 1949 1948
f 14 409 1941 811
f 409 410 1942 1941
f 410 411 1943 1942
f 411 50 847 1943
f 1943 847 848 1946
f 1946 848 849 1949
f 1949 849 139 883
f 1948 1949 883 884
f 1947 1948 884 885
f 813 1947 885 127
f 812 1944 1947 813
f 811 1941 1944 812
f 1950 1951 1954 1953
f 1951 1952 1955 1954
f 1953 1954 1957 1956
f 1954 1955 1958 1957
f 16 433 1950 814
f 433 434 1951 1950
f 434 435 1952 1951
f 435 54 850 1952
f 1952 850 851 1955
f 1955 851 852 1958
f 1958 852 140 886
f 1957 1958 886 887
f 1956 1957 887 888
f 816 1956 888 128
f 815 1953 1956 816
f 814 1950 1953 815
f 1959 1960 1963 1962
f 1960 1961 1964 1963
f 1962 1963 1966 1965
f 1963 1964 1967 1966
f 18 457 1959 817
f 457 458 1960 1959
f 458 459 1961 1960
f 459 58 853 1961
f 1961 853 854 1964
f 1964 854 855 1967
f 1967 855 141 889
f 1966 1967 889 890
f 1965 1966 890 891
f 819 1965 891 129
f 818 1962 1965 819
f 817 1959 1962 818
f 1968 1969 1972 1971
f 1969 1970 1973 1972
f 1971 1972 1975 1974
f 1972 1973 1976 1975
f 20 481 1968 820
f 481 482 1969 1968
f 482 483 1970 1969
f 483 62 856 1970
f 1970 856 857 1973
f 1973 857 858 1976
f 1976 858 142 892
f 1975 1976 892 893
f 1974 1975 893 894
f 822 1974 894 130
f 821 1971 1974 822
f 820 1968 1971 821
f 1977 1978 1981 1980
f 1978 1979 1982 1981
f 1980 1981 1984 1983
f 1981 1982 1985 1984
f 22 505 1977 823
f 505 506 1978 1977
f 506 507 1979 1978
f 507 66 859 1979
f 1979 859 860 1982
f 1982 860 861 1985
f 1985 861 143 895
f 1984 1985 895 896
f 1983 1984 896 897
f 825 1983 897 131
f 824 1980 1983 825
f 823 1977 1980 824
f 1986 1987 1990 1989
f 1987 1988 1991 1990
f 1989 1990 1993 1992
f 1990 1991 1994 1993
f 24 529 1986 826
f 529 530 1987 1986
f 530 531 1988 1987
f 531 70 862 1988
f 1988 862 863 1991
f 1991 863 864 1994
f 1994 864 144 898
f 1993 1994 898 899
f 1992 1993 899 900
f 828 1992 900 132
f 827 1989 1992 828
f 826 1986 1989 827
f 1995 1996 1999 1998
f 1996 1997 2000 1999
f 1998 1999 2002 2001
f 1999 2000 2003 2002
f 73 651 1995 757
f 651 650 1996 1995
f 650 649 1997 1996
f 649 108 793 1997
f 1997 793 794 2000
f 2000 794 795 2003
f 2003 795 121 901
f 2002 2003 901 902
f 2001 2002 902 903
f 759 2001 903 109
f 758 1998 2001 759
f 757 1995 1998 758
f 2004 2005 2008 2007
f 2005 2006 2009 2008
f 2007 2008 2011 2010
f 2008 2009 2012 2011
f 107 645 2004 655
f 645 644 2005 2004
f 644 643 2006 2005
f 643 144 904 2006
f 2006 904 905 2009
f 2009 905 906 2012
f 2012 906 121 795
f 2011 2012 795 794
f 2010 2011 794 793
f 657 2010 793 108
f 656 2007 2010 657
f 655 2004 2007 656
f 2013 2014 2017 2016
f 2014 2015 2018 2017
f 2016 2017 2020 2019
f 2017 2018 2021 2020
f 84 660 2013 576
f 660 659 2014 2013
f 659 658 2015 2014
f 658 106 790 2015
f 2015 790 791 2018
f 2018 791 792 2021
f 2021 792 120 907
f 2020 2021 907 908
f 2019 2020 908 909
f 574 2019 909 132
f 575 2016 2019 574
f 576 2013 2016 575
f 2022 2023 2026 2025
f 2023 2024 2027 2026
f 2025 2026 2029 2028
f 2026 2027 2030 2029
f 105 639 2022 664
f 639 638 2023 2022
f 638 637 2024 2023
f 637 143 910 2024
f 2024 910 911 2027
f 2027 911 912 2030
f 2030 912 120 792
f 2029 2030 792 791
f 2028 2029 791 790
f 666 2028 790 106
f 665 2025 2028 666
f 664 2022 2025 665
f 2031 2032 2035 2034
f 2032 2033 2036 2035
f 2034 2035 2038 2037
f 2035 2036 2039 2038
f 83 669 2031 573
f 669 668 2032 2031
f 668 667 2033 2032
f 667 104 787 2033
f 2033 787 788 2036
f 2036 788 789 2039
f 2039 789 119 913
f 2038 2039 913 914
f 2037 2038 914 915
f 571 2037 915 131
f 572 2034 2037 571
f 573 2031 2034 572
f 2040 2041 2044 2043
f 2041 2042 2045 2044
f 2043 2044 2047 2046
f 2044 2045 2048 2047
f 103 633 2040 673
f 633 632 2041 2040
f 632 631 2042 2041
f 631 142 916 2042
f 2042 916 917 2045
f 2045 917 918 2048
f 2048 918 119 789
f 2047 2048 789 788
f 2046 2047 788 787
f 675 2046 787 104
f 674 2043 2046 675
f 673 2040 2043 674
f 2049 2050 2053 2052
f 2050 2051 2054 2053
f 2052 2053 2056 2055
f 2053 2054 2057 2056
f 82 678 2049 570
f 678 677 2050 2049
f 677 676 2051 2050
f 676 102 784 2051
f 2051 784 785 2054
f 2054 785 786 2057
f 2057 786 118 919
f 2056 2057 919 920
f 2055 2056 920 921
f 568 2055 921 130
f 569 2052 2055 568
f 570 2049 2052 569
f 2058 2059 2062 2061
f 2059 2060 2063 2062
f 2061 2062 2065 2064
f 2062 2063 2066 2065
f 101 627 2058 682
f 627 626 2059 2058
f 626 625 2060 2059
f 625 141 922 2060
f 2060 922 923 2063
f 2063 923 924 2066
f 2066 924 118 786
f 2065 2066 786 785
f 2064 2065 785 784
f 684 2064 784 102
f 683 2061 2064 684
f 682 2058 2061 683
f 2067 2068 2071 2070
f 2068 2069 2072 2071
f 2070 2071 2074 2073
f 2071 2072 2075 2074
f 81 687 2067 567
f 687 686 2068 2067
f 686 685 2069 2068
f 685 100 781 2069
f 2069 781 782 2072
f 2072 782 783 2075
f 2075 783 117 925
f 2074 2075 925 926
f 2073 2074 926 927
f 565 2073 927 129
f 566 2070 2073 565
f 567 2067 2070 566
f 2076 2077 2080 2079
f 2077 2078 2081 2080
f 2079 2080 2083 2082
f 2080 2081 2084 2083
f 99 621 2076 691
f 621 620 2077 2076
f 620 619 2078 2077
f 619 140 928 2078
f 2078 928 929 2081
f 2081 929 930 2084
f 2084 930 117 783
f 2083 2084 783 782
f 2082 2083 782 781
f 693 2082 781 100
f 692 2079 2082 693
f 691 2076 2079 692
f 2085 2086 2089 2088
f 2086 2087 2090 2089
f 2088 2089 2092 2091
f 2089 2090 2093 2092
f 80 696 2085 564
f 696 695 2086 2085
f 695 694 2087 2086
f 694 98 778 2087
f 2087 778 779 2090
f 2090 779 780 2093
f 2093 780 116 931
f 2092 2093 931 932
f 2091 2092 932 933
f 562 2091 933 128
f 563 2088 2091 562
f 564 2085 2088 563
f 2094 2095 2098 2097
f 2095 2096 2099 2098
f 2097 2098 2101 2100
f 2098 2099 2102 2101
f 97 615 2094 700
f 615 614 2095 2094
f 614 613 2096 2095
f 613 139 934 2096
f 2096 934 935 2099
f 2099 935 936 2102
f 2102 936 116 780
f 2101 2102 780 779
f 2100 2101 779 778
f 702 2100 778 98
f 701 2097 2100 702
f 700 2094 2097 701
f 2103 2104 2107 2106
f 2104 2105 2108 2107
f 2106 2107 2110 2109
f 2107 2108 2111 2110
f 79 705 2103 561
f 705 704 2104 2103
f 704 703 2105 2104
f 703 96 775 2105
f 2105 775 776 2108
f 2108 776 777 2111
f 2111 777 115 937
f 2110 2111 937 938
f 2109 2110 938 939
f 559 2109 939 127
f 560 2106 2109 559
f 561 2103 2106 560
f 2112 2113 2116 2115
f 2113 2114 2117 2116
f 2115 2116 2119 2118
f 2116 2117 2120 2119
f 95 609 2112 709
f 609 608 2113 2112
f 608 607 2114 2113
f 607 138 940 2114
f 2114 940 941 2117
f 2117 941 942 2120
f 2120 942 115 777
f 2119 2120 777 776
f 2118 2119 776 775
f 711 2118 775 96
f 710 2115 2118 711
f 709 2112 2115 710
f 2121 2122 2125 2124
f 2122 2123 2126 2125
f 2124 2125 2128 2127
f 2125 2126 2129 2128
f 78 714 2121 558
f 714 713 2122 2121
f 713 712 2123 2122
f 712 94 772 2123
f 2123 772 773 2126
f 2126 773 774 2129
f 2129 774 114 943
f 2128 2129 943 944
f 2127 2128 944 945
f 556 2127 945 126
f 557 2124 2127 556
f 558 2121 2124 557
f 2130 2131 2134 2133
f 2131 2132 2135 2134
f 2133 2134 2137 2136
f 2134 2135 2138 2137
f 93 603 2130 718
f 603 602 2131 2130
f 602 601 2132 2131
f 601 137 946 2132
f 2132 946 947 2135
f 2135 947 948 2138
f 2138 948 114 774
f 2137 2138 774 773
f 2136 2137 773 772
f 720 2136 772 94
f 719 2133 2136 720
f 718 2130 2133 719
f 2139 2140 2143 2142
f 2140 2141 2144 2143
f 2142 2143 2146 2145
f 2143 2144 2147 2146
f 77 723 2139 555
f 723 722 2140 2139
f 722 721 2141 2140
f 721 92 769 2141
f 2141 769 770 2144
f 2144 770 771 2147
f 2147 771 113 949
f 2146 2147 949 950
f 2145 2146 950 951
f 553 2145 951 125
f 554 2142 2145 553
f 555 2139 2142 554
f 2148 2149 2152 2151
f 2149 2150 2153 2152
f 2151 2152 2155 2154
f 2152 2153 2156 2155
f 91 597 2148 727
f 597 596 2149 2148
f 596 595 2150 2149
f 595 136 952 2150
f 2150 952 953 2153
f 2153 953 954 2156
f 2156 954 113 771
f 2155 2156 771 770
f 2154 2155 770 769
f 729 2154 769 92
f 728 2151 2154 729
f 727 2148 2151 728
f 2157 2158 2161 2160
f 2158 2159 2162 2161
f 2160 2161 2164 2163
f 2161 2162 2165 2164
f 76 732 2157 552
f 732 731 2158 2157
f 731 730 2159 2158
f 730 90 766 2159
f 2159 766 767 2162
f 2162 767 768 2165
f 2165 768 112 955
f 2164 2165 955 956
f 2163 2164 956 957
f 550 2163 957 124
f 551 2160 2163 550
f 552 2157 2160 551
f 2166 2167 2170 2169
f 2167 2168 2171 2170
f 2169 2170 2173 2172
f 2170 2171 2174 2173
f 89 591 2166 736
f 591 590 2167 2166
f 590 589 2168 2167
f 589 135 958 2168
f 2168 958 959 2171
f 2171 959 960 2174
f 2174 960 112 768
f 2173 2174 768 767
f 2172 2173 767 766
f 738 2172 766 90
f 737 2169 2172 738
f 736 2166 2169 737
f 2175 2176 2179 2178
f 2176 2177 2180 2179
f 2178 2179 2182 2181
f 2179 2180 2183 2182
f 75 741 2175 549
f 741 740 2176 2175
f 740 739 2177 2176
f 739 88 763 2177
f 2177 763 764 2180
f 2180 764 765 2183
f 2183 765 111 961
f 2182 2183 961 962
f 2181 2182 962 963
f 547 2181 963 123
f 548 2178 2181 547
f 549 2175 2178 548
f 2184 2185 2188 2187
f 2185 2186 2189 2188
f 2187 2188 2191 2190
f 2188 2189 2192 2191
f 87 585 2184 745
f 585 584 2185 2184
f 584 583 2186 2185
f 583 134 964 2186
f 2186 964 965 2189
f 2189 965 966 2192
f 2192 966 111 765
f 2191 2192 765 764
f 2190 2191 764 763
f 747 2190 763 88
f 746 2187 2190 747
f 745 2184 2187 746
f 2193 2194 2197 2196
f 2194 2195 2198 2197
f 2196 2197 2200 2199
f 2197 2198 2201 2200
f 74 750 2193 546
f 750 749 2194 2193
f 749 748 2195 2194
f 748 86 760 2195
f 2195 760 761 2198
f 2198 761 762 2201
f 2201 762 110 967
f 2200 2201 967 968
f 2199 2200 968 969
f 544 2199 969 122
f 545 2196 2199 544
f 546 2193 2196 545
f 2202 2203 2206 2205
f 2203 2204 2207 2206
f 2205 2206 2209 2208
f 2206 2207 2210 2209
f 85 579 2202 754
f 579 578 2203 2202
f 578 577 2204 2203
f 577 133 970 2204
f 2204 970 971 2207
f 2207 971 972 2210
f 2210 972 110 762
f 2209 2210 762 761
f 2208 2209 761 760
f 756 2208 760 86
f 755 2205 2208 756
f 754 2202 2205 755
