# WaveFront *.obj file (generated by Cinema 4D)

v 45.051800 0.000000 -38.149502
v 2.334061 1.528906 57.489300
v -0.982121 6.321578 -39.479935
v -55.217400 0.000000 1.415540
v 5.085162 27.426916 6.209388
v 1.724255 0.000000 -36.157059
v 20.826897 0.000000 -5.082414
v 12.870563 11.378609 4.826253
v -40.969501 0.000000 -38.091202
v -41.067101 0.000000 -39.426800
v 6.578104 27.288149 8.176094
v 0.043655 0.000000 -55.713600
v -20.411274 9.472470 -18.062593
v -7.799017 26.631096 9.791030
v -19.216589 0.000000 -4.832364
v -56.294201 0.000000 1.338610
v 12.565849 18.468174 2.756622
v 14.960488 0.000000 21.544514
v 4.881424 20.537666 11.424379
v 10.618977 27.678396 8.061188
v -22.485643 4.393421 -9.810086
v 12.672950 24.236149 6.478075
v -55.462250 0.272315 1.036495
v 9.163744 19.629501 9.654467
v -55.884827 0.049657 0.996653
v 19.296875 0.000000 6.293278
v 12.836617 23.217236 6.383440
v -19.776899 0.141723 7.021990
v -46.424450 0.293970 37.393375
v -46.870419 0.369752 38.044315
v -46.134544 0.996137 37.977276
v 9.636134 22.941952 9.940138
v -5.912365 28.650169 3.510481
v -14.135716 26.192778 -36.111904
v -13.269418 21.625856 4.593685
v -0.355014 2.309031 -55.121712
v 12.750015 5.936617 19.802965
v -2.863592 20.453581 12.406630
v 19.743799 0.000000 -5.820470
v 40.172958 0.941631 39.388176
v 12.933971 10.929437 12.709264
v 39.913601 0.000000 40.319000
v -7.619119 7.039170 -38.579525
v 7.240945 32.261719 -35.575245
v -12.439771 20.505424 7.212709
v 22.517775 5.517187 -12.854367
v 0.303226 0.000000 -54.907898
v -7.761052 11.214571 15.042457
v -1.950995 2.728750 -55.148300
v -8.373823 28.525192 6.875513
v -46.499199 0.000000 38.448002
v -40.948601 1.488040 -38.770149
v -40.783085 0.122470 -38.785145
v 16.473370 19.402958 -6.525382
v -3.993716 5.736874 19.327187
v 18.542744 0.000000 -18.407854
v 3.950815 1.399306 57.886078
v -12.214783 10.470975 6.586408
v -11.956904 18.644117 6.147127
v -14.764788 0.000000 -1.748859
v -11.517556 22.100723 8.993807
v 13.386363 24.491131 5.267845
v 21.794844 4.128232 3.270434
v -14.485373 20.533094 -3.032482
v 15.601007 4.731055 -28.222027
v 18.123064 0.000000 13.322821
v -12.383978 0.000000 15.264057
v 43.753807 0.000000 -37.609097
v 44.256119 0.000000 -37.696884
v 44.531708 0.381671 -38.027390
v 42.566185 0.000000 -38.599892
v 41.987301 0.000000 -37.951405
v 42.996613 0.792752 -38.225475
v 2.539721 0.566388 58.151413
v 0.659242 0.411455 57.737995
v 0.718970 0.493648 57.273067
v 1.129212 0.000000 56.584541
v 3.337395 0.000000 56.664444
v 5.226565 0.866245 57.649265
v 4.297705 1.103679 58.817509
v -1.660467 4.738908 -41.314297
v -0.358757 3.485784 -40.130108
v 0.789354 4.625102 -38.440601
v -3.617337 5.710968 -40.399437
v -3.197439 4.853024 -42.155434
v -0.916259 10.767545 -40.801960
v -4.180901 9.005733 -39.999142
v -55.399517 0.144182 2.503914
v -55.449684 0.520024 2.450004
v -55.357674 0.278136 1.532964
v -55.430737 0.060157 1.200327
v -55.470062 0.000000 1.484843
v -55.612514 0.000000 2.457818
v 4.893615 26.445644 7.668151
v 2.835406 26.079206 7.569135
v 2.622218 28.632353 4.365909
v 6.025170 28.707512 3.652464
v 7.475545 28.247675 6.793311
v 39.977654 0.000000 39.419067
v 39.777576 0.208765 39.505016
v 39.587761 0.188106 39.985149
v 39.927490 0.000000 39.749077
v 6.925262 0.000000 -34.418377
v 8.183103 3.287292 -36.033497
v 3.616656 2.879449 -37.045040
v -2.151371 0.011296 -31.681198
v 2.877494 0.000792 -28.988855
v -9.334038 0.000000 -37.339279
v -9.853003 -0.000000 -33.695225
v 1.088498 0.000000 -37.899979
v -8.258676 0.000000 -40.652390
v 0.966485 2.105063 -37.672493
v 20.530689 0.000000 0.080304
v 22.836554 0.000000 -1.912419
v 22.542097 0.000000 -4.972485
v 20.367287 0.000000 -5.224867
v 14.811539 0.000000 -1.964387
v 16.277351 0.000000 0.095586
v 21.729971 2.343961 -4.221601
v 20.070091 2.359115 -4.382480
v 18.890306 2.152391 -4.897707
v 16.075262 6.728299 4.967363
v 16.112000 6.133957 6.318690
v 13.037674 9.092870 6.590602
v 13.739844 12.099133 3.059397
v 16.741739 7.462066 3.888931
v 11.150190 11.794262 8.533872
v 10.756974 14.147090 7.356163
v -40.821049 0.048546 -38.607162
v -40.953819 0.302652 -39.311142
v -41.897491 0.000000 -37.510498
v -41.810604 0.492130 -37.622272
v -42.294197 0.000000 -38.815208
v -42.069881 0.554273 -38.723358
v 7.339675 26.040447 9.941102
v 5.357723 24.630013 9.809734
v 9.469529 27.179972 9.169056
v 56.848820 0.000000 -3.153708
v 56.412041 0.000000 -2.876088
v 55.772499 0.000000 -0.832364
v 56.727646 0.500649 -3.132453
v -1.503877 0.000000 -56.143520
v -1.594078 0.000000 -54.526569
v -0.425425 1.090455 -55.559937
v -1.608169 0.964519 -55.983803
v -0.074136 1.105201 -55.007519
v -22.628231 7.672221 -17.247692
v -21.960569 5.698647 -18.654013
v -19.753246 6.329327 -19.519506
v -19.404333 10.652709 -22.301861
v -20.170303 15.142867 -21.794363
v -20.223866 13.975892 -17.303953
v -20.806061 9.623759 -14.551812
v -22.992365 8.329172 -14.973207
v -19.533726 13.045665 -13.620657
v -18.188711 7.151009 -22.350185
v -8.642911 24.597832 10.456414
v -10.461915 25.990870 9.311517
v -8.966791 27.835253 8.859250
v -7.062172 27.745270 8.060183
v -6.189394 25.577330 9.752702
v -6.774528 23.097021 10.923437
v -16.740852 0.000000 -5.667941
v -20.288399 0.000000 -6.733361
v -19.522139 2.176302 -6.841320
v -18.101589 0.000000 -0.672546
v -20.046524 1.145367 -4.704624
v -19.942066 0.000000 -0.562720
v -17.639288 5.419761 -6.612366
v -16.871037 4.419631 -5.424839
v -17.729479 4.196724 -4.127580
v -56.590984 0.073417 2.253599
v -56.329300 0.000000 2.315909
v -56.028896 0.000000 1.449986
v -56.189522 0.164225 1.412965
v -56.463490 0.377485 2.240994
v -55.941814 0.000000 1.131400
v 12.947520 22.209389 0.859525
v 14.236238 20.633432 -2.401045
v 13.439694 16.575071 -0.474621
v 13.308513 21.357168 4.789384
v 13.262673 23.512911 3.261328
v 11.716177 17.260918 5.127503
v 12.508068 20.158676 6.475171
v 14.358547 11.989433 1.518571
v 16.029667 0.000000 17.395454
v 15.037014 0.000000 14.439520
v 13.209473 0.000000 17.232069
v 11.191238 0.000000 18.883364
v 12.535805 0.000000 22.156694
v 13.268941 0.000000 28.303125
v 15.075859 0.000000 28.494030
v 15.660282 1.229609 28.893444
v 14.865840 1.792327 22.857527
v 15.762774 1.724756 19.547764
v 6.711350 22.310371 10.910596
v 8.560912 19.326160 10.076406
v 7.797348 17.825983 10.536022
v 3.482002 23.868319 9.602989
v 8.075806 15.448469 12.262212
v 5.497938 16.768332 14.273570
v 2.113104 16.869503 15.579021
v 1.000820 20.971207 12.414557
v 0.282909 23.936396 9.980378
v 11.701357 26.672489 8.066768
v 10.474498 25.658398 9.355889
v 10.041190 28.472183 5.976681
v 11.840035 27.514980 5.586685
v -23.576826 0.000000 -9.015770
v -26.813225 0.000000 -11.225113
v -26.544918 3.699345 -12.027440
v -22.872515 7.185249 -12.230222
v -20.294226 8.674089 -11.589783
v -19.523762 7.294596 -9.345551
v -26.351360 6.063789 -13.454357
v -20.486660 3.250963 -7.998815
v -21.445957 0.000000 -7.536792
v -18.560535 6.269510 -7.885271
v 12.224964 22.390524 7.564517
v 11.211579 23.887617 8.304814
v 12.980798 25.792810 5.303168
v -55.514408 0.555786 1.573412
v -55.801643 0.539646 1.517892
v -55.640572 0.158188 0.980091
v -55.666355 0.000000 1.141294
v 8.796640 23.644266 10.598360
v 10.455426 19.403250 8.760889
v 9.820304 18.012396 8.558521
v -56.012035 0.369514 1.457836
v 1.354335 0.000000 57.932884
v 0.999265 0.000000 57.610699
v -0.181503 0.000176 57.796341
v 0.719947 0.162901 57.966454
v 11.322960 21.858528 8.722564
v 11.450701 19.607822 7.788675
v 15.434053 0.000000 8.439663
v 16.822693 0.000000 10.749882
v 19.032431 0.000000 8.055489
v 17.198952 0.000000 3.275831
v 13.735994 0.000000 5.746106
v 18.728943 2.807802 6.308167
v 18.544617 3.147813 5.601152
v 19.762196 3.705687 4.651158
v 20.860945 0.000000 3.475847
v -16.950409 0.000000 2.895933
v -18.841682 0.000000 2.952276
v -19.975357 0.000000 5.422639
v -18.745905 1.792876 7.324707
v -19.433035 1.983438 8.922308
v -19.993565 0.486495 8.547690
v -17.993616 0.000000 8.996743
v -16.432899 0.000000 6.304474
v -19.086708 1.706020 6.071405
v -46.575844 0.230136 37.681801
v -45.219921 0.000000 37.180893
v -45.257626 0.224921 36.925701
v -46.587292 0.472643 37.561981
v -46.854927 0.340768 37.799007
v -45.251835 0.582290 37.061935
v -46.672958 0.403411 38.140274
v -46.730370 0.200308 38.212055
v -46.772186 0.246542 38.007175
v -46.748882 0.488139 37.903801
v -46.670685 0.600888 38.039757
v -45.201633 1.291783 37.760910
v -45.120358 1.000388 37.968376
v -46.287426 0.694237 38.127232
v -46.380970 0.791525 37.841465
v -45.239845 1.241324 37.453030
v -7.440906 28.606758 5.307582
v -10.096460 28.345901 4.511992
v -9.465528 28.336372 2.038955
v -9.810290 29.222055 -1.842256
v -6.617764 30.967607 -1.127074
v -3.740297 26.318308 6.939499
v -5.254208 26.860199 7.158086
v -1.590689 28.839121 4.179991
v -0.480463 26.293438 7.602112
v -2.562114 31.768145 -0.544135
v -0.285384 0.001988 57.338116
v 1.130144 0.000000 56.982193
v -14.789242 22.274609 -37.159657
v -11.425831 23.092613 -39.549332
v -11.708123 27.873007 -37.007481
v -16.419165 26.712252 -32.450653
v -17.792101 21.875093 -32.565723
v -13.559968 30.103441 -32.452332
v -12.813316 19.377396 1.637691
v -12.903902 22.889172 1.216207
v -13.370378 24.463177 4.404471
v -12.362330 24.185495 7.197749
v -1.858552 1.809725 -54.789429
v -1.905716 2.287055 -54.975704
v -1.010879 2.103671 -55.427551
v -1.710546 0.907594 -54.626801
v 10.113013 8.629013 21.314840
v 8.200091 10.953742 18.785347
v 10.367778 9.758738 17.092058
v 13.597675 4.318274 23.823532
v 12.016206 5.994983 24.919910
v 14.562407 7.581225 16.245985
v 16.853268 3.344709 18.169088
v -2.918927 23.867184 9.599993
v -1.036527 16.015585 16.130678
v -4.098512 14.082612 16.039803
v -5.364236 17.805138 12.862782
v -6.263433 19.412083 10.956997
v -4.938102 21.657167 10.363494
v -4.718690 24.255331 9.259415
v 12.299093 0.000000 -3.848519
v 11.971567 0.000000 -8.306799
v 7.645860 0.000000 -6.099295
v 20.710922 0.000000 -7.397626
v 14.353994 0.000000 -10.811822
v 18.706093 2.473869 -6.330173
v 19.689806 3.288315 -7.808638
v 40.004639 0.708284 39.377438
v 40.964458 0.885018 38.675003
v 41.101448 1.173478 39.010075
v 41.254429 1.084025 39.349670
v 40.174145 0.889358 39.852509
v 39.774059 0.670653 39.871624
v 9.004369 12.576269 14.284916
v 13.690307 10.562852 10.132092
v 18.933304 9.134014 12.035069
v 18.856310 7.785544 14.816800
v 10.190894 13.542836 10.337333
v 39.959190 0.000000 40.022186
v 39.688625 0.253886 40.057781
v 39.858143 0.388467 40.173882
v 40.646942 0.148161 39.934353
v 40.620537 0.000000 39.675831
v 40.368698 0.530338 39.977734
v -12.163554 7.104710 -35.863522
v -10.755350 3.702291 -34.600216
v -8.190022 3.333802 -37.789639
v -7.121724 2.759688 -40.620056
v -5.561831 4.779711 -40.658932
v -9.508804 12.077650 -39.754032
v -13.912636 11.678891 -37.061504
v -5.463608 13.407788 -41.244171
v 55.936481 0.677975 -4.141304
v 55.965111 0.778127 -3.408530
v 55.502419 0.000000 -1.595802
v 55.532478 0.000000 -3.315048
v 7.921176 33.741749 -32.169426
v 3.384030 34.621300 -32.375565
v 4.010076 32.195961 -36.705811
v 9.427379 29.932871 -37.294159
v 12.194349 31.267897 -32.779816
v 5.386747 28.744715 -40.067951
v -9.963926 19.797928 9.339337
v -10.683482 17.909056 7.836477
v -11.194777 16.503057 6.250307
v 24.348118 5.129803 -15.092034
v 25.196270 0.000000 -13.059015
v 23.233540 0.000000 -10.581664
v 20.802601 4.064171 -9.367636
v 19.706219 7.406048 -10.097811
v 20.245222 9.089740 -15.718163
v 21.825169 0.000000 -8.804025
v -10.227326 9.398004 15.474838
v -12.185030 10.703532 12.976110
v -11.061010 11.569593 11.660377
v -8.075935 14.836957 12.116746
v -10.277555 12.678459 10.132834
v -7.783177 5.232940 17.885908
v -1.372609 9.666553 19.303028
v -1.773567 1.899267 -55.738102
v -3.597999 2.447504 -55.988804
v -3.403589 1.718429 -56.399292
v -3.800923 2.319183 -55.572483
v -10.158834 28.412148 7.156073
v -46.505230 0.061449 38.224228
v -46.363968 0.237686 38.334076
v -45.103920 0.000000 38.354591
v -45.152111 0.000000 37.969368
v -45.084106 0.308336 38.218388
v -41.396042 1.352823 -38.323341
v -43.003822 1.808838 -37.251793
v -43.148964 1.740266 -37.625687
v -41.734936 0.955814 -38.701199
v -40.905613 0.655589 -39.192017
v -43.433071 1.256939 -37.949486
v -41.676048 0.865378 -37.911331
v -17.448633 7.436289 3.411388
v -16.906818 6.802594 4.382765
v -20.667210 4.355079 3.970835
v -27.014767 2.890217 3.171125
v -26.700766 4.555763 1.860195
v -20.169891 6.548644 2.312011
v 14.267455 24.863956 -4.003118
v 16.174709 25.151697 -8.281333
v 14.440495 15.195921 -2.783711
v 17.092293 15.093154 -7.379058
v 15.150791 12.649855 -4.241447
v 19.285900 20.616627 -13.398871
v 19.350348 16.844320 -12.819452
v 18.338400 25.399805 -14.438248
v -18.179892 0.000000 -12.425329
v -21.097746 0.000000 -19.611435
v -24.097904 0.000000 -19.543530
v -15.092579 0.000002 -15.071692
v -18.255159 0.000000 -20.425684
v 1.624244 7.452492 21.848869
v 0.219120 4.038498 22.443342
v -0.528651 -0.000000 23.299376
v -3.322835 -0.000000 21.161264
v -6.401631 0.000000 19.721600
v 17.884579 0.000000 -24.581013
v 16.328646 0.000000 -24.799925
v 15.443113 0.000000 -21.822189
v 12.689878 0.000000 -17.546844
v 16.363346 0.000000 -14.025799
v 21.436474 0.000000 -19.575554
v 19.765930 0.000000 -24.926517
v -15.689265 6.611220 5.349280
v -13.978406 9.778193 4.775918
v -12.420732 12.728052 4.781905
v -11.293441 13.799724 6.491706
v -12.414227 9.720205 7.884077
v -15.256052 6.400533 6.355289
v -10.110830 13.974728 9.154870
v -11.493481 0.000000 -0.961004
v -7.510107 0.000000 -4.675144
v -10.363022 0.000000 -5.942534
v -14.314396 0.000000 2.856061
v -10.822966 24.029297 8.785259
v -9.222589 22.074978 10.390042
v 12.583152 25.578119 2.634356
v 21.542408 5.138185 2.470228
v 26.865372 2.016573 1.903183
v 26.624313 0.000000 0.665803
v 17.339045 7.909775 2.826109
v 17.598785 8.373364 1.537865
v 22.869104 0.000000 1.072598
v -12.782833 26.277382 -2.312438
v -11.828924 26.306793 1.253124
v -16.114510 22.055845 -6.901664
v -14.131546 27.450514 -6.493456
v -13.713638 17.021170 -1.375312
v -16.098278 14.878355 -5.906654
v -17.447720 16.370516 -8.373425
v -15.300388 13.494438 -4.504699
v 13.172446 0.000000 -27.644701
v 14.883300 -0.000000 -25.499800
v 16.010458 3.077035 -25.462538
v 18.291613 7.696449 -22.738050
v 18.480150 9.379949 -24.042107
v 18.962681 11.862457 -24.905331
v 16.943830 8.838539 -29.840036
v 14.019827 7.229574 -34.332596
v 12.878486 3.465595 -32.593754
v 11.403302 0.000000 -31.266716
v 20.688688 0.000000 13.221502
v 21.552961 0.000000 10.175958
v 19.676737 0.000000 9.297070
v -11.251507 0.000000 12.033491
v -13.773209 0.000000 10.767185
v -15.329466 0.000000 15.349764
v -12.885229 0.000000 20.384031
v -9.556242 0.000000 19.151169
v -7.469919 0.000000 13.839445
v -3.778155 0.000000 15.564491
v -1.120877 0.000000 12.300383
v -5.009391 0.000000 10.327669
v -8.703882 0.000000 8.704192
v -1.946764 0.000000 7.402061
v -5.669108 0.000000 5.633293
v -9.074896 0.000000 4.333005
v -11.653851 0.000000 7.507689
v -11.738793 0.000000 3.418544
v -13.966578 0.000000 6.716177
v -15.846943 0.000000 9.826804
v -17.551311 0.000000 13.098335
v -19.448772 0.000000 11.840755
v -21.070601 0.457076 10.843370
v -22.852936 0.000000 13.669958
v -21.768412 0.000000 15.037046
v -20.535141 0.000000 16.715372
v -19.331226 0.000000 18.825539
v -25.547924 0.000000 17.541561
v -24.658159 0.000000 19.374521
v -23.820992 0.000000 21.451092
v -22.783852 0.000000 24.492010
v -17.401201 0.000000 22.747520
v -29.273544 0.000000 21.089590
v -28.679321 0.000000 23.122818
v -28.117785 0.000000 25.648947
v -28.378040 2.049876 25.041553
v -23.164074 2.623188 24.054062
v -33.375698 0.000000 24.287350
v -33.042358 0.000000 26.197893
v -33.178299 1.732441 25.671011
v -33.483128 3.351512 24.939466
v -28.828686 3.896377 24.185883
v -37.369827 0.000000 26.991072
v -37.497742 1.515875 26.609333
v -37.771183 2.992249 26.055960
v -38.179157 4.180940 25.149637
v -33.921200 4.618179 23.761305
v -41.454556 1.382838 28.200932
v -41.715206 2.776129 27.788727
v -42.072300 4.029028 27.180687
v -42.799652 4.277413 26.043343
v -38.762768 4.385320 23.743216
v -45.122452 2.715984 30.432468
v -45.546825 3.980447 29.969835
v -46.340160 4.396622 29.115000
v -47.117409 3.616875 28.318134
v -43.454082 3.488988 25.134851
v -48.576103 3.847073 33.266411
v -49.400620 4.409069 32.623428
v -50.250183 3.727292 31.983669
v -50.846519 2.585286 31.581005
v -47.694004 2.435986 27.772703
v -51.878731 4.441982 36.542389
v -52.767357 3.851636 36.075985
v -53.357883 2.750490 35.823463
v -53.801628 1.601046 35.655148
v -51.322666 1.355456 31.290007
v -54.372581 3.930328 40.673458
v -54.951191 2.833574 40.562134
v -55.382587 1.735590 40.485104
v -55.708576 0.569343 40.430576
v -54.111244 0.451275 35.582047
v -55.376896 2.921974 45.572063
v -55.799335 1.825151 45.629761
v -56.120544 0.638464 45.657269
v -55.639412 0.000000 45.584789
v -55.205734 0.000000 40.538837
v -54.222187 1.826521 50.600914
v -54.498600 0.687818 50.716431
v -54.191204 0.000000 50.543114
v -53.264572 0.000000 50.038662
v -54.487030 0.000000 45.482666
v -50.655552 0.597675 54.643795
v -50.620350 0.000000 54.577114
v -50.056671 0.000000 53.584335
v -49.529305 0.000000 52.735451
v -52.283371 0.000000 49.541050
v -45.471027 0.000000 56.082050
v -45.499649 0.000000 55.093201
v -45.375984 0.000000 54.132263
v -45.328827 0.000000 53.149349
v -48.897141 0.000000 51.839687
v -40.769627 0.000000 54.031746
v -41.133411 0.000000 53.259811
v -41.534054 0.000000 52.564850
v -41.385612 0.755496 52.768383
v -45.301426 0.904645 53.347290
v -37.948914 0.000000 50.505600
v -38.575348 0.000000 50.059551
v -38.417366 0.717171 50.156975
v -38.221264 1.466813 50.284100
v -41.233406 1.527577 52.989437
v -37.034657 0.000000 46.537758
v -36.908028 0.666075 46.562725
v -36.705349 1.314661 46.565998
v -36.437077 1.923891 46.512592
v -37.884533 2.177410 50.484940
v -37.541809 0.639150 42.768150
v -37.402355 1.193756 42.678726
v -37.165081 1.763838 42.544479
v -36.802952 2.285186 42.402618
v -35.931774 2.390290 46.527313
v -39.525616 1.122351 39.947021
v -39.310997 1.692632 39.666004
v -39.083004 2.110309 39.419003
v -38.719509 2.005780 39.054600
v -36.238510 2.040721 42.203148
v -41.680016 1.476041 38.150089
v -41.606239 1.898369 37.856438
v -41.496723 1.891010 37.490273
v -41.408283 1.371292 37.195911
v -38.443043 1.459645 38.744591
v -43.743168 1.678600 37.562855
v -43.720512 1.655454 37.188057
v -43.646507 1.187033 36.949219
v -43.600914 0.706506 36.769848
v -41.341106 0.810474 36.986248
v -45.238319 0.947563 37.199097
v -46.493595 0.639092 37.720901
v -41.286880 0.280236 36.790661
v -38.126957 0.260280 38.387882
v -38.272102 0.856029 38.555653
v -43.610088 0.231230 36.639091
v -43.612404 0.000000 36.929668
v -41.378632 0.000000 37.140728
v -41.523830 0.000000 37.645592
v -38.813126 0.000000 39.192703
v -38.393768 0.000000 38.724449
v -43.616768 0.000000 37.398510
v -43.611229 0.000000 37.869835
v -41.716774 0.000000 38.250221
v -45.192253 0.000000 37.583923
v -46.528473 0.146986 37.932472
v -41.866623 0.000000 38.821941
v -39.725449 0.000000 40.201382
v -39.306454 0.000000 39.681259
v -43.642242 0.000000 38.302200
v -43.638210 0.431745 38.182823
v -41.851170 0.502618 38.629818
v -41.797462 1.045583 38.505993
v -39.615608 0.565416 40.045570
v -43.664474 0.888991 38.068810
v -43.704739 1.310586 37.847736
v -45.081490 0.676010 38.092606
v -46.336510 0.474263 38.227692
v -37.679794 0.000000 42.873573
v -36.315891 0.000000 46.637573
v -37.048489 0.000000 42.549545
v -35.629547 0.000000 46.725449
v -36.531364 0.000000 42.323883
v -34.747646 0.000000 46.770424
v -35.853428 0.000000 41.978878
v -34.357922 0.300529 46.737217
v -35.525036 0.260878 41.819351
v -34.534641 1.013487 46.703133
v -35.676361 0.879482 41.887611
v -34.848297 1.704359 46.663872
v -35.930981 1.494207 42.010468
v -35.364895 2.378078 46.577587
v -36.656872 1.828559 51.379322
v -37.022064 2.534038 51.042175
v -37.467995 2.754713 50.749382
v -40.665199 2.816997 54.222950
v -40.880066 2.839183 53.788250
v -41.061790 2.249626 53.284233
v -45.318939 3.204648 54.661369
v -45.293602 2.578107 54.085304
v -45.294697 1.794565 53.686077
v -49.368645 2.887468 52.789715
v -49.172504 1.975529 52.437038
v -49.073898 0.994228 52.105034
v -51.803211 2.171463 49.362904
v -51.572166 1.078085 49.205006
v -51.329124 0.000000 49.106308
v -52.515907 1.177166 45.319901
v -52.329964 0.000000 45.301556
v -53.321037 0.000000 45.406300
v -51.615513 0.000000 41.368347
v -52.827957 0.000000 41.014439
v -53.945152 0.000000 40.780777
v -51.015442 0.000000 36.963680
v -52.197002 0.000000 36.433952
v -53.450371 0.000000 35.890453
v -49.727200 0.000000 32.484436
v -50.915352 0.000000 31.652792
v -51.679821 0.303790 31.099245
v -47.536346 0.000000 28.022322
v -48.300423 0.000000 27.243626
v -48.177395 1.090920 27.327459
v -44.332436 0.000000 23.967056
v -44.292175 0.939274 23.989861
v -43.869041 2.261550 24.549971
v -39.929142 0.914021 21.177877
v -39.610722 2.303437 21.819513
v -39.248432 3.521352 22.614254
v -35.054943 2.478685 19.777365
v -34.798618 3.891085 20.701935
v -34.434204 4.886871 22.112673
v -30.276646 4.278503 19.168461
v -29.894291 5.357463 20.779242
v -29.365051 5.292536 22.748627
v -25.438931 5.977519 19.356384
v -24.684443 6.056624 21.557571
v -23.852215 4.662972 23.122248
v -20.353018 7.257267 19.653717
v -19.101961 5.818737 21.323626
v -18.081959 3.448237 22.215380
v -15.259007 7.155056 18.984165
v -13.959242 4.312617 19.840714
v -12.437930 8.247489 16.818180
v -10.860316 4.832000 18.040113
v -14.143089 9.658847 14.789761
v -16.869617 8.658276 17.184299
v -18.231821 8.015129 14.678205
v -15.717038 8.922092 12.231521
v -21.453144 6.917516 17.255177
v -22.085922 5.271218 15.292038
v -19.187618 6.097508 12.676997
v -25.943256 4.648094 17.521053
v -26.273924 2.969483 16.376883
v -22.492479 3.367047 14.168344
v -30.564400 2.737671 18.033056
v -30.775478 1.104301 17.309542
v -26.486387 1.245727 15.686955
v -35.301640 0.974180 19.056643
v -35.169884 0.000000 19.329937
v -30.586058 0.000000 17.709084
v -39.857803 0.000000 21.309626
v -39.181793 0.000000 22.590454
v -34.554901 0.000000 20.822948
v -43.602287 0.000000 24.959715
v -42.773651 0.000000 26.103746
v -38.462868 0.000000 23.992224
v -46.573105 0.000000 28.987440
v -45.614555 0.000000 29.983145
v -41.983177 0.000000 27.251318
v -48.619801 0.000000 33.264969
v -47.465073 0.000000 34.122459
v -44.601650 0.000000 31.025173
v -49.949413 0.000000 37.552971
v -50.214428 1.252669 37.408863
v -47.743790 1.342049 33.915977
v -51.940670 1.214406 41.264332
v -52.295403 2.389996 41.163345
v -50.604362 2.490885 37.204227
v -52.790203 2.298527 45.354790
v -53.250580 3.436191 45.399502
v -52.755375 3.511680 41.047844
v -52.184769 3.202680 49.595516
v -52.701187 4.072568 49.938564
v -53.819233 4.288178 45.449299
v -49.649296 3.718765 53.326572
v -50.019726 3.567328 54.004837
v -53.335922 3.864147 50.238682
v -45.266140 3.175472 55.407314
v -45.386745 2.311063 55.852333
v -50.273335 2.693756 54.231911
v -40.518726 1.986298 54.692932
v -40.364880 1.219326 55.025356
v -45.457653 1.375265 56.226257
v -36.380051 1.130622 51.584412
v -36.246777 0.347563 51.721436
v -40.272373 0.401645 55.151722
v -40.474167 0.000000 54.627789
v -45.473305 0.470803 56.517712
v -36.553009 0.000000 51.490799
v -37.239670 0.000000 50.945099
v -50.485046 1.637022 54.448887
v -53.852062 2.864211 50.426487
v -54.708195 3.980825 45.528572
v -53.396698 4.377329 40.896217
v -51.084099 3.689354 36.956768
v -48.135220 2.611557 33.612488
v -44.798920 1.393176 30.787910
v -41.275391 0.000000 28.543148
v -37.836460 0.000000 25.470833
v -33.915451 0.000000 22.473789
v -29.956486 0.000000 19.284298
v -26.303915 0.000000 16.019312
v -22.810556 1.514958 13.580692
v -20.653126 1.938771 11.106838
v -19.989927 3.888843 11.553237
v -18.488367 4.050534 9.499043
v -17.178846 6.612563 10.386262
v -17.644053 3.920223 8.087370
v -16.110168 6.622592 8.811154
v -14.003279 9.385844 10.413702
v -15.482606 6.467923 7.493580
v -13.078204 9.556473 9.107062
v -17.375599 3.729125 6.723247
v -17.733429 3.863948 5.675610
v -19.983202 1.784080 5.577836
v -21.648237 1.622380 5.094965
v -18.679346 4.069964 5.021373
v -23.647301 1.439364 4.691400
v -28.005201 1.044579 4.093941
v -22.532866 0.000000 4.573822
v -24.644182 0.000000 4.112289
v -28.119648 0.000000 3.488032
v -32.389492 0.000000 2.771987
v -32.445580 1.005364 3.365833
v -24.490528 0.000000 2.163317
v -27.889986 0.000000 1.622235
v -32.124924 0.000000 1.076445
v -36.745346 0.000000 0.559737
v -37.050133 0.000000 2.061773
v -27.783110 0.000000 -0.498845
v -32.054401 0.000000 -0.789583
v -36.551750 0.000000 -1.141080
v -40.823410 0.000000 -2.113688
v -41.343391 0.000000 -0.608777
v -32.146698 0.000000 -2.468690
v -36.527222 0.488806 -2.588629
v -40.500919 0.619614 -3.153137
v -44.343704 0.755854 -4.956379
v -44.757778 0.000000 -4.096592
v -36.531570 1.982938 -2.208011
v -40.569847 2.124664 -2.906910
v -44.409622 2.278635 -4.756575
v -48.424133 2.380802 -6.939706
v -48.393257 0.859437 -7.031427
v -40.789417 3.686240 -2.179555
v -44.722134 3.730820 -4.057337
v -48.691891 3.785736 -6.365345
v -52.953365 3.688395 -8.401423
v -52.767643 2.334658 -8.880256
v -45.280312 4.718814 -2.993084
v -49.172722 4.820507 -5.408885
v -53.282654 4.723880 -7.589793
v -57.693272 4.573770 -9.209826
v -57.530895 3.521960 -9.842151
v -49.694557 3.962882 -4.528550
v -53.681385 4.123478 -6.633211
v -57.871429 4.060934 -8.226799
v -62.276138 3.787573 -8.570841
v -62.377876 4.174673 -9.457346
v -53.914867 2.713626 -6.095026
v -57.949200 2.694849 -7.627099
v -62.154499 2.575186 -8.029716
v -66.169601 2.410214 -7.080641
v -66.438721 3.500892 -7.504154
v -58.002159 1.241473 -7.336043
v -62.110020 1.283249 -7.832315
v -66.040077 1.229939 -6.845957
v -68.978378 1.221370 -4.295597
v -69.208023 2.377487 -4.463635
v -62.081390 0.219078 -7.780748
v -65.943947 0.238158 -6.735903
v -68.837097 0.228841 -4.224053
v -70.342621 0.269462 -0.821251
v -70.327858 1.256052 -0.794029
v -66.410805 0.000000 -7.719323
v -69.705750 0.000000 -4.879149
v -71.247902 0.000000 -0.969591
v -70.993958 0.000000 2.735917
v -70.157578 0.262825 2.508841
v -70.737976 0.000000 -5.589739
v -72.400391 0.000000 -1.136057
v -72.138176 0.000000 3.056807
v -70.584991 0.000000 6.366613
v -69.630363 0.000000 5.643825
v -73.002869 0.516180 -1.233715
v -72.818016 0.375915 3.269681
v -71.245079 0.231741 6.885632
v -68.494156 0.000000 9.208241
v -68.052910 0.000000 8.555959
v -72.829376 1.386629 3.297313
v -71.071243 1.076322 6.787473
v -68.519363 0.873042 9.265815
v -65.283234 0.718123 10.393910
v -65.320236 0.000000 10.380511
v -70.734055 2.049901 6.630026
v -68.268471 1.850710 8.956379
v -65.176033 1.603198 9.989252
v -62.003201 1.291082 9.949614
v -61.956722 0.542429 10.354864
v -67.945274 2.618872 8.499904
v -65.042366 2.337553 9.515736
v -62.046978 1.972018 9.458879
v -59.466633 1.461746 8.283931
v -59.222359 0.941808 8.734970
v -64.909050 2.390452 8.812614
v -62.177544 2.045446 8.784678
v -59.773567 1.663501 7.771159
v -57.952450 1.398598 6.282781
v -57.544754 1.231347 6.638997
v -62.330479 1.488685 8.276317
v -60.060741 1.316972 7.324914
v -58.292377 1.124119 5.997428
v -57.185749 0.994676 4.543905
v -56.864197 1.268043 4.712000
v -60.185333 0.685553 7.193211
v -58.361763 0.603951 5.938288
v -57.275623 0.542249 4.504003
v -56.811703 0.484855 3.262172
v -56.626320 0.862294 3.281716
v -58.467411 0.136809 5.852627
v -57.363506 0.123306 4.477771
v -56.931202 0.111436 3.260427
v -57.069466 0.000000 4.606303
v -56.659424 0.000000 3.371033
v -56.587635 0.000000 4.821836
v -56.224159 0.000000 3.487979
v -55.967823 0.000000 2.371647
v -55.754883 0.000000 1.471871
v -55.800522 0.000000 3.607651
v -56.108131 0.000000 5.038589
v -55.893383 0.245974 5.139769
v -55.564308 0.236359 3.679888
v -56.134335 0.718084 5.079373
v -55.664005 0.668958 3.638165
v -56.452305 1.116506 4.938060
v -55.919304 0.996967 3.529565
v -55.643173 0.801729 2.378163
v -56.302643 1.141212 3.370625
v -55.992496 0.855299 2.290770
v -56.254513 0.646589 2.241526
v -57.187450 0.782104 6.902886
v -56.975452 0.262356 7.099661
v -59.073124 0.349562 9.033284
v -57.144875 0.000000 6.946985
v -59.220448 0.000000 8.866474
v -62.041649 0.000000 10.217733
v -59.584106 0.000000 8.288690
v -62.223019 0.000000 9.399401
v -65.168289 0.000000 9.552362
v -62.372692 0.000000 8.619898
v -65.023605 0.000000 8.642245
v -67.493103 0.000000 7.641415
v -64.882889 0.214300 8.049577
v -67.104095 0.220534 7.005447
v -68.910332 0.220316 5.143066
v -67.101746 0.992059 7.039132
v -68.923454 1.072481 5.187374
v -70.230377 1.176845 2.594316
v -69.169334 2.029393 5.411951
v -70.448860 2.192674 2.701397
v -70.536087 2.368469 -0.796842
v -70.984001 3.109363 2.910572
v -71.077324 3.390727 -0.857423
v -69.624191 3.442847 -4.746408
v -72.031540 3.620505 -1.000816
v -70.299286 3.704895 -5.224093
v -66.882767 3.911892 -8.323067
v -70.851875 2.783992 -5.618267
v -67.148346 2.976496 -8.913873
v -62.372501 3.194732 -10.042289
v -67.263466 1.816029 -9.256965
v -62.359489 2.006229 -10.485366
v -57.428795 2.225281 -10.265143
v -62.330257 0.728961 -10.639880
v -57.360760 0.826753 -10.407783
v -52.685425 0.870102 -9.037031
v -57.441719 0.000000 -9.918036
v -52.884483 0.000000 -8.499591
v -48.715080 0.000000 -6.387488
v -53.416805 0.000000 -7.229784
v -49.395817 0.000000 -5.107791
v -45.474854 0.000000 -2.711696
v -50.083565 0.000000 -3.941454
v -46.204647 0.000000 -1.428722
v -41.881569 0.000000 0.802119
v -46.448635 1.067208 -1.027874
v -42.075428 1.113097 1.369424
v -37.144680 1.087034 2.625513
v -41.964714 2.685391 1.098434
v -37.032654 2.686293 2.234752
v -32.275051 2.658226 2.744036
v -36.873074 4.049238 1.330492
v -32.160114 4.131189 1.564336
v -36.743603 4.815440 -0.029968
v -32.164078 5.063701 -0.130901
v -27.045530 5.566062 -0.180612
v -32.137501 3.772622 -1.684258
v -27.252611 4.215623 -2.117205
v -22.306219 5.276490 -2.130256
v -21.389704 6.734432 0.006700
v -18.263870 6.786186 -2.205175
v -17.279907 8.713974 -0.237050
v -16.310408 9.425557 1.810044
v -15.287385 10.136863 -1.030209
v -14.517548 11.676853 1.219384
v -13.635545 12.340792 3.152720
v -15.221227 9.621415 3.349062
v -13.760464 13.556887 0.412225
v -12.898337 14.692373 2.751891
v -12.053714 15.431069 4.562428
v -12.725263 16.741846 2.319518
v -12.167356 17.696363 4.270761
v -13.512523 15.171116 -0.391163
v -14.436729 11.339183 -2.155864
v -14.631472 12.387885 -3.340589
v -15.188268 8.197408 -4.336051
v -15.922864 8.894897 -5.482919
v -16.714273 9.676091 -6.716293
v -17.501167 10.620822 -8.151336
v -18.512680 11.745528 -10.264735
v -18.744619 17.939224 -12.225426
v -19.885641 19.101103 -16.401705
v -18.835394 24.615669 -15.893401
v -17.664753 23.431652 -11.203525
v -16.431429 29.575066 -16.025351
v -15.552775 28.660801 -11.038438
v -12.403578 33.188847 -16.393606
v -11.918237 32.238487 -11.268247
v -10.989099 30.898678 -6.381892
v -7.633995 34.662792 -11.251208
v -7.207545 33.132042 -6.056243
v -2.880809 35.747669 -11.145039
v -2.878206 34.115620 -5.817624
v 2.021228 35.776608 -10.984798
v 1.654186 34.113663 -5.650323
v 1.594121 31.792423 -0.464794
v 6.063780 33.247906 -5.492457
v 5.383789 31.166376 -0.702971
v 9.829630 31.222136 -5.307308
v 8.771525 29.525936 -0.881450
v 8.851684 28.495819 2.877753
v 11.158350 27.488031 -0.757199
v 11.136738 27.429731 2.469717
v 12.658131 24.909363 -0.216416
v 12.626706 28.428261 -4.854896
v 11.136715 32.508183 -10.313212
v 14.424961 29.245424 -9.563038
v 12.266068 33.171783 -15.792488
v 16.084021 29.714962 -15.186349
v 13.136477 33.303562 -21.537458
v 17.233118 29.676363 -21.398376
v 19.532249 25.052475 -21.015289
v 17.136358 28.836708 -27.782919
v 19.115789 23.917780 -27.647850
v 19.723169 18.942238 -26.848177
v 20.227438 20.321739 -20.264357
v 19.514458 14.720676 -25.771469
v 20.072580 16.458296 -19.436064
v 19.785101 13.531517 -18.703209
v 19.238991 13.289140 -12.183938
v 17.336500 11.727785 -7.810489
v 19.622511 11.404054 -17.662621
v 19.238777 10.463592 -11.298163
v 17.665277 8.990044 -7.995361
v 16.399910 7.774407 -6.138929
v 15.809270 10.249151 -5.444679
v 18.490683 6.137648 -7.932728
v 17.409874 5.123357 -6.410765
v 17.086641 4.390815 -4.671556
v 15.904068 6.659595 -4.110080
v 17.816347 6.299799 -2.777893
v 17.504005 7.673972 -1.673272
v 15.215527 8.711844 -3.140671
v 18.764923 4.422799 -3.665853
v 21.028074 4.275878 -3.289386
v 20.847559 5.712711 -2.148618
v 24.806690 4.948699 -2.601659
v 25.440544 5.036928 -0.941086
v 21.037884 6.390681 -0.729240
v 24.371740 3.836395 -3.792309
v 28.669008 3.374592 -5.715604
v 29.268906 4.316404 -4.362170
v 24.281252 2.180518 -4.738261
v 28.294939 1.816357 -6.492883
v 33.330292 1.591972 -8.042159
v 33.541069 2.985404 -7.175289
v 24.315844 0.000000 -5.512924
v 28.010021 0.000000 -7.011279
v 33.234867 0.000000 -8.445745
v 38.983887 0.000000 -8.157916
v 38.899330 1.377042 -7.705869
v 28.765976 0.000000 -5.239621
v 33.423157 0.000000 -6.823265
v 38.689217 0.000000 -6.736804
v 43.381474 0.000000 -4.674290
v 44.027622 0.000000 -5.820815
v 33.807587 0.000000 -5.147869
v 38.456795 0.000000 -5.309544
v 42.798546 0.000000 -3.583289
v 46.515827 0.000000 -0.766798
v 47.228889 0.000000 -1.719827
v 38.416100 0.000000 -3.829109
v 42.294323 0.000000 -2.443849
v 45.924316 0.000000 0.058894
v 49.196144 0.323278 3.143667
v 49.832142 0.000000 2.442406
v 42.183483 0.951794 -2.147209
v 45.836330 1.151824 0.138151
v 49.262939 1.473307 3.032136
v 52.646843 1.682361 6.336656
v 52.567501 0.448305 6.429137
v 46.046219 2.457554 -0.226755
v 49.445099 2.697154 2.755463
v 52.849297 2.937737 6.028387
v 57.008659 3.024371 8.785043
v 56.855610 1.776224 9.230902
v 49.838818 3.755183 2.254931
v 53.282608 3.966727 5.439081
v 57.271095 4.093165 8.150559
v 62.028275 4.228922 9.326689
v 62.047237 3.064186 9.879004
v 53.972237 3.835918 4.580544
v 57.748051 3.945594 7.076663
v 62.015190 3.954157 8.162555
v 66.302330 3.969648 7.193961
v 66.801125 4.254403 8.118426
v 58.072636 2.736372 6.360609
v 62.042156 2.717106 7.532540
v 66.038506 2.707907 6.602357
v 69.237129 2.567866 3.982791
v 69.674324 3.847737 4.314578
v 61.984623 1.377694 7.195596
v 65.841187 1.381785 6.329910
v 68.970978 1.291191 3.858637
v 70.494980 1.199551 0.267385
v 70.755966 2.360243 0.226869
v 65.753899 0.000000 6.082532
v 68.861282 0.000000 3.746253
v 70.397758 0.000000 0.272754
v 69.660667 0.000000 -3.500349
v 69.771942 1.102996 -3.584173
v 69.859909 0.000000 4.492940
v 71.505829 0.000000 0.366956
v 70.720718 0.000000 -4.008144
v 67.818207 0.000000 -7.307457
v 67.321533 0.000000 -6.523258
v 72.792686 0.000000 0.525274
v 71.867165 0.000000 -4.576655
v 68.340752 0.000000 -8.235969
v 63.686176 0.000000 -9.475868
v 63.703636 0.000000 -8.522102
v 72.314384 0.486263 -4.797061
v 68.650383 0.361393 -8.761958
v 63.655544 0.263452 -10.125390
v 59.169559 0.187377 -8.858837
v 59.577225 0.000000 -8.287005
v 68.602821 1.346200 -8.695454
v 63.655014 1.057440 -9.964622
v 59.292732 0.863826 -8.685711
v 56.667702 0.557300 -6.345413
v 56.790405 0.000000 -6.361709
v 63.585827 1.915647 -9.615886
v 59.444771 1.679283 -8.373387
v 56.807507 1.296558 -6.120092
v 59.642284 2.247071 -7.973082
v 56.948830 1.936795 -5.893390
v 59.950794 2.118000 -7.442042
v 57.424881 1.991225 -5.430117
v 56.254848 0.982280 -3.178607
v 55.522888 0.044740 -0.951621
v 57.807472 1.377023 -5.195304
v 56.510284 0.794120 -3.127087
v 55.777687 0.032542 -0.894044
v 56.056519 0.000000 -2.966003
v 55.715839 0.000000 -3.095989
v 57.217175 0.000000 -6.036883
v 57.671867 0.000000 -5.648313
v 60.022125 0.000000 -7.593446
v 58.181850 0.000000 -5.148160
v 60.391972 0.000000 -6.818472
v 63.699135 0.000000 -7.648704
v 60.332195 0.814639 -6.885888
v 63.708862 0.860604 -7.754099
v 67.325226 0.957148 -6.598190
v 63.675076 1.650076 -7.952198
v 67.412491 1.892622 -6.880470
v 69.997841 2.203521 -3.759876
v 67.648079 2.723990 -7.341307
v 70.450577 3.167309 -4.066394
v 71.299210 3.486032 0.208179
v 71.213745 3.468642 -4.455962
v 72.093979 3.843573 0.297263
v 70.494553 4.169663 4.889639
v 72.570786 2.903613 0.392768
v 70.872375 3.106766 5.217669
v 67.031639 3.144860 8.610482
v 71.134308 1.874212 5.465519
v 67.186577 1.837244 8.908233
v 62.087318 1.772854 10.267379
v 67.305832 0.575207 9.096728
v 62.124199 0.513982 10.553137
v 56.789265 0.499301 9.385099
v 62.049950 0.000000 9.753710
v 57.091366 0.000000 8.576676
v 53.136971 0.000000 5.747993
v 57.682774 0.000000 7.241071
v 54.010033 0.000000 4.665478
v 50.700493 0.000000 1.473840
v 54.831635 0.000000 3.633961
v 51.524418 0.000000 0.566397
v 48.027863 0.000000 -2.676784
v 51.392128 1.319170 0.658738
v 47.826721 1.221375 -2.477768
v 43.814564 1.213315 -5.477812
v 47.507759 2.408645 -2.136467
v 43.543705 2.378639 -4.968822
v 38.819901 2.640818 -6.962816
v 43.154518 3.418206 -4.219244
v 38.704617 3.631374 -5.885506
v 33.843243 3.920143 -5.882582
v 38.520813 3.482956 -4.501799
v 34.174694 3.661170 -4.245016
v 29.975718 4.025427 -2.678155
v 34.497929 2.436430 -3.012508
v 30.625259 2.730140 -1.327175
v 26.128639 3.823008 0.746102
v 31.254646 1.013097 -0.492447
v 21.390417 6.168561 1.021869
v 17.556911 8.507577 0.073125
v 14.720460 11.415665 -0.158899
v 14.779647 10.396791 -1.704593
v 34.770203 0.857036 -2.371644
v 34.395458 0.000000 -3.496076
v 30.522602 0.000000 -1.778554
v 29.544210 0.000000 -3.538827
v 26.080065 0.000000 -1.387713
v 25.219875 0.000000 -3.466737
v 38.419788 0.841345 -3.242518
v 38.444427 2.312846 -3.608709
v 42.367378 2.305851 -2.573509
v 42.701778 3.356661 -3.288551
v 46.438114 3.508032 -0.825544
v 47.010109 3.447258 -1.563620
v 50.508572 3.616778 1.518092
v 51.054955 2.543813 0.961307
v 54.480614 2.677803 3.977314
v 54.739071 1.382371 3.696652
v 58.214931 1.393128 6.035836
v 58.295326 0.000000 5.881711
v 62.015068 0.000000 6.974206
v 61.957809 0.000000 8.307310
v 66.331291 0.000000 7.358132
v 66.911728 0.000000 8.439775
v 70.835182 0.000000 5.273289
v 71.268036 0.670416 5.625194
v 73.114449 0.631338 0.532335
v 72.980591 1.805711 0.466163
v 72.060951 1.607428 -4.744862
v 71.728783 2.632867 -4.641081
v 68.324677 2.229033 -8.385002
v 67.978783 2.999687 -7.976398
v 63.508606 2.620686 -9.059482
v 63.574436 2.447991 -8.370281
v 60.199917 1.537102 -7.064621
v 57.982826 0.762111 -5.205071
v 17.751066 17.422991 -32.833462
v 17.551537 12.845970 -31.399994
v 14.422466 16.037033 -37.894207
v 14.637026 11.383131 -36.278400
v 9.335070 14.584466 -40.736847
v 9.385746 10.322151 -39.362442
v 9.004971 6.658267 -37.759796
v 3.751414 8.770983 -39.974152
v 3.970660 5.711549 -38.570984
v 3.781524 12.748198 -41.598850
v 8.396425 19.264280 -41.506527
v 3.183503 17.212803 -42.868370
v -1.511160 15.200839 -42.285408
v 1.976829 22.222677 -42.980465
v -2.689739 20.381317 -43.043774
v -6.928474 18.744333 -42.070545
v -3.766623 25.911097 -41.815445
v -7.834262 24.347645 -41.007854
v -10.941890 17.519701 -40.362236
v -14.912902 16.937847 -37.398560
v -17.708567 16.833559 -32.542934
v -16.902702 11.981128 -32.373245
v -18.634109 11.739104 -27.238449
v -17.310146 7.714634 -26.921158
v -15.571924 7.575762 -31.848551
v -19.480814 16.425480 -27.085775
v -19.706244 21.383823 -26.787500
v -20.346008 20.302551 -21.174583
v -18.644602 26.463869 -26.899446
v -19.394745 25.679047 -21.096941
v -15.610208 30.773071 -27.105392
v -16.587828 30.447256 -21.374340
v -11.461488 33.795055 -27.289608
v -12.321904 33.822910 -21.705284
v -6.799988 35.643963 -27.453493
v -7.497365 35.974827 -21.934771
v -7.741983 35.525528 -16.568542
v -2.430720 36.870018 -21.979002
v -2.737091 36.579853 -16.585663
v 2.758001 36.837582 -21.893637
v 2.381298 36.591022 -16.466116
v 8.071203 35.754341 -21.717094
v 7.533845 35.559696 -16.210590
v 6.861699 34.807415 -10.717988
v 3.098384 36.332047 -27.289885
v 8.276174 35.222878 -27.198841
v 13.288755 32.705139 -27.387413
v 15.324283 27.374657 -33.666786
v 11.878509 25.798933 -38.643230
v 13.392098 20.994965 -38.632713
v 17.039923 22.513983 -33.637577
v 6.998824 24.088202 -41.517296
v 0.717955 27.363382 -41.377769
v -0.390712 31.704401 -37.729588
v -4.736104 30.788065 -38.165009
v -1.222239 34.555626 -32.676933
v -5.718080 33.910046 -32.826855
v -9.890977 32.517422 -32.660851
v -8.554526 29.411652 -37.759136
v -1.927373 36.426121 -27.395685
v -15.639798 3.844647 -26.143389
v -13.740678 3.759583 -30.990040
v -13.568806 0.000000 -25.405285
v -11.857291 0.002776 -30.070225
v -8.196550 0.000736 -22.331106
v -5.463247 0.005947 -26.770388
v -4.981886 0.000024 -19.569397
v -1.202903 0.000179 -23.918879
v -2.464420 0.000001 -17.282520
v 1.381548 0.000006 -21.307343
v 5.728525 0.000014 -26.042053
v 3.776258 0.000000 -18.978607
v 7.796905 0.000001 -23.125607
v 6.466858 0.000000 -16.649675
v 10.023670 0.000000 -20.505207
v 9.873407 0.000000 -14.024405
v 6.891901 0.000000 -11.028040
v 3.192075 0.000000 -13.375799
v -0.079059 0.000000 -10.401657
v 3.377186 0.000000 -8.438026
v 0.189382 0.000000 -15.278055
v -3.161315 0.000000 -12.081643
v -6.537253 0.000000 -9.158898
v -3.562188 0.000000 -7.642413
v -6.061931 0.000000 -13.875769
v -9.503731 0.000000 -10.843015
v -13.003145 0.000000 -8.079815
v -8.877761 0.000003 -15.764951
v -12.465599 0.000000 -12.611992
v -15.854982 0.000000 -9.866798
v -11.638235 0.000034 -17.952402
v -15.979400 0.000000 -21.452499
v -17.279812 3.601272 -21.230286
v -18.877634 3.323121 -20.124376
v -21.349766 3.043626 -19.413048
v -24.414574 2.923526 -19.452675
v -24.903660 5.346276 -18.825621
v -28.439480 4.798995 -19.476572
v -27.992296 2.589736 -20.068123
v -25.467052 7.117961 -17.639721
v -29.089033 6.511997 -18.552832
v -33.108116 5.771774 -20.263281
v -32.247253 4.193810 -20.946896
v -26.071306 7.691805 -15.580663
v -29.952589 6.713367 -16.786238
v -34.127747 5.605948 -18.930956
v -37.579071 5.010062 -22.441576
v -36.139950 5.203862 -23.300508
v -30.466221 5.073647 -15.299749
v -34.736202 4.068818 -17.915993
v -38.447781 3.538569 -21.807293
v -39.701317 3.237708 -27.250975
v -38.862236 4.736806 -27.342516
v -35.120701 2.219533 -17.217464
v -39.010666 1.831252 -21.475060
v -40.290859 1.660628 -27.190586
v -39.498959 1.642928 -32.518951
v -38.899334 3.248968 -32.414295
v -39.304668 -0.000000 -21.249916
v -40.822666 0.000000 -27.159437
v -40.028683 0.000000 -32.662498
v -38.633175 0.000000 -37.213310
v -38.189571 1.641416 -37.110294
v -35.100964 0.000000 -27.656239
v -34.732967 0.000000 -31.745907
v -33.845886 0.000000 -36.376434
v -33.370842 0.000000 -41.419762
v -37.887707 0.000000 -41.522934
v -35.203983 1.783491 -31.835543
v -34.286682 1.672036 -36.458836
v -33.835186 1.551386 -41.461857
v -34.629978 1.539954 -46.691944
v -34.347271 0.000000 -46.774590
v -34.835499 3.283959 -36.560707
v -34.358253 3.083057 -41.488018
v -35.069458 3.005767 -46.573833
v -37.909939 2.801761 -50.919422
v -37.562069 1.433264 -51.126202
v -34.996086 4.523364 -41.513802
v -35.582813 4.372427 -46.465225
v -38.303516 4.152695 -50.671703
v -42.507248 3.848840 -53.172646
v -42.293148 2.593532 -53.586151
v -36.662289 4.483086 -46.092251
v -38.956306 4.197788 -50.019287
v -42.806561 3.857012 -52.367424
v -47.255051 3.597293 -52.475407
v -47.437569 3.562246 -53.255650
v -39.396008 2.905139 -49.545456
v -42.895077 2.617835 -51.816578
v -47.070789 2.463183 -51.952576
v -50.737381 2.187443 -50.016121
v -51.194214 3.251490 -50.394684
v -42.955845 1.347045 -51.425938
v -46.912144 1.248197 -51.539120
v -50.457512 1.091269 -49.826698
v -52.478062 0.992631 -46.456547
v -52.879612 2.007045 -46.523403
v -46.814400 0.000000 -51.185108
v -50.186783 -0.000000 -49.656780
v -52.182701 0.000000 -46.414219
v -52.448292 0.000000 -42.700283
v -52.626610 0.898135 -42.678318
v -52.303421 0.000000 -51.762337
v -55.126568 0.000000 -47.245899
v -55.159462 0.000000 -42.146744
v -52.246696 0.000000 -37.637787
v -50.651367 0.000000 -39.666008
v -54.803646 1.150363 -47.127071
v -54.911324 1.029781 -42.141052
v -52.042698 0.770097 -37.906738
v -47.984821 0.710254 -36.048782
v -47.958824 0.000000 -35.865177
v -54.563805 1.962894 -42.154202
v -51.804653 1.492991 -38.167290
v -47.994141 1.429684 -36.346428
v -44.913578 1.418909 -36.409813
v -44.912914 0.701541 -36.162605
v -51.388008 2.180830 -38.541897
v -47.939999 2.052017 -36.693302
v -44.945229 1.934341 -36.648453
v -43.001408 1.253849 -37.039825
v -47.782146 1.912155 -37.324093
v -45.015476 1.849852 -37.087208
v -47.644402 1.320304 -37.735256
v -45.104473 1.337099 -37.525711
v -47.571968 0.683897 -38.049557
v -45.119732 0.638593 -37.723698
v -43.531239 0.620432 -38.121952
v -45.144897 0.000000 -37.905884
v -43.602234 0.000000 -38.267509
v -44.953457 0.000000 -36.072491
v -43.045143 0.000000 -36.792336
v -43.045807 0.604154 -36.867344
v -47.568527 0.000000 -38.349197
v -50.716114 0.725311 -39.543640
v -50.748699 1.397882 -39.394173
v -52.832146 1.706929 -42.534313
v -50.981064 2.085195 -39.022800
v -53.350960 2.498630 -42.270306
v -53.413345 2.935107 -46.585583
v -54.175041 2.720991 -42.132412
v -53.945477 3.018225 -46.758030
v -51.742619 3.370794 -50.865078
v -54.438145 2.125781 -46.977211
v -51.977600 2.294584 -51.278786
v -47.413536 2.416983 -53.665749
v -52.174183 1.197289 -51.602207
v -47.417862 1.198366 -54.064400
v -42.097481 1.291382 -53.963928
v -47.452263 0.000000 -54.233833
v -42.028805 0.000000 -54.186455
v -37.351254 0.000000 -51.309826
v -43.027641 0.000000 -51.152832
v -39.854393 0.000000 -49.027588
v -38.043358 0.000000 -45.571320
v -39.738003 1.494843 -49.204399
v -37.793346 1.591956 -45.701866
v -37.457718 1.631558 -41.499939
v -37.347809 3.110107 -45.833912
v -37.011185 3.223219 -41.513882
v -37.642727 3.232079 -37.034573
v -36.188911 4.578913 -41.534702
v -36.935356 4.688751 -36.940369
v -38.167252 4.778772 -32.329689
v -35.577808 4.743729 -36.702721
v -36.691963 4.977417 -32.067852
v -37.296238 5.048229 -27.488028
v -35.816509 3.498836 -31.924181
v -36.319923 3.592491 -27.574579
v -35.224289 3.736839 -23.659645
v -35.642944 1.831006 -27.616592
v -34.574402 1.916098 -23.921360
v -31.686094 2.176999 -21.392450
v -34.139656 -0.000000 -24.228760
v -31.378305 0.000000 -21.802040
v -27.833065 0.000000 -20.191298
v -35.046238 0.000000 -17.107136
v -30.894142 0.000000 -13.939766
v -30.735613 2.938870 -14.410040
v -4.509031 0.000000 -3.409307
v -0.525321 0.000000 -5.998731
v -1.258395 0.000000 -1.740288
v 3.082224 0.000000 -4.052921
v 2.261393 0.000000 0.273206
v 6.918679 0.000000 -1.853303
v 5.664833 0.000000 2.597733
v 10.033739 0.000000 0.504570
v 8.645817 0.000000 5.273956
v 12.221517 0.000000 3.080648
v 11.148656 0.000000 8.064540
v 8.476482 0.000000 10.145068
v 11.370054 0.000000 13.605838
v 13.394836 0.000000 11.055917
v 5.144839 0.000000 7.279519
v 1.812069 0.000000 9.558067
v 5.665375 0.000000 12.242597
v 1.634859 0.000000 4.833413
v -1.942760 0.000000 2.746604
v -5.500257 0.000000 1.080459
v -8.581211 0.000000 -0.164379
v 2.723527 0.000000 14.686275
v 6.243561 0.000000 17.615967
v 9.078175 0.000000 15.632422
v 8.667789 0.000000 20.527737
v 5.569224 0.000000 22.573195
v 7.428706 0.000000 25.149050
v 10.244788 0.000000 23.373678
v 3.028878 0.000000 20.152502
v 2.041107 0.000000 25.445702
v -0.196615 0.000000 17.718193
v 2.886335 3.305239 24.844570
v 5.116830 2.617858 27.458481
v 4.164978 0.000000 27.696695
v 6.534449 2.174497 30.555977
v 5.731764 0.000000 30.548128
v 8.551907 0.000000 29.480145
v 5.932436 0.000000 34.048416
v 8.179245 0.000000 34.263767
v 10.628783 0.000000 34.556648
v 11.206204 0.000000 28.609293
v 12.521656 0.000000 34.915222
v 8.382378 0.000000 39.345413
v 9.891370 0.000000 40.241268
v 11.272835 0.000000 41.113316
v 14.200934 0.000000 35.412056
v 12.014889 0.714039 41.627712
v 15.023223 0.848875 35.756729
v 11.640315 2.124139 41.353806
v 14.442780 2.301023 35.660767
v 14.718678 2.892061 29.252188
v 13.334209 3.644353 35.554684
v 13.459645 4.298405 29.713303
v 11.666575 4.394601 35.374954
v 11.698055 5.217740 30.281492
v 10.163523 6.794022 26.125237
v 9.572484 5.258141 30.649561
v 8.065530 6.356816 26.941044
v 5.977870 7.837588 23.815622
v 8.061902 8.926214 22.876467
v 3.707685 9.618469 21.174866
v 5.924377 10.901690 20.309076
v 1.172260 12.214969 18.934669
v 3.870722 13.500860 17.977161
v 6.513587 13.667933 16.414032
v 4.232374 6.066389 24.389162
v 6.452165 4.778759 27.187664
v 7.812956 4.025324 30.619034
v 9.668685 4.517628 35.032570
v 7.830001 3.702365 34.592392
v 6.559055 2.077175 34.238873
v 6.359736 3.376235 38.505291
v 5.379914 1.896257 37.896488
v 5.041575 0.000000 37.656075
v 2.866192 1.499367 41.225147
v 2.490326 0.000000 40.911446
v 3.710151 0.000000 41.968529
v 6.531964 0.000000 38.371521
v 5.056523 0.000000 43.165108
v 0.386711 0.000000 45.260391
v 1.433266 0.000000 46.388264
v 2.419114 0.000000 47.593868
v 6.223922 0.000000 44.324066
v 3.293124 0.000000 48.746162
v 7.310313 0.000000 45.416286
v 3.671863 0.859424 49.210506
v 7.880514 0.727525 45.961189
v 3.437990 2.254285 48.835041
v 7.595344 2.074059 45.629700
v 2.872799 3.307297 48.041996
v 6.888261 3.141573 44.929703
v 10.763062 3.298883 40.868366
v 5.903352 3.749664 43.963299
v 9.401700 3.957454 40.153885
v 4.792658 3.557864 42.941822
v 7.850323 4.016961 39.322464
v 3.700105 2.868652 41.976665
v 1.108808 3.606498 45.896946
v 0.224179 2.802881 44.993717
v -0.393667 1.505043 44.434742
v -3.473846 2.766660 48.131046
v -3.955250 1.473572 47.696095
v -4.127583 0.000000 47.564415
v -0.725540 0.000000 44.128799
v -3.151834 0.000000 48.558960
v -7.526559 0.000000 51.283691
v -6.592999 0.000000 52.100174
v -5.525910 0.000000 53.033810
v -2.152500 0.000000 49.566589
v -4.549622 0.000000 53.949806
v -1.257675 0.000000 50.635811
v -3.708492 0.249249 54.747269
v -0.466463 0.000000 51.680412
v -3.775845 1.304073 54.648418
v -0.279131 1.039307 51.876431
v -4.048814 2.568098 54.372192
v -0.509299 2.439686 51.520138
v -4.516598 3.704349 53.911709
v -1.031148 3.529125 50.822807
v -5.436006 4.175738 53.086174
v -1.837009 4.055759 49.847496
v 2.059913 3.888505 46.994823
v -2.733677 3.699539 48.872776
v -6.278720 3.533415 52.349125
v -6.929852 2.516216 51.812057
v -9.154474 3.242045 56.467228
v -9.825457 2.322819 56.132500
v -10.248406 1.204030 55.930050
v -7.381003 1.372378 51.432045
v -10.471899 0.000000 55.812325
v -11.609976 1.144087 61.354012
v -11.824417 0.000000 61.318787
v -10.504163 0.000000 61.366707
v -9.305677 0.000000 56.302166
v -9.566453 0.000000 61.459373
v -8.203140 0.000000 56.865013
v -8.479148 0.000000 61.632366
v -7.155516 0.000000 57.538017
v -7.969129 0.542440 61.727818
v -6.464612 0.400329 57.993206
v -8.126405 1.620033 61.699234
v -6.568038 1.470400 57.891773
v -8.336959 2.704291 61.640331
v -6.845563 2.604236 57.728954
v -8.899922 3.699988 61.518040
v -7.316741 3.633729 57.449780
v -9.906634 3.962391 61.445122
v -8.330141 3.846377 56.914104
v -10.771972 3.262529 61.375786
v -9.137141 4.076775 66.314896
v -9.863890 3.259116 66.581467
v -10.311553 2.263679 66.737122
v -11.271193 2.281605 61.342255
v -10.582564 1.174374 66.853760
v -6.967234 2.113146 71.031197
v -7.161579 1.076735 71.226845
v -7.268661 0.000000 71.324631
v -10.764704 0.000000 66.880661
v -6.743422 0.000000 70.665443
v -9.770269 0.000000 66.411263
v -6.120480 0.000000 69.896912
v -8.862732 0.000000 66.114754
v -5.486383 0.000000 69.180618
v -7.899384 0.000000 65.787155
v -5.263276 0.621993 68.914520
v -7.555871 0.620799 65.662384
v -5.315052 1.647145 69.018112
v -7.720080 1.702970 65.724838
v -5.461191 2.615810 69.284317
v -7.905793 2.745933 65.812729
v -5.753757 3.484883 69.660789
v -8.434405 3.763442 66.015244
v -6.178848 3.744675 70.214264
v -1.681611 3.302427 71.447746
v -1.757553 3.739268 72.296967
v -1.925100 2.977078 72.820732
v -6.640260 3.046033 70.676285
v -2.031285 2.042609 73.299034
v 3.020194 2.677205 72.318153
v 3.134126 1.853556 72.786430
v 3.188279 0.962695 73.121109
v -2.130981 1.045387 73.638275
v 3.212940 0.000000 73.206604
v -2.217548 -0.000000 73.859497
v 2.937824 0.000000 72.324844
v -2.011741 0.000000 72.748009
v 2.652669 0.000000 71.462288
v -1.840772 0.000000 71.857933
v 2.373322 0.000000 70.553070
v -1.658327 0.000000 70.945610
v 2.183619 0.378434 70.109200
v -1.612311 0.517524 70.528481
v 2.217252 1.226859 70.189728
v -1.615503 1.476490 70.686707
v 2.381502 2.037103 70.497482
v -1.591199 2.422337 70.876511
v 2.631293 2.912668 71.021957
v 5.268792 1.672268 68.657104
v 5.611862 2.330274 68.878372
v 6.222400 2.689614 69.416138
v 2.937943 3.347898 71.699020
v 6.669086 2.374065 69.861450
v 7.766547 2.362265 66.189384
v 8.383371 2.203771 66.354362
v 8.849886 1.527812 66.526321
v 6.965308 1.665434 70.187843
v 9.079483 0.788827 66.615898
v 7.168121 0.830379 70.418777
v 9.282933 0.000000 66.675171
v 7.330559 0.000000 70.556885
v 8.444717 0.000000 66.413429
v 6.589568 0.000000 69.863098
v 7.673468 0.000000 66.222145
v 5.949238 0.000000 69.291702
v 6.951889 0.000000 66.022514
v 5.283535 0.000000 68.680725
v 6.539956 0.219488 65.880943
v 4.955808 0.266854 68.348656
v 6.611754 0.836829 65.901207
v 5.055552 0.964345 68.436226
v 6.769457 1.474633 65.952705
v 6.721339 0.689430 63.076725
v 6.779700 1.295688 63.040573
v 7.173467 1.826157 62.959362
v 7.132968 2.030591 66.031029
v 7.716850 2.182763 62.878208
v 6.032493 1.511564 60.553905
v 6.170332 1.859729 60.182098
v 7.378357 2.008331 60.511414
v 8.441977 2.002009 62.769756
v 7.134078 1.580806 59.607307
v 8.976032 1.516403 62.682869
v 7.758846 0.721964 59.441025
v 9.314190 0.787782 62.635307
v 8.138942 0.000000 59.318092
v 9.519845 0.000000 62.654709
v 7.551672 0.000000 59.731434
v 8.678549 0.000000 62.752228
v 6.866517 0.000000 60.222164
v 7.894979 0.000000 62.904415
v 6.369558 0.000000 60.549355
v 7.226284 0.000000 63.038124
v 5.897184 0.000000 60.816219
v 6.694846 0.145096 63.104828
v 5.744906 0.464592 60.873257
v 4.603328 0.000000 59.233070
v 4.462440 0.299605 59.355782
v 4.518363 0.719868 59.197372
v 5.797320 1.044999 60.797840
v 2.621960 0.197666 58.311150
v 2.758623 0.000000 58.186005
v 2.928479 0.000000 57.835682
v 4.925109 0.000000 58.855701
v 5.240120 0.000000 58.480480
v 3.073742 0.000000 57.479179
v 3.174828 0.000000 57.175144
v 1.020828 0.000000 57.278320
v 5.529838 0.000000 57.999516
v 5.794111 0.000000 57.466717
v -0.291377 0.001415 57.422203
v -16.088886 7.509007 -2.940693
v -19.866863 3.693456 -3.589643
v -23.394644 2.627698 -3.381238
v -24.274158 0.000000 -2.876014
v -21.609562 0.000000 -3.350726
v -24.288353 0.000000 -0.314643
v -21.779045 0.000000 -0.352743
v -22.176607 0.000000 2.529138
v -20.475632 0.000000 2.804109
v -21.083941 0.000000 4.986394
v -27.833820 0.000000 -2.598846
v -27.701696 1.939640 -3.054504
v -32.152828 1.806100 -2.586542
v -36.627140 3.660046 -1.408861
v -41.260921 4.684428 -0.887058
v -41.697525 3.994956 0.321235
v -45.883106 3.892562 -1.975290
v -46.280441 2.598644 -1.306320
v -50.020248 2.592989 -4.019199
v -50.229534 1.088491 -3.668603
v -54.036823 1.205225 -5.808774
v -53.956203 0.000000 -6.032697
v -57.946205 0.000000 -7.456772
v -57.689423 0.000000 -8.625541
v -62.133484 0.000000 -8.880868
v -62.268841 0.000000 -10.194428
v -67.020409 0.000000 -8.891461
v -67.310051 0.608268 -9.399482
v -71.243805 0.540786 -5.941136
v -71.118851 1.692398 -5.839585
v -72.975937 1.611686 -1.207608
v -72.637955 2.693696 -1.114584
v -72.421440 2.409620 3.257377
v -71.752182 3.176485 3.132200
v -70.237366 2.853248 6.329757
v -69.623039 2.792580 5.848124
v -67.568321 2.523974 7.877659
v -67.260086 1.834028 7.348084
v -64.865387 1.688755 8.335256
v -64.861595 0.922115 8.096666
v -62.413300 0.788044 8.144440
v -62.477203 0.154940 8.045379
v -60.299305 0.004952 7.084965
v -59.946655 0.000000 7.701612
v -58.087830 0.000000 6.185091
v -57.590424 0.000000 6.584629
v 20.085560 2.703829 7.004462
v 22.357586 1.925596 7.678737
v 20.910196 5.448916 8.229785
v 17.788034 6.116037 7.392502
v 24.816231 0.000000 10.990873
v 25.635185 0.977915 8.759620
v 25.052252 3.852244 9.172515
v 24.573355 6.604093 10.505144
v 19.634516 8.205704 9.680454
v 29.971346 0.644967 10.932578
v 29.705730 2.868078 11.153683
v 29.477724 5.188017 12.288606
v 28.556927 6.106009 14.715234
v 24.195902 7.388518 13.314711
v 34.148552 2.369375 14.803774
v 33.639660 4.227024 15.649700
v 32.222702 5.202443 17.176416
v 30.656767 4.084419 18.518482
v 27.418819 4.410984 16.635168
v 36.060150 3.689884 20.325912
v 34.466473 4.550771 20.926735
v 32.762516 3.881448 21.542444
v 32.066551 2.248785 21.738752
v 30.045925 2.259853 18.895445
v 35.221470 4.405213 25.407564
v 33.643776 3.815692 25.577475
v 32.893162 2.330735 25.669918
v 32.427315 0.788316 25.732821
v 31.580088 0.728328 21.864241
v 34.017384 3.759832 30.095085
v 33.359478 2.356442 30.129246
v 32.884544 0.871162 30.166853
v 33.450401 0.000000 30.110018
v 33.275974 0.000000 25.575893
v 33.656788 2.376511 34.740677
v 33.214569 0.954165 34.760082
v 33.484798 0.000000 34.747780
v 34.758095 0.000000 34.728451
v 34.927696 0.000000 30.023071
v 33.261406 1.051679 39.450207
v 33.417038 0.000000 39.445709
v 34.564648 0.000000 39.421658
v 35.964828 0.000000 39.403946
v 36.176594 0.000000 34.767204
v 33.585194 0.000000 44.304287
v 34.699280 0.000000 44.144310
v 36.090492 0.000000 43.942383
v 36.853020 0.482370 43.847458
v 36.689743 0.529133 39.407146
v 35.688366 0.000000 48.788643
v 36.986164 0.000000 48.237297
v 37.708351 0.428390 47.906162
v 37.423653 1.591479 48.025795
v 36.485401 1.702147 43.894444
v 39.197914 0.000000 51.646317
v 39.694160 0.363588 51.052547
v 39.578995 1.416838 51.238029
v 39.359577 2.530062 51.572987
v 37.054054 2.802667 48.228649
v 42.869690 0.308448 52.672745
v 42.840240 1.229295 52.904156
v 42.753887 2.242919 53.346432
v 42.684765 3.102866 53.950512
v 38.980679 3.554073 52.133869
v 46.321369 1.104118 53.113964
v 46.385105 2.075181 53.456886
v 46.508129 2.912284 54.042915
v 46.661312 2.944799 54.791859
v 42.494770 3.051371 54.607914
v 49.513851 1.935898 52.228096
v 49.812973 2.769099 52.615784
v 50.215893 2.820351 53.199837
v 50.490978 1.999209 53.636368
v 46.745110 2.066696 55.312210
v 52.043644 2.644794 50.233742
v 52.677647 2.715443 50.632191
v 53.111813 1.931761 50.923779
v 53.450256 1.017084 51.143696
v 50.684895 1.057030 53.956074
v 53.890774 2.561017 47.383976
v 54.437939 1.847579 47.514061
v 54.842617 0.979050 47.601830
v 55.035442 0.170407 47.644093
v 53.593193 0.196218 51.303455
v 54.239731 1.753075 43.930481
v 54.618385 0.921457 43.844872
v 54.811779 0.193853 43.742382
v 54.052715 0.000000 43.997196
v 54.246857 0.000000 47.542751
v 52.759750 0.768615 40.610348
v 53.018730 0.158051 40.442566
v 52.450645 0.000000 40.886311
v 51.760006 0.000000 41.439903
v 53.052567 0.000000 44.244484
v 50.083790 0.149462 37.953815
v 49.751823 0.000000 38.532875
v 49.331429 0.000000 39.283401
v 48.987076 0.000000 39.877502
v 51.130310 0.000000 41.921692
v 46.580009 0.000000 37.405197
v 46.441837 0.000000 38.145538
v 46.345333 0.000000 38.766815
v 46.327488 0.419659 38.912064
v 48.856773 0.529375 40.067287
v 44.148727 0.000000 38.042290
v 44.210552 0.000000 38.603413
v 44.221439 0.372768 38.740261
v 44.194851 0.891924 38.574356
v 46.335159 1.049119 38.731697
v 42.630093 0.000000 38.874027
v 42.656322 0.316104 38.981548
v 42.600094 0.784398 38.848362
v 42.539391 1.226938 38.741154
v 44.135612 1.412312 38.444637
v 41.486397 0.248851 39.505138
v 41.357609 0.686928 39.426109
v 41.485977 0.000000 39.311691
v 42.465797 0.000000 38.446651
v 41.275822 0.000000 38.950581
v 40.436035 0.000000 39.341190
v 41.039333 0.000000 38.578018
v 40.351006 0.000000 39.015579
v 40.882347 0.143608 38.322891
v 40.261330 0.126140 38.938690
v 40.914501 0.505154 38.478249
v 40.124123 0.422901 39.169518
v 39.661472 0.496731 39.709797
v 42.141548 0.134325 37.674160
v 42.181686 0.587968 37.736084
v 42.310314 1.031767 38.011688
v 43.979549 0.611253 37.138802
v 44.018963 1.143339 37.501442
v 44.067108 1.519218 37.947514
v 42.436165 1.342304 38.401203
v 46.523994 1.300883 37.393524
v 46.464165 1.772373 37.892094
v 46.368771 1.631012 38.454491
v 49.506252 2.083464 38.856422
v 49.216080 1.844428 39.427868
v 48.946468 1.271339 39.885372
v 51.572765 2.024374 41.509483
v 51.266979 1.322905 41.799698
v 51.072659 0.592788 41.955196
v 52.574032 1.461561 44.367985
v 52.303181 0.623738 44.451424
v 52.273838 0.000000 44.430397
v 52.285297 0.737857 47.204258
v 52.384644 0.000000 47.204548
v 53.183594 0.000000 47.343689
v 51.307869 0.000000 49.843956
v 52.001541 0.000000 50.316383
v 52.869751 0.000000 50.859039
v 49.656445 0.000000 52.502647
v 50.264252 0.000000 53.422695
v 50.721386 0.215447 54.074207
v 46.652050 0.000000 54.929764
v 46.795650 0.209062 55.840069
v 46.782684 1.072400 55.690380
v 42.050198 0.020664 55.739178
v 42.168716 1.111822 55.487011
v 42.307434 2.140467 55.107391
v 37.772675 1.258998 53.331032
v 38.012932 2.413063 53.106899
v 38.404610 3.520098 52.760132
v 35.159996 2.497188 49.061554
v 35.708515 3.720103 48.854008
v 36.547791 3.894450 48.506676
v 34.458340 3.755539 44.195564
v 35.415386 4.097798 44.058353
v 36.004623 2.974796 43.967072
v 35.184410 4.148645 39.430862
v 35.900269 3.092853 39.425804
v 36.346653 1.807156 39.416992
v 36.226864 3.256946 34.773705
v 36.706318 1.919769 34.798229
v 36.983536 0.577694 34.821991
v 37.115803 1.983171 30.098768
v 37.378685 0.584701 30.134186
v 36.460167 0.000000 30.071991
v 37.788528 0.574480 25.255140
v 36.673386 0.000000 25.268677
v 34.960358 0.000000 25.342228
v 35.938797 0.000000 20.173735
v 34.219994 0.000000 20.746323
v 32.542057 0.000000 21.422243
v 31.882145 0.000000 16.849319
v 30.573132 0.000000 18.136265
v 29.728241 0.672537 19.074688
v 27.356525 0.000000 16.229374
v 26.899427 0.619521 17.587406
v 27.008898 2.318627 17.268463
v 23.725386 0.725429 17.337479
v 23.593479 2.708225 16.883438
v 23.663427 5.311610 15.863648
v 19.608086 4.376566 16.885626
v 20.623514 1.405945 17.577818
v 20.748833 0.000000 16.085960
v 18.136932 0.000000 17.075874
v 23.806787 0.000000 15.640865
v 24.056911 0.000000 13.409915
v 28.002235 0.000000 14.534554
v 28.982616 0.000000 12.641947
v 33.279991 0.000000 15.598785
v 34.466953 0.641993 14.507468
v 37.090687 0.560965 19.747351
v 36.711552 2.051903 19.946501
v 37.345589 1.965245 25.229561
v 36.551331 3.402272 25.274366
v 36.518681 3.348362 30.060749
v 35.352539 4.254750 30.055490
v 35.324997 4.249871 34.746708
v 34.226536 3.715797 34.728043
v 34.155933 3.755285 39.433735
v 33.649971 2.449429 39.437973
v 33.927139 2.487439 44.263866
v 33.550560 1.129110 44.308357
v 34.757839 1.287510 49.227570
v 34.630661 0.219442 49.282326
v 37.633080 0.245534 53.484367
v 38.301926 0.000000 52.662331
v 42.370487 0.000000 54.722672
v 42.668140 0.000000 53.529068
v 46.412125 0.000000 53.721405
v 46.278610 0.254153 52.969299
v 49.249405 0.189865 51.865341
v 49.349079 0.990932 51.994877
v 51.332462 0.843560 49.840939
v 51.626297 1.808398 50.000126
v 52.603199 1.669164 47.216240
v 53.141369 2.462168 47.258293
v 53.091190 2.182955 44.184509
v 53.786530 2.433791 44.006191
v 52.027927 2.111171 41.126659
v 52.445820 1.547621 40.841465
v 49.733486 1.441076 38.464264
v 49.918278 0.752098 38.190990
v 46.602428 0.664897 37.093678
v 46.682747 0.150548 36.857212
v 43.981136 0.123446 36.924477
v 44.041996 0.000000 37.410812
v 42.259151 0.000000 37.977249
v 15.286543 8.779623 8.477462
v 19.327848 6.285773 -22.673954
v 20.735996 6.337117 -22.565966
v 22.399794 6.056974 -23.215740
v 26.474764 4.980610 -17.725100
v 27.696352 0.000000 -16.180660
v 24.870008 5.704631 -24.645578
v 28.894587 5.087192 -20.587629
v 30.426367 0.000000 -19.379778
v 27.724695 0.000000 -23.578339
v 24.150150 0.000000 -21.260752
v 32.030594 4.699596 -23.524553
v 33.618073 0.000000 -22.385916
v 31.838427 0.000000 -26.221235
v 30.294851 0.000000 -30.288408
v 25.475592 0.000000 -27.766705
v 37.343121 0.000000 -25.147696
v 36.281464 0.000000 -28.692684
v 35.338371 0.000000 -32.521275
v 37.114971 3.629172 -31.493814
v 32.570831 4.076393 -29.353144
v 40.770447 0.000000 -30.746952
v 40.341724 0.000000 -34.008400
v 42.030369 3.404611 -33.083832
v 44.500938 3.240706 -30.299974
v 39.778519 3.634147 -28.396114
v 44.707989 -0.000000 -35.307774
v 46.585701 3.479106 -34.737801
v 49.024628 2.920960 -32.788174
v 50.510998 -0.000000 -32.427128
v 45.857777 0.000000 -29.539268
v 50.109020 3.373187 -37.228489
v 52.696827 2.855030 -36.747353
v 53.908039 0.000000 -37.238750
v 51.752007 0.000000 -38.955414
v 49.054390 0.000000 -35.190926
v 53.933327 2.729864 -41.810436
v 54.829395 0.000000 -42.874397
v 52.572533 0.000000 -43.439468
v 51.178890 0.000000 -44.024914
v 50.497456 0.000000 -40.184052
v 53.761036 0.000000 -48.280846
v 51.521446 0.000000 -47.874641
v 50.204575 0.000000 -47.879982
v 50.191532 2.680087 -49.386265
v 51.864441 2.891608 -45.385490
v 48.669777 0.000000 -51.353642
v 47.651051 0.000000 -50.788040
v 46.827454 2.482616 -51.927654
v 46.297859 2.612282 -53.952217
v 50.846039 2.678109 -51.480835
v 43.884827 0.000000 -51.979023
v 42.656567 2.271298 -52.508793
v 41.253395 2.497116 -53.861919
v 39.973797 -0.000000 -54.281242
v 45.402424 0.000000 -54.859531
v 38.845268 2.099357 -50.808079
v 37.020588 2.311319 -51.205498
v 35.746624 0.000000 -50.882084
v 37.053322 0.000000 -49.214706
v 40.274097 0.000000 -52.125565
v 34.912319 2.072131 -46.599232
v 34.099785 0.000000 -45.592182
v 35.991158 0.000000 -45.052364
v 36.723610 0.000000 -44.497051
v 37.399246 0.000000 -48.239155
v 35.655094 0.000000 -40.680286
v 37.441299 0.000000 -41.112556
v 38.423824 0.000000 -41.190857
v 38.849758 1.633274 -39.949345
v 36.717197 1.723703 -43.331814
v 39.766693 0.000000 -38.734249
v 40.666637 0.000000 -39.311939
v 41.150429 1.263601 -38.596230
v 41.358746 1.070613 -37.675068
v 38.672607 1.635560 -38.673779
v 43.312939 0.773184 -37.419571
v 43.508038 0.000000 -37.063095
v 41.542191 0.000000 -37.077908
v 44.110142 0.481397 -37.476238
v 44.100941 0.000000 -37.271034
v 38.860931 0.000000 -37.863197
v 35.762722 1.988700 -41.871696
v 36.430168 1.810159 -47.371128
v 40.166683 0.000000 -51.003506
v 44.537117 0.000000 -52.893490
v 50.561409 0.000000 -52.691154
v 53.410442 2.745401 -46.921661
v 51.792557 3.111518 -41.049267
v 48.352524 -0.000000 -37.109844
v 45.141663 0.000000 -32.677795
v 41.366920 0.000000 -27.565601
v 35.709988 3.978334 -26.287924
v 28.270145 4.993262 -26.838310
v 21.825254 0.000000 -25.800085
v -12.318209 27.053160 4.232338
v -12.270873 26.911188 7.438795
v -7.475663 20.455206 10.734282
v -8.634727 18.083471 9.720696
v -8.233733 16.811174 10.587736
v -10.004564 16.046383 8.494146
v -6.112504 2.538316 -57.306755
v -5.688951 2.537773 -57.686935
v -3.920073 1.601136 -55.305428
v -6.445180 1.731610 -57.045719
v -9.034004 1.945059 -60.644676
v -8.367187 2.803806 -60.816692
v -3.966172 0.810558 -55.186031
v -6.613419 0.884217 -56.903297
v -9.376300 0.986964 -60.512848
v -9.773180 1.080345 -65.758743
v -9.526876 2.174658 -65.676407
v -6.717121 0.000000 -56.813137
v -9.431968 0.000000 -60.495373
v -9.898660 0.000000 -65.812874
v -7.411366 -0.000000 -70.657845
v -7.340249 1.159984 -70.537033
v -6.952488 0.000000 -61.395035
v -7.342790 0.000000 -65.201111
v -5.277691 0.000000 -68.443092
v -1.776752 0.000000 -70.155830
v -2.741533 0.000000 -73.439339
v -7.412438 1.044685 -65.251205
v -5.345447 1.137122 -68.519051
v -1.862215 1.265622 -70.342529
v 2.077162 1.347453 -70.492760
v 2.067562 0.000000 -70.361328
v -5.576046 2.221778 -68.702644
v -2.036426 2.525543 -70.646858
v 2.067600 2.627406 -70.796822
v 5.741117 2.721357 -69.004730
v 5.559763 1.381866 -68.758476
v -2.285125 3.604683 -71.289894
v 2.160540 3.753520 -71.470055
v 6.145745 3.920414 -69.505249
v 8.624581 4.148352 -65.785713
v 7.987772 2.883153 -65.535095
v 2.391523 3.690704 -72.526199
v 6.828702 3.877658 -70.261803
v 9.725040 3.997113 -66.236687
v 10.733764 4.204080 -61.306122
v 9.474965 4.259737 -61.347988
v 7.218486 2.652775 -70.609596
v 10.234997 2.732990 -66.402718
v 11.281499 2.911339 -61.239937
v 10.303918 3.193597 -55.970284
v 9.487559 4.598992 -56.319183
v 10.520849 1.398825 -66.481979
v 11.621675 1.488465 -61.195820
v 10.742038 1.621547 -55.760624
v 7.520402 1.656099 -51.495712
v 7.140754 3.213930 -51.834560
v 11.669999 0.000000 -61.187092
v 11.018292 -0.000000 -55.656544
v 7.757198 -0.000000 -51.256859
v 4.802950 0.000000 -47.942749
v 4.512149 1.721650 -48.074501
v 6.773571 0.000000 -57.729919
v 3.935771 0.000000 -54.826466
v 0.389577 0.000000 -52.056160
v -2.652158 0.000000 -49.169468
v 3.099965 0.000000 -44.871292
v 3.980105 1.828902 -54.682762
v 0.571239 1.837303 -51.742336
v -2.442629 1.941165 -48.857014
v -4.663902 2.061774 -46.027458
v -5.012971 0.000000 -46.301521
v 1.053760 3.456129 -51.107185
v -1.741695 3.496972 -48.093605
v -3.691489 3.696740 -45.375851
v -4.767477 4.037056 -42.878494
v -6.100902 2.296210 -43.344040
v -0.630370 4.540362 -47.099541
v -2.299197 4.644673 -44.524494
v 0.846202 4.702872 -46.025120
v -0.720602 4.628311 -43.524582
v 1.978442 3.473835 -45.339390
v 0.489646 3.373077 -42.660305
v 2.570182 1.737556 -45.063221
v 1.175227 1.666198 -42.296951
v 0.603671 1.570750 -39.737797
v 1.628753 0.000000 -42.217857
v 1.110439 0.000000 -39.923405
v -6.914718 0.000000 -43.515091
v 4.048778 3.356215 -48.402084
v 3.205802 4.620899 -49.073135
v 6.422657 4.528624 -52.435696
v 1.967312 4.552083 -50.167141
v 5.244352 4.597239 -53.455589
v 8.178997 4.508351 -57.020607
v 4.388484 3.440963 -54.236420
v 7.225688 3.304694 -57.513672
v 8.511421 3.086243 -61.376995
v 6.827064 1.724828 -57.697044
v 8.127226 1.596094 -61.371529
v 7.643305 1.477081 -65.374985
v 7.923178 0.000000 -61.388947
v 7.506468 0.000000 -65.295753
v 5.435412 0.000000 -68.593010
v 10.768516 0.000000 -66.554703
v 7.639877 0.000000 -70.882973
v 2.828765 0.000000 -73.663155
v 7.459060 1.338527 -70.772972
v 2.754367 1.296488 -73.424850
v -2.682379 1.212842 -73.231544
v 2.609604 2.580009 -73.052063
v -2.653151 2.386558 -72.869698
v -7.127126 2.315634 -70.214081
v -2.583274 3.484284 -72.232307
v -6.719873 3.227922 -69.735123
v -8.881445 3.034625 -65.470337
v -6.090920 3.131350 -69.106102
v -8.103659 2.905351 -65.298965
v -7.599609 2.808218 -61.071186
v -7.549304 2.039411 -65.258629
v -7.214112 1.924619 -61.274918
v -5.400728 1.773230 -58.006741
v -7.049561 0.955649 -61.355732
v -5.260900 0.878330 -58.140457
v -3.324698 0.849804 -56.558723
v -5.104059 0.000000 -58.318069
v -3.242673 -0.000000 -56.665188
v -3.992507 0.000000 -55.078491
v 9.693217 15.907777 9.226053
v 10.763575 17.392839 7.096204
# 2218 vertices

o octopus_remesh
usemtl default
f 70 69 68 1
f 68 72 71 1
f 71 73 70 1
f 76 75 74 2
f 78 77 76 2
f 80 57 79 2
f 83 82 81 3
f 81 85 84 3
f 84 87 86 3
f 90 89 88 4
f 92 91 90 4
f 88 93 92 4
f 96 95 94 5
f 5 94 11 98
f 98 97 96 5
f 105 104 103 6
f 103 107 106 6
f 106 109 108 6
f 108 111 110 6
f 110 112 105 6
f 115 114 113 7
f 118 117 116 7
f 120 119 115 7
f 116 121 120 7
f 124 123 122 8
f 122 126 125 8
f 128 127 124 8
f 10 130 129 9
f 129 132 131 9
f 131 133 10 9
f 133 134 130 10
f 94 136 135 11
f 135 137 98 11
f 47 143 142 12
f 142 145 144 12
f 144 146 47 12
f 149 148 147 13
f 152 151 150 13
f 147 154 153 13
f 153 155 152 13
f 150 156 149 13
f 159 158 157 14
f 161 160 159 14
f 157 162 161 14
f 165 164 163 15
f 163 60 166 15
f 166 168 167 15
f 170 169 165 15
f 167 171 170 15
f 174 173 172 16
f 172 176 175 16
f 175 177 174 16
f 180 179 178 17
f 178 182 181 17
f 181 184 183 17
f 125 185 180 17
f 183 8 125 17
f 188 187 186 18
f 190 189 188 18
f 192 191 190 18
f 194 193 192 18
f 186 195 194 18
f 198 197 196 19
f 196 136 199 19
f 201 200 198 19
f 203 202 201 19
f 199 204 203 19
f 137 206 205 20
f 205 208 207 20
f 207 98 137 20
f 211 210 209 21
f 214 213 212 21
f 212 215 211 21
f 209 217 216 21
f 216 218 214 21
f 220 219 27 22
f 27 62 221 22
f 224 223 222 23
f 91 225 224 23
f 222 90 91 23
f 226 196 197 24
f 197 228 227 24
f 177 175 229 25
f 229 223 224 25
f 224 225 177 25
f 238 237 236 26
f 236 240 239 26
f 242 241 238 26
f 244 243 242 26
f 239 113 244 26
f 247 246 245 28
f 250 249 248 28
f 252 251 250 28
f 248 253 247 28
f 205 206 220 22
f 256 255 254 29
f 254 258 257 29
f 257 259 256 29
f 262 261 260 30
f 260 264 263 30
f 263 258 262 30
f 267 266 265 31
f 265 269 268 31
f 268 264 267 31
f 220 206 226 32
f 234 219 220 32
f 272 271 270 33
f 274 273 272 33
f 270 276 275 33
f 275 278 277 33
f 277 279 274 33
f 284 283 282 34
f 282 286 285 34
f 285 287 284 34
f 290 289 288 35
f 45 291 290 35
f 294 293 292 36
f 292 295 146 36
f 146 144 294 36
f 298 297 296 37
f 296 300 299 37
f 302 301 298 37
f 203 204 303 38
f 306 305 304 38
f 304 202 203 38
f 308 307 306 38
f 303 309 308 38
f 116 117 310 39
f 310 312 311 39
f 311 314 313 39
f 315 121 116 39
f 313 316 315 39
f 319 318 317 40
f 321 320 319 40
f 317 322 321 40
f 323 298 301 41
f 326 325 324 41
f 324 127 327 41
f 327 200 323 41
f 330 329 328 42
f 328 332 331 42
f 331 333 330 42
f 336 335 334 43
f 338 337 336 43
f 87 84 338 43
f 334 340 339 43
f 339 341 87 43
f 219 184 181 27
f 181 182 62 27
f 348 347 346 44
f 346 350 349 44
f 349 351 348 44
f 353 352 61 45
f 59 354 353 45
f 357 356 355 46
f 360 359 358 46
f 358 361 357 46
f 146 295 143 47
f 364 363 362 48
f 305 306 365 48
f 365 366 364 48
f 362 367 55 48
f 55 368 305 48
f 293 294 369 49
f 369 371 370 49
f 370 372 293 49
f 160 276 270 50
f 270 271 373 50
f 373 159 160 50
f 375 261 374 51
f 374 377 376 51
f 376 378 375 51
f 381 380 379 52
f 379 383 382 52
f 382 384 381 52
f 385 132 129 53
f 383 379 385 53
f 129 130 383 53
f 391 390 389 388
f 393 392 179 54
f 179 180 394 54
f 394 396 395 54
f 395 398 397 54
f 397 399 393 54
f 400 217 209 401
f 209 210 402 401
f 401 404 403 400
f 406 405 368 55
f 408 407 406 55
f 367 409 408 55
f 412 411 410 56
f 414 413 412 56
f 357 361 414 56
f 415 356 357 56
f 410 416 415 56
f 418 387 417 58
f 420 419 418 58
f 417 422 421 58
f 421 366 423 58
f 426 425 424 60
f 424 427 245 60
f 245 246 166 60
f 352 429 428 61
f 428 291 45 61
f 182 430 221 62
f 433 432 431 63
f 431 435 434 63
f 243 244 436 63
f 434 126 243 63
f 289 438 437 64
f 437 440 439 64
f 441 288 289 64
f 439 443 442 64
f 442 444 441 64
f 447 446 445 65
f 449 448 447 65
f 451 450 449 65
f 453 452 451 65
f 445 454 453 65
f 186 187 237 66
f 457 456 455 66
f 237 238 457 66
f 460 459 458 67
f 67 458 463 462
f 462 461 460 67
f 464 409 462 463
f 466 465 464 463
f 458 467 466 463
f 469 468 466 467
f 471 470 469 467
f 458 459 471 467
f 473 472 470 471
f 459 474 473 471
f 459 460 475 474
f 251 252 473 474
f 475 476 251 474
f 477 250 251 476
f 479 478 477 476
f 475 480 479 476
f 475 460 481 480
f 483 482 479 480
f 481 484 483 480
f 481 486 485 484
f 488 487 483 484
f 485 489 488 484
f 485 491 490 489
f 493 492 488 489
f 490 494 493 489
f 490 496 495 494
f 498 497 493 494
f 495 499 498 494
f 495 501 500 499
f 503 502 498 499
f 500 504 503 499
f 500 506 505 504
f 508 507 503 504
f 505 509 508 504
f 505 511 510 509
f 513 512 508 509
f 510 514 513 509
f 510 516 515 514
f 518 517 513 514
f 515 519 518 514
f 515 521 520 519
f 523 522 518 519
f 520 524 523 519
f 520 526 525 524
f 528 527 523 524
f 525 529 528 524
f 525 531 530 529
f 533 532 528 529
f 530 534 533 529
f 530 536 535 534
f 538 537 533 534
f 535 539 538 534
f 535 541 540 539
f 543 542 538 539
f 540 544 543 539
f 540 546 545 544
f 548 547 543 544
f 545 549 548 544
f 545 551 550 549
f 553 552 548 549
f 550 554 553 549
f 550 556 555 554
f 558 557 553 554
f 555 559 558 554
f 555 561 560 559
f 563 562 558 559
f 560 564 563 559
f 560 566 565 564
f 568 567 563 564
f 565 569 568 564
f 565 571 570 569
f 573 572 568 569
f 570 574 573 569
f 570 576 575 574
f 578 577 573 574
f 575 579 578 574
f 575 581 580 579
f 582 269 578 579
f 580 259 582 579
f 583 268 269 582
f 259 257 583 582
f 263 264 268 583
f 257 258 263 583
f 586 585 584 581
f 575 576 586 581
f 584 587 580 581
f 584 589 588 587
f 256 259 580 587
f 588 255 256 587
f 592 591 590 589
f 584 585 592 589
f 590 593 588 589
f 590 595 594 593
f 596 255 588 593
f 594 377 596 593
f 597 254 255 596
f 377 374 597 596
f 262 258 254 597
f 374 261 262 597
f 600 599 598 595
f 590 591 600 595
f 598 601 594 595
f 598 603 602 601
f 376 377 594 601
f 602 378 376 601
f 605 567 604 603
f 598 599 605 603
f 604 606 602 603
f 604 572 607 606
f 608 378 602 606
f 607 266 608 606
f 609 375 378 608
f 266 267 609 608
f 260 261 375 609
f 267 264 260 609
f 572 573 577 607
f 577 265 266 607
f 562 563 567 605
f 599 610 562 605
f 557 558 562 610
f 612 611 557 610
f 599 600 612 610
f 614 613 611 612
f 600 591 614 612
f 616 615 613 614
f 591 592 616 614
f 618 617 615 616
f 592 585 618 616
f 620 619 617 618
f 585 586 620 618
f 622 621 619 620
f 586 576 622 620
f 571 623 621 622
f 576 570 571 622
f 625 624 621 623
f 566 626 625 623
f 571 565 566 623
f 628 627 625 626
f 561 629 628 626
f 566 560 561 626
f 631 630 628 629
f 556 632 631 629
f 561 555 556 629
f 634 633 631 632
f 551 635 634 632
f 556 550 551 632
f 637 636 634 635
f 546 638 637 635
f 551 545 546 635
f 640 639 637 638
f 541 641 640 638
f 546 540 541 638
f 643 642 640 641
f 536 644 643 641
f 541 535 536 641
f 646 645 643 644
f 531 647 646 644
f 536 530 531 644
f 649 648 646 647
f 526 650 649 647
f 531 525 526 647
f 652 651 649 650
f 521 653 652 650
f 526 520 521 650
f 655 654 652 653
f 516 656 655 653
f 521 515 516 653
f 658 657 655 656
f 511 659 658 656
f 516 510 511 656
f 661 660 658 659
f 506 662 661 659
f 511 505 506 659
f 664 663 661 662
f 501 665 664 662
f 506 500 501 662
f 667 666 664 665
f 496 668 667 665
f 501 495 496 665
f 670 669 667 668
f 491 671 670 668
f 496 490 491 668
f 673 672 670 671
f 486 461 673 671
f 491 485 486 671
f 675 674 672 673
f 461 462 675 673
f 367 362 674 675
f 462 409 367 675
f 362 363 676 674
f 676 677 672 674
f 676 679 678 677
f 669 670 672 677
f 678 680 669 677
f 678 682 681 680
f 666 667 669 680
f 681 683 666 680
f 681 685 684 683
f 663 664 666 683
f 684 686 663 683
f 684 688 687 686
f 660 661 663 686
f 687 689 660 686
f 687 691 690 689
f 657 658 660 689
f 690 692 657 689
f 690 694 693 692
f 654 655 657 692
f 693 695 654 692
f 693 697 696 695
f 651 652 654 695
f 696 698 651 695
f 696 700 699 698
f 648 649 651 698
f 699 701 648 698
f 699 703 702 701
f 645 646 648 701
f 702 704 645 701
f 702 706 705 704
f 642 643 645 704
f 705 707 642 704
f 705 709 708 707
f 639 640 642 707
f 708 710 639 707
f 708 712 711 710
f 636 637 639 710
f 711 713 636 710
f 711 715 714 713
f 633 634 636 713
f 714 716 633 713
f 714 718 717 716
f 630 631 633 716
f 717 719 630 716
f 717 721 720 719
f 627 628 630 719
f 720 722 627 719
f 720 724 723 722
f 624 625 627 722
f 723 725 624 722
f 723 727 726 725
f 619 621 624 725
f 726 617 619 725
f 729 542 728 727
f 723 724 729 727
f 728 730 726 727
f 728 547 731 730
f 615 617 726 730
f 731 613 615 730
f 547 548 552 731
f 552 611 613 731
f 537 538 542 729
f 724 732 537 729
f 532 533 537 732
f 721 733 532 732
f 724 720 721 732
f 527 528 532 733
f 718 734 527 733
f 721 717 718 733
f 522 523 527 734
f 715 735 522 734
f 718 714 715 734
f 517 518 522 735
f 712 736 517 735
f 715 711 712 735
f 512 513 517 736
f 709 737 512 736
f 712 708 709 736
f 507 508 512 737
f 706 738 507 737
f 709 705 706 737
f 502 503 507 738
f 703 739 502 738
f 706 702 703 738
f 497 498 502 739
f 700 740 497 739
f 703 699 700 739
f 492 493 497 740
f 697 741 492 740
f 700 696 697 740
f 487 488 492 741
f 694 742 487 741
f 697 693 694 741
f 482 483 487 742
f 691 743 482 742
f 694 690 691 742
f 478 479 482 743
f 688 744 478 743
f 691 687 688 743
f 745 477 478 744
f 685 746 745 744
f 688 684 685 744
f 747 249 745 746
f 682 748 747 746
f 685 681 682 746
f 750 749 747 748
f 679 751 750 748
f 682 678 679 748
f 753 752 750 751
f 363 364 753 751
f 679 676 363 751
f 421 422 752 753
f 364 366 421 753
f 422 755 754 752
f 754 749 750 752
f 758 757 756 755
f 422 417 758 755
f 756 253 754 755
f 417 387 388 758
f 388 389 760 759
f 762 761 757 759
f 760 763 762 759
f 760 765 764 763
f 767 766 762 763
f 764 768 767 763
f 764 770 769 768
f 772 771 767 768
f 769 773 772 768
f 769 775 774 773
f 777 776 772 773
f 774 778 777 773
f 774 780 779 778
f 782 781 777 778
f 779 783 782 778
f 779 785 784 783
f 787 786 782 783
f 784 788 787 783
f 784 790 789 788
f 792 791 787 788
f 789 793 792 788
f 789 795 794 793
f 797 796 792 793
f 794 798 797 793
f 794 800 799 798
f 802 801 797 798
f 799 803 802 798
f 799 805 804 803
f 807 806 802 803
f 804 808 807 803
f 804 810 809 808
f 812 811 807 808
f 809 813 812 808
f 809 815 814 813
f 817 816 812 813
f 814 818 817 813
f 814 820 819 818
f 822 821 817 818
f 819 823 822 818
f 819 825 824 823
f 827 826 822 823
f 824 828 827 823
f 824 830 829 828
f 832 831 827 828
f 829 833 832 828
f 829 835 834 833
f 837 836 832 833
f 834 838 837 833
f 834 840 839 838
f 842 841 837 838
f 839 843 842 838
f 839 845 844 843
f 847 846 842 843
f 844 848 847 843
f 844 850 849 848
f 852 851 847 848
f 849 853 852 848
f 849 855 854 853
f 857 856 852 853
f 854 858 857 853
f 854 860 859 858
f 862 861 857 858
f 859 863 862 858
f 859 176 172 863
f 865 864 862 863
f 172 173 865 863
f 867 866 864 865
f 173 868 867 865
f 173 174 869 868
f 93 870 867 868
f 869 92 93 868
f 871 866 867 870
f 873 872 871 870
f 93 88 873 870
f 875 874 872 873
f 88 89 875 873
f 877 876 874 875
f 89 878 877 875
f 89 90 222 878
f 880 879 877 878
f 222 223 880 878
f 881 860 879 880
f 223 229 881 880
f 176 859 860 881
f 229 175 176 881
f 855 876 877 879
f 860 854 855 879
f 850 882 874 876
f 855 849 850 876
f 883 872 874 882
f 845 884 883 882
f 850 844 845 882
f 886 885 883 884
f 840 887 886 884
f 845 839 840 884
f 889 888 886 887
f 835 890 889 887
f 840 834 835 887
f 892 891 889 890
f 830 893 892 890
f 835 829 830 890
f 895 894 892 893
f 825 896 895 893
f 830 824 825 893
f 898 897 895 896
f 820 899 898 896
f 825 819 820 896
f 901 900 898 899
f 815 902 901 899
f 820 814 815 899
f 904 903 901 902
f 810 905 904 902
f 815 809 810 902
f 907 906 904 905
f 805 908 907 905
f 810 804 805 905
f 910 909 907 908
f 800 911 910 908
f 805 799 800 908
f 913 912 910 911
f 795 914 913 911
f 800 794 795 911
f 916 915 913 914
f 790 917 916 914
f 795 789 790 914
f 919 918 916 917
f 785 920 919 917
f 790 784 785 917
f 922 921 919 920
f 780 923 922 920
f 785 779 780 920
f 925 924 922 923
f 775 926 925 923
f 780 774 775 923
f 928 927 925 926
f 770 929 928 926
f 775 769 770 926
f 931 930 928 929
f 765 932 931 929
f 770 764 765 929
f 934 933 931 932
f 389 390 934 932
f 765 760 389 932
f 936 935 933 934
f 390 937 936 934
f 939 938 936 937
f 941 940 939 937
f 390 391 941 937
f 943 942 940 941
f 391 944 943 941
f 946 945 943 944
f 948 947 946 944
f 391 386 948 944
f 418 419 947 948
f 386 387 418 948
f 950 949 946 947
f 419 951 950 947
f 953 952 950 951
f 354 59 953 951
f 419 420 354 951
f 952 954 949 950
f 956 955 949 954
f 441 444 956 954
f 952 288 441 954
f 958 957 955 956
f 444 959 958 956
f 218 169 958 959
f 960 214 218 959
f 444 442 960 959
f 961 213 214 960
f 442 443 961 960
f 155 153 213 961
f 443 962 155 961
f 963 152 155 962
f 965 964 963 962
f 443 439 965 962
f 967 966 964 965
f 439 440 967 965
f 969 968 966 967
f 440 970 969 967
f 440 437 273 970
f 972 971 969 970
f 273 274 972 970
f 974 973 971 972
f 274 279 974 972
f 976 975 973 974
f 279 977 976 974
f 279 277 96 977
f 979 978 976 977
f 96 97 979 977
f 981 980 978 979
f 97 982 981 979
f 97 98 207 982
f 984 983 981 982
f 207 208 984 982
f 430 985 983 984
f 208 221 430 984
f 392 986 983 985
f 178 179 392 985
f 430 182 178 985
f 980 981 983 986
f 988 987 980 986
f 392 393 988 986
f 990 989 987 988
f 393 399 990 988
f 992 991 989 990
f 399 993 992 990
f 995 994 992 993
f 997 996 995 993
f 399 397 997 993
f 999 998 996 997
f 397 398 999 997
f 1000 450 998 999
f 398 1001 1000 999
f 398 395 1002 1001
f 1004 1003 1000 1001
f 1002 1005 1004 1001
f 1002 1007 1006 1005
f 1008 359 1004 1005
f 1006 1009 1008 1005
f 1006 1011 1010 1009
f 315 316 1008 1009
f 1010 121 315 1009
f 1014 1013 1012 1011
f 1006 1007 1014 1011
f 1012 1015 1010 1011
f 1012 1017 1016 1015
f 120 121 1010 1015
f 1016 119 120 1015
f 1020 1019 1018 1017
f 1012 1013 1020 1017
f 1018 1021 1016 1017
f 1018 1023 1022 1021
f 1024 119 1016 1021
f 1022 1025 1024 1021
f 1022 1027 1026 1025
f 1029 1028 1024 1025
f 1026 1030 1029 1025
f 1026 1032 1031 1030
f 1034 1033 1029 1030
f 1031 1035 1034 1030
f 1031 1037 1036 1035
f 1039 1038 1034 1035
f 1036 1040 1039 1035
f 1036 1042 1041 1040
f 1044 1043 1039 1040
f 1041 1045 1044 1040
f 1041 1047 1046 1045
f 1049 1048 1044 1045
f 1046 1050 1049 1045
f 1046 1052 1051 1050
f 1054 1053 1049 1050
f 1051 1055 1054 1050
f 1051 1057 1056 1055
f 1059 1058 1054 1055
f 1056 1060 1059 1055
f 1056 1062 1061 1060
f 1064 1063 1059 1060
f 1061 1065 1064 1060
f 1061 1067 1066 1065
f 1069 1068 1064 1065
f 1066 1070 1069 1065
f 1066 1072 1071 1070
f 1074 1073 1069 1070
f 1071 1075 1074 1070
f 1071 1077 1076 1075
f 1079 1078 1074 1075
f 1076 1080 1079 1075
f 1076 1082 1081 1080
f 1084 1083 1079 1080
f 1081 1085 1084 1080
f 1081 1087 1086 1085
f 1089 1088 1084 1085
f 1086 1090 1089 1085
f 1086 1092 1091 1090
f 1094 1093 1089 1090
f 1091 1095 1094 1090
f 1091 1097 1096 1095
f 1099 1098 1094 1095
f 1096 1100 1099 1095
f 1096 1102 1101 1100
f 1104 1103 1099 1100
f 1101 1105 1104 1100
f 1101 345 342 1105
f 1107 1106 1104 1105
f 342 343 1107 1105
f 1109 1108 1106 1107
f 343 1110 1109 1107
f 343 344 1111 1110
f 1113 1112 1109 1110
f 1111 1114 1113 1110
f 1111 1116 1115 1114
f 140 141 1113 1114
f 1115 139 140 1114
f 1102 1117 1115 1116
f 345 1101 1102 1116
f 1111 344 345 1116
f 1118 139 1115 1117
f 1097 1119 1118 1117
f 1102 1096 1097 1117
f 1121 1120 1118 1119
f 1092 1122 1121 1119
f 1097 1091 1092 1119
f 1124 1123 1121 1122
f 1087 1125 1124 1122
f 1092 1086 1087 1122
f 1127 1126 1124 1125
f 1082 1128 1127 1125
f 1087 1081 1082 1125
f 1130 1129 1127 1128
f 1077 1131 1130 1128
f 1082 1076 1077 1128
f 1133 1132 1130 1131
f 1072 1134 1133 1131
f 1077 1071 1072 1131
f 1136 1135 1133 1134
f 1067 1137 1136 1134
f 1072 1066 1067 1134
f 1139 1138 1136 1137
f 1062 1140 1139 1137
f 1067 1061 1062 1137
f 1142 1141 1139 1140
f 1057 1143 1142 1140
f 1062 1056 1057 1140
f 1145 1144 1142 1143
f 1052 1146 1145 1143
f 1057 1051 1052 1143
f 1148 1147 1145 1146
f 1047 1149 1148 1146
f 1052 1046 1047 1146
f 1151 1150 1148 1149
f 1042 1152 1151 1149
f 1047 1041 1042 1149
f 1154 1153 1151 1152
f 1037 1155 1154 1152
f 1042 1036 1037 1152
f 1157 1156 1154 1155
f 1032 1158 1157 1155
f 1037 1031 1032 1155
f 1160 1159 1157 1158
f 1027 1161 1160 1158
f 1032 1026 1027 1158
f 1163 1162 1160 1161
f 1023 1164 1163 1161
f 1027 1022 1023 1161
f 1166 1165 1163 1164
f 1019 1167 1166 1164
f 1023 1018 1019 1164
f 432 1168 1166 1167
f 1169 431 432 1167
f 1019 1020 1169 1167
f 1170 435 431 1169
f 1020 1013 1170 1169
f 1172 1171 435 1170
f 1013 1014 1172 1170
f 396 394 1171 1172
f 1014 1007 396 1172
f 185 434 435 1171
f 394 180 185 1171
f 1175 1174 1173 1168
f 432 433 1175 1168
f 1173 1165 1166 1168
f 1176 1038 1174 1175
f 433 1177 1176 1175
f 1178 1033 1176 1177
f 436 114 1178 1177
f 433 63 436 1177
f 1028 1029 1033 1178
f 114 115 1028 1178
f 1033 1034 1038 1176
f 1038 1039 1043 1174
f 1043 1179 1173 1174
f 1043 1044 1048 1179
f 1180 1165 1173 1179
f 1048 1181 1180 1179
f 1048 1049 1053 1181
f 1182 1162 1180 1181
f 1053 1183 1182 1181
f 1053 1054 1058 1183
f 1184 1159 1182 1183
f 1058 1185 1184 1183
f 1058 1059 1063 1185
f 1186 1156 1184 1185
f 1063 1187 1186 1185
f 1063 1064 1068 1187
f 1188 1153 1186 1187
f 1068 1189 1188 1187
f 1068 1069 1073 1189
f 1190 1150 1188 1189
f 1073 1191 1190 1189
f 1073 1074 1078 1191
f 1192 1147 1190 1191
f 1078 1193 1192 1191
f 1078 1079 1083 1193
f 1194 1144 1192 1193
f 1083 1195 1194 1193
f 1083 1084 1088 1195
f 1196 1141 1194 1195
f 1088 1197 1196 1195
f 1088 1089 1093 1197
f 1198 1138 1196 1197
f 1093 1199 1198 1197
f 1093 1094 1098 1199
f 1200 1135 1198 1199
f 1098 1201 1200 1199
f 1098 1099 1103 1201
f 1202 1132 1200 1201
f 1103 1203 1202 1201
f 1103 1104 1106 1203
f 1204 1129 1202 1203
f 1106 1108 1204 1203
f 1126 1127 1129 1204
f 1108 1205 1126 1204
f 1108 1109 1112 1205
f 1123 1124 1126 1205
f 1112 1206 1123 1205
f 1112 1113 141 1206
f 1120 1121 1123 1206
f 141 138 1120 1206
f 1129 1130 1132 1202
f 1132 1133 1135 1200
f 1135 1136 1138 1198
f 1138 1139 1141 1196
f 1141 1142 1144 1194
f 1144 1145 1147 1192
f 1147 1148 1150 1190
f 1150 1151 1153 1188
f 1153 1154 1156 1186
f 1156 1157 1159 1184
f 1159 1160 1162 1182
f 1162 1163 1165 1180
f 138 139 1118 1120
f 115 119 1024 1028
f 316 358 359 1008
f 1002 395 396 1007
f 359 360 1003 1004
f 449 450 1000 1003
f 360 448 449 1003
f 1208 1207 996 998
f 450 451 1208 998
f 1210 1209 1207 1208
f 451 452 1210 1208
f 1212 1211 1209 1210
f 452 1213 1212 1210
f 1215 1214 1212 1213
f 104 105 1215 1213
f 452 453 104 1213
f 83 3 1214 1215
f 105 112 83 1215
f 1216 1211 1212 1214
f 3 86 1216 1214
f 1218 1217 1211 1216
f 86 1219 1218 1216
f 1221 1220 1218 1219
f 341 1222 1221 1219
f 86 87 341 1219
f 1224 1223 1221 1222
f 1225 283 1224 1222
f 341 339 1225 1222
f 1226 282 283 1225
f 339 340 1226 1225
f 340 1228 1227 1226
f 1227 286 282 1226
f 1231 1230 1229 1228
f 340 334 1231 1228
f 1229 1232 1227 1228
f 1229 150 151 1232
f 1233 286 1227 1232
f 151 1234 1233 1232
f 151 152 963 1234
f 1236 1235 1233 1234
f 963 964 1236 1234
f 1238 1237 1235 1236
f 964 966 1238 1236
f 1240 1239 1237 1238
f 966 968 1240 1238
f 1242 1241 1239 1240
f 968 1243 1242 1240
f 968 969 971 1243
f 1245 1244 1242 1243
f 971 973 1245 1243
f 1247 1246 1244 1245
f 973 975 1247 1245
f 1249 1248 1246 1247
f 975 1250 1249 1247
f 975 976 978 1250
f 987 989 1249 1250
f 978 980 987 1250
f 989 991 1248 1249
f 1252 1251 1246 1248
f 991 1253 1252 1248
f 350 346 1252 1253
f 994 1254 350 1253
f 991 992 994 1253
f 1255 349 350 1254
f 1257 1256 1255 1254
f 994 995 1257 1254
f 1207 1209 1256 1257
f 995 996 1207 1257
f 1217 1258 1255 1256
f 1209 1211 1217 1256
f 351 349 1255 1258
f 1220 1259 351 1258
f 1217 1218 1220 1258
f 1260 348 351 1259
f 1223 1261 1260 1259
f 1220 1221 1223 1259
f 1263 1262 1260 1261
f 1265 1264 1263 1261
f 1223 1224 1265 1261
f 284 287 1264 1265
f 1224 283 284 1265
f 287 1237 1239 1264
f 1239 1241 1263 1264
f 1241 1266 1262 1263
f 1241 1242 1244 1266
f 1251 347 1262 1266
f 1244 1246 1251 1266
f 347 348 1260 1262
f 346 347 1251 1252
f 287 285 1235 1237
f 285 286 1233 1235
f 1268 1267 1230 1231
f 334 335 1268 1231
f 1270 1269 1267 1268
f 335 109 1270 1268
f 1272 1271 1269 1270
f 109 106 1272 1270
f 1274 1273 1271 1272
f 106 107 1274 1272
f 1276 1275 1273 1274
f 107 1277 1276 1274
f 1279 1278 1276 1277
f 454 445 1279 1277
f 107 103 454 1277
f 1281 1280 1278 1279
f 445 446 1281 1279
f 413 1282 1280 1281
f 446 412 413 1281
f 314 311 1283 1282
f 413 414 314 1282
f 1283 1284 1280 1282
f 1283 1286 1285 1284
f 1287 1278 1280 1284
f 1285 1288 1287 1284
f 1285 1290 1289 1288
f 1291 1275 1287 1288
f 1289 1292 1291 1288
f 1289 426 1293 1292
f 1295 1294 1291 1292
f 1293 1296 1295 1292
f 1293 163 164 1296
f 400 403 1295 1296
f 164 217 400 1296
f 403 1297 1294 1295
f 1271 1273 1294 1297
f 1298 1269 1271 1297
f 403 404 1298 1297
f 1299 1267 1269 1298
f 404 1300 1299 1298
f 404 401 1301 1300
f 149 156 1299 1300
f 1301 148 149 1300
f 401 402 1302 1301
f 1302 1303 148 1301
f 1302 1305 1304 1303
f 1306 147 148 1303
f 1304 1307 1306 1303
f 1304 1309 1308 1307
f 1311 1310 1306 1307
f 1308 1312 1311 1307
f 1308 1314 1313 1312
f 1316 1315 1311 1312
f 1313 1317 1316 1312
f 1313 1319 1318 1317
f 1321 1320 1316 1317
f 1318 1322 1321 1317
f 1318 1324 1323 1322
f 1326 1325 1321 1322
f 1323 1327 1326 1322
f 1323 1329 1328 1327
f 1331 1330 1326 1327
f 1328 1332 1331 1327
f 1328 1334 1333 1332
f 1336 1335 1331 1332
f 1333 1337 1336 1332
f 1333 1339 1338 1337
f 1341 1340 1336 1337
f 1338 1342 1341 1337
f 1338 1344 1343 1342
f 1346 1345 1341 1342
f 1343 1347 1346 1342
f 1343 1349 1348 1347
f 1351 1350 1346 1347
f 1348 1352 1351 1347
f 1348 1354 1353 1352
f 1356 1355 1351 1352
f 1353 1357 1356 1352
f 1353 1359 1358 1357
f 1361 1360 1356 1357
f 1358 1362 1361 1357
f 1358 1364 1363 1362
f 1366 1365 1361 1362
f 1363 1367 1366 1362
f 1363 1369 1368 1367
f 1371 1370 1366 1367
f 1368 1372 1371 1367
f 1368 1374 1373 1372
f 1376 1375 1371 1372
f 1373 1377 1376 1372
f 1373 1379 1378 1377
f 1381 1380 1376 1377
f 1378 1382 1381 1377
f 1378 1384 1383 1382
f 1386 1385 1381 1382
f 1383 1387 1386 1382
f 1383 1388 380 1387
f 1390 1389 1386 1387
f 380 381 1390 1387
f 1392 1391 1389 1390
f 381 384 1392 1390
f 1394 1393 1391 1392
f 384 1395 1394 1392
f 384 382 134 1395
f 1397 1396 1394 1395
f 134 133 1397 1395
f 1399 1398 1396 1397
f 133 131 1399 1397
f 1400 1384 1398 1399
f 131 132 1400 1399
f 1388 1383 1384 1400
f 132 385 1388 1400
f 1379 1401 1396 1398
f 1384 1378 1379 1398
f 1393 1394 1396 1401
f 1374 1402 1393 1401
f 1379 1373 1374 1401
f 1403 1391 1393 1402
f 1369 1404 1403 1402
f 1374 1368 1369 1402
f 1406 1405 1403 1404
f 1364 1407 1406 1404
f 1369 1363 1364 1404
f 1409 1408 1406 1407
f 1359 1410 1409 1407
f 1364 1358 1359 1407
f 1412 1411 1409 1410
f 1354 1413 1412 1410
f 1359 1353 1354 1410
f 1415 1414 1412 1413
f 1349 1416 1415 1413
f 1354 1348 1349 1413
f 1418 1417 1415 1416
f 1344 1419 1418 1416
f 1349 1343 1344 1416
f 1421 1420 1418 1419
f 1339 1422 1421 1419
f 1344 1338 1339 1419
f 1424 1423 1421 1422
f 1334 1425 1424 1422
f 1339 1333 1334 1422
f 1427 1426 1424 1425
f 1329 1428 1427 1425
f 1334 1328 1329 1425
f 1430 1429 1427 1428
f 1324 1431 1430 1428
f 1329 1323 1324 1428
f 1433 1432 1430 1431
f 1319 1434 1433 1431
f 1324 1318 1319 1431
f 1436 1435 1433 1434
f 1314 1437 1436 1434
f 1319 1313 1314 1434
f 1439 1438 1436 1437
f 1309 1440 1439 1437
f 1314 1308 1309 1437
f 1442 1441 1439 1440
f 1305 1443 1442 1440
f 1309 1304 1305 1440
f 1445 1444 1442 1443
f 402 210 1445 1443
f 1305 1302 402 1443
f 1446 1320 1444 1445
f 210 211 1446 1445
f 1315 1316 1320 1446
f 211 215 1315 1446
f 1320 1321 1325 1444
f 1325 1441 1442 1444
f 1325 1326 1330 1441
f 1330 1438 1439 1441
f 1330 1331 1335 1438
f 1335 1435 1436 1438
f 1335 1336 1340 1435
f 1340 1432 1433 1435
f 1340 1341 1345 1432
f 1345 1429 1430 1432
f 1345 1346 1350 1429
f 1350 1426 1427 1429
f 1350 1351 1355 1426
f 1355 1423 1424 1426
f 1355 1356 1360 1423
f 1360 1420 1421 1423
f 1360 1361 1365 1420
f 1365 1417 1418 1420
f 1365 1366 1370 1417
f 1370 1414 1415 1417
f 1370 1371 1375 1414
f 1375 1411 1412 1414
f 1375 1376 1380 1411
f 1380 1408 1409 1411
f 1380 1381 1385 1408
f 1385 1405 1406 1408
f 1385 1386 1389 1405
f 1389 1391 1403 1405
f 385 379 380 1388
f 215 1310 1311 1315
f 154 147 1306 1310
f 215 212 154 1310
f 156 1230 1267 1299
f 1273 1275 1291 1294
f 426 60 163 1293
f 1448 1447 425 1290
f 1285 1286 1448 1290
f 425 426 1289 1290
f 1450 1449 1447 1448
f 1286 312 1450 1448
f 1452 1451 1449 1450
f 312 310 1452 1450
f 1454 1453 1451 1452
f 310 117 1454 1452
f 1456 1455 1453 1454
f 117 118 1456 1454
f 240 1457 1455 1456
f 118 239 240 1456
f 1460 1459 1458 1457
f 240 236 1460 1457
f 1458 1461 1455 1457
f 1458 1463 1462 1461
f 1464 1453 1455 1461
f 1462 468 1464 1461
f 1465 1451 1453 1464
f 468 469 1465 1464
f 1466 1449 1451 1465
f 469 470 1466 1465
f 1467 1447 1449 1466
f 470 472 1467 1466
f 424 425 1447 1467
f 472 427 424 1467
f 1470 1469 1468 1463
f 1458 1459 1470 1463
f 1468 465 1462 1463
f 189 1471 1469 1470
f 1459 188 189 1470
f 1474 1473 1472 1471
f 189 190 1474 1471
f 1472 1475 1469 1471
f 1472 1476 407 1475
f 1477 1468 1469 1475
f 407 408 1477 1475
f 464 465 1468 1477
f 408 409 464 1477
f 1480 1479 1478 1476
f 1472 1473 1480 1476
f 1478 406 407 1476
f 1482 1481 1479 1480
f 1473 1483 1482 1480
f 1485 1484 1482 1483
f 1487 1486 1485 1483
f 1473 1474 1487 1483
f 191 1488 1486 1487
f 1474 190 191 1487
f 1490 1489 1486 1488
f 1492 1491 1490 1488
f 191 192 1492 1488
f 1494 1493 1491 1492
f 192 193 1494 1492
f 1496 1495 1493 1494
f 193 1497 1496 1494
f 1499 1498 1496 1497
f 299 300 1499 1497
f 193 194 299 1497
f 1501 1500 1498 1499
f 300 1502 1501 1499
f 1504 1503 1501 1502
f 1506 1505 1504 1502
f 300 296 1506 1502
f 1508 1507 1505 1506
f 296 297 1508 1506
f 1510 1509 1507 1508
f 297 1511 1510 1508
f 297 298 323 1511
f 201 202 1510 1511
f 323 200 201 1511
f 202 304 1509 1510
f 368 405 1507 1509
f 304 305 368 1509
f 405 1512 1505 1507
f 1513 1504 1505 1512
f 1478 1479 1513 1512
f 405 406 1478 1512
f 1514 1503 1504 1513
f 1479 1481 1514 1513
f 1516 1515 1503 1514
f 1481 1517 1516 1514
f 1519 1518 1516 1517
f 1484 1520 1519 1517
f 1481 1482 1484 1517
f 1522 1521 1519 1520
f 1524 1523 1522 1520
f 1484 1485 1524 1520
f 1489 1525 1523 1524
f 1485 1486 1489 1524
f 1527 1526 1523 1525
f 1529 1528 1527 1525
f 1489 1490 1529 1525
f 1531 1530 1528 1529
f 1490 1491 1531 1529
f 1533 1532 1530 1531
f 1491 1493 1533 1531
f 1535 1534 1532 1533
f 1493 1495 1535 1533
f 1537 1536 1534 1535
f 1495 1538 1537 1535
f 1540 1539 1537 1538
f 1498 1500 1540 1538
f 1495 1496 1498 1538
f 1542 1541 1539 1540
f 1500 1515 1542 1540
f 1518 1543 1541 1542
f 1515 1516 1518 1542
f 1545 1544 1541 1543
f 1521 1546 1545 1543
f 1518 1519 1521 1543
f 1548 1547 1545 1546
f 1550 1549 1548 1546
f 1521 1522 1550 1546
f 1526 1551 1549 1550
f 1522 1523 1526 1550
f 1553 1552 1549 1551
f 1555 1554 1553 1551
f 1526 1527 1555 1551
f 1557 1556 1554 1555
f 1527 1528 1557 1555
f 1559 1558 1556 1557
f 1528 1530 1559 1557
f 1561 1560 1558 1559
f 1530 1532 1561 1559
f 1563 1562 1560 1561
f 1532 1534 1563 1561
f 1565 1564 1562 1563
f 1534 1536 1565 1563
f 1567 1566 1564 1565
f 1536 1568 1567 1565
f 1544 1569 1567 1568
f 1539 1541 1544 1568
f 1536 1537 1539 1568
f 1570 1566 1567 1569
f 1547 1571 1570 1569
f 1544 1545 1547 1569
f 1573 1572 1570 1571
f 1575 1574 1573 1571
f 1547 1548 1575 1571
f 1552 1576 1574 1575
f 1548 1549 1552 1575
f 1578 1577 1574 1576
f 1580 1579 1578 1576
f 1552 1553 1580 1576
f 1582 1581 1579 1580
f 1553 1554 1582 1580
f 1584 1583 1581 1582
f 1554 1556 1584 1582
f 1586 1585 1583 1584
f 1556 1558 1586 1584
f 1588 1587 1585 1586
f 1558 1560 1588 1586
f 1590 1589 1587 1588
f 1560 1562 1590 1588
f 1592 1591 1589 1590
f 1562 1564 1592 1590
f 1594 1593 1591 1592
f 1564 1566 1594 1592
f 1572 1595 1593 1594
f 1566 1570 1572 1594
f 1597 1596 1593 1595
f 1599 1598 1597 1595
f 1572 1573 1599 1595
f 1577 1600 1598 1599
f 1573 1574 1577 1599
f 1602 1601 1598 1600
f 1604 1603 1602 1600
f 1577 1578 1604 1600
f 1606 1605 1603 1604
f 1578 1579 1606 1604
f 1608 1607 1605 1606
f 1579 1581 1608 1606
f 1610 1609 1607 1608
f 1581 1583 1610 1608
f 1612 1611 1609 1610
f 1583 1585 1612 1610
f 1614 1613 1611 1612
f 1585 1587 1614 1612
f 1616 1615 1613 1614
f 1587 1589 1616 1614
f 1618 1617 1615 1616
f 1589 1591 1618 1616
f 1596 1619 1617 1618
f 1591 1593 1596 1618
f 1621 1620 1617 1619
f 1623 1622 1621 1619
f 1596 1597 1623 1619
f 1601 1624 1622 1623
f 1597 1598 1601 1623
f 1626 1625 1622 1624
f 1628 1627 1626 1624
f 1601 1602 1628 1624
f 1630 1629 1627 1628
f 1602 1603 1630 1628
f 1632 1631 1629 1630
f 1603 1605 1632 1630
f 1634 1633 1631 1632
f 1605 1607 1634 1632
f 1636 1635 1633 1634
f 1607 1609 1636 1634
f 1638 1637 1635 1636
f 1609 1611 1638 1636
f 1640 1639 1637 1638
f 1611 1613 1640 1638
f 1642 1641 1639 1640
f 1613 1615 1642 1640
f 1620 1643 1641 1642
f 1615 1617 1620 1642
f 1645 1644 1641 1643
f 1647 1646 1645 1643
f 1620 1621 1647 1643
f 1625 1648 1646 1647
f 1621 1622 1625 1647
f 1650 1649 1646 1648
f 1652 1651 1650 1648
f 1625 1626 1652 1648
f 1654 1653 1651 1652
f 1626 1627 1654 1652
f 1656 1655 1653 1654
f 1627 1629 1656 1654
f 1658 1657 1655 1656
f 1629 1631 1658 1656
f 1660 1659 1657 1658
f 1631 1633 1660 1658
f 1662 1661 1659 1660
f 1633 1635 1662 1660
f 1664 1663 1661 1662
f 1635 1637 1664 1662
f 1666 1665 1663 1664
f 1637 1639 1666 1664
f 1644 1667 1665 1666
f 1639 1641 1644 1666
f 1669 1668 1665 1667
f 1671 1670 1669 1667
f 1644 1645 1671 1667
f 1649 1672 1670 1671
f 1645 1646 1649 1671
f 1674 1673 1670 1672
f 1676 1675 1674 1672
f 1649 1650 1676 1672
f 1678 1677 1675 1676
f 1650 1651 1678 1676
f 1680 1679 1677 1678
f 1651 1653 1680 1678
f 1682 1681 1679 1680
f 1653 1655 1682 1680
f 1684 1683 1681 1682
f 1655 1657 1684 1682
f 1686 1685 1683 1684
f 1657 1659 1686 1684
f 1688 1687 1685 1686
f 1659 1661 1688 1686
f 1690 1689 1687 1688
f 1661 1663 1690 1688
f 1668 1691 1689 1690
f 1663 1665 1668 1690
f 1693 1692 1689 1691
f 1695 1694 1693 1691
f 1668 1669 1695 1691
f 1673 80 1694 1695
f 1669 1670 1673 1695
f 74 1696 1693 1694
f 80 2 74 1694
f 233 230 1697 1696
f 74 75 233 1696
f 1697 1692 1693 1696
f 230 231 1698 1697
f 1698 1699 1692 1697
f 1698 1701 1700 1699
f 1687 1689 1692 1699
f 1700 1685 1687 1699
f 1703 281 1702 1701
f 1698 231 1703 1701
f 1702 1704 1700 1701
f 1702 78 1705 1704
f 1683 1685 1700 1704
f 1705 1681 1683 1704
f 78 2 79 1705
f 79 1679 1681 1705
f 1706 280 281 1703
f 231 232 1706 1703
f 75 76 280 1706
f 232 233 75 1706
f 281 77 78 1702
f 79 57 1677 1679
f 57 80 1673 1674
f 1500 1501 1503 1515
f 465 466 468 1462
f 187 188 1459 1460
f 236 237 187 1460
f 1275 1276 1278 1287
f 1283 311 312 1286
f 156 150 1229 1230
f 169 170 957 958
f 170 171 1707 957
f 1707 945 955 957
f 171 1708 942 1707
f 942 943 945 1707
f 1711 1710 1709 1708
f 171 167 1711 1708
f 1709 940 942 1708
f 1713 1712 1710 1711
f 167 168 1713 1711
f 1714 766 1712 1713
f 168 1715 1714 1713
f 1716 761 1714 1715
f 246 247 1716 1715
f 168 166 246 1715
f 756 757 761 1716
f 247 253 756 1716
f 761 762 766 1714
f 766 767 771 1712
f 771 1717 1710 1712
f 771 772 776 1717
f 1718 1709 1710 1717
f 776 1719 1718 1717
f 776 777 781 1719
f 938 939 1718 1719
f 781 1720 938 1719
f 781 782 786 1720
f 935 936 938 1720
f 786 1721 935 1720
f 786 787 791 1721
f 1722 933 935 1721
f 791 1723 1722 1721
f 791 792 796 1723
f 1724 930 1722 1723
f 796 1725 1724 1723
f 796 797 801 1725
f 1726 927 1724 1725
f 801 1727 1726 1725
f 801 802 806 1727
f 1728 924 1726 1727
f 806 1729 1728 1727
f 806 807 811 1729
f 1730 921 1728 1729
f 811 1731 1730 1729
f 811 812 816 1731
f 1732 918 1730 1731
f 816 1733 1732 1731
f 816 817 821 1733
f 1734 915 1732 1733
f 821 1735 1734 1733
f 821 822 826 1735
f 1736 912 1734 1735
f 826 1737 1736 1735
f 826 827 831 1737
f 1738 909 1736 1737
f 831 1739 1738 1737
f 831 832 836 1739
f 1740 906 1738 1739
f 836 1741 1740 1739
f 836 837 841 1741
f 1742 903 1740 1741
f 841 1743 1742 1741
f 841 842 846 1743
f 1744 900 1742 1743
f 846 1745 1744 1743
f 846 847 851 1745
f 1746 897 1744 1745
f 851 1747 1746 1745
f 851 852 856 1747
f 1748 894 1746 1747
f 856 1749 1748 1747
f 856 857 861 1749
f 1750 891 1748 1749
f 861 1751 1750 1749
f 861 862 864 1751
f 1752 888 1750 1751
f 864 866 1752 1751
f 885 886 888 1752
f 866 871 885 1752
f 888 889 891 1750
f 891 892 894 1748
f 894 895 897 1746
f 897 898 900 1744
f 900 901 903 1742
f 903 904 906 1740
f 906 907 909 1738
f 909 910 912 1736
f 912 913 915 1734
f 915 916 918 1732
f 918 919 921 1730
f 921 922 924 1728
f 924 925 927 1726
f 927 928 930 1724
f 930 931 933 1722
f 939 940 1709 1718
f 945 946 949 955
f 871 872 883 885
f 174 177 225 869
f 225 91 92 869
f 253 248 749 754
f 248 249 747 749
f 249 250 477 745
f 542 543 547 728
f 552 553 557 611
f 567 568 572 604
f 269 265 577 578
f 481 460 461 486
f 252 427 472 473
f 238 241 1753 457
f 1753 1754 456 457
f 1753 1756 1755 1754
f 1758 1757 456 1754
f 1755 1759 1758 1754
f 1755 1761 1760 1759
f 1763 1762 1758 1759
f 1760 1764 1763 1759
f 1760 1766 1765 1764
f 1768 1767 1763 1764
f 1765 1769 1768 1764
f 1765 1771 1770 1769
f 1773 1772 1768 1769
f 1770 1774 1773 1769
f 1770 1776 1775 1774
f 1778 1777 1773 1774
f 1775 1779 1778 1774
f 1775 1781 1780 1779
f 1783 1782 1778 1779
f 1780 1784 1783 1779
f 1780 1786 1785 1784
f 1788 1787 1783 1784
f 1785 1789 1788 1784
f 1785 1791 1790 1789
f 1793 1792 1788 1789
f 1790 1794 1793 1789
f 1790 1796 1795 1794
f 1798 1797 1793 1794
f 1795 1799 1798 1794
f 1795 1801 1800 1799
f 1803 1802 1798 1799
f 1800 1804 1803 1799
f 1800 1806 1805 1804
f 1808 1807 1803 1804
f 1805 1809 1808 1804
f 1805 1811 1810 1809
f 1813 1812 1808 1809
f 1810 1814 1813 1809
f 1810 1816 1815 1814
f 1818 1817 1813 1814
f 1815 1819 1818 1814
f 1815 1821 1820 1819
f 1823 1822 1818 1819
f 1820 1824 1823 1819
f 1820 1826 1825 1824
f 1828 1827 1823 1824
f 1825 1829 1828 1824
f 1825 1831 1830 1829
f 1833 1832 1828 1829
f 1830 1834 1833 1829
f 1830 1836 1835 1834
f 1838 1837 1833 1834
f 1835 1839 1838 1834
f 1835 1841 1840 1839
f 1843 1842 1838 1839
f 1840 1844 1843 1839
f 1840 1846 1845 1844
f 1848 1847 1843 1844
f 1845 1849 1848 1844
f 1845 1851 1850 1849
f 1853 1852 1848 1849
f 1850 1854 1853 1849
f 1850 1856 1855 1854
f 1858 1857 1853 1854
f 1855 1859 1858 1854
f 1855 1861 1860 1859
f 1863 1862 1858 1859
f 1860 1864 1863 1859
f 1860 1866 1865 1864
f 1868 1867 1863 1864
f 1865 320 1868 1864
f 333 331 1867 1868
f 320 321 333 1868
f 1869 1862 1863 1867
f 331 332 1869 1867
f 1871 1870 1862 1869
f 332 1872 1871 1869
f 1874 1873 1871 1872
f 102 99 1874 1872
f 332 328 102 1872
f 1876 1875 1873 1874
f 99 100 1876 1874
f 1878 1877 1875 1876
f 100 1879 1878 1876
f 322 317 1878 1879
f 329 330 322 1879
f 100 101 329 1879
f 317 318 1877 1878
f 1881 1880 1875 1877
f 318 1882 1881 1877
f 1884 1883 1881 1882
f 1886 1885 1884 1882
f 318 319 1886 1882
f 1865 1866 1885 1886
f 319 320 1865 1886
f 1888 1887 1884 1885
f 1866 1889 1888 1885
f 1891 1890 1888 1889
f 1861 1892 1891 1889
f 1866 1860 1861 1889
f 1894 1893 1891 1892
f 1856 1895 1894 1892
f 1861 1855 1856 1892
f 1897 1896 1894 1895
f 1851 1898 1897 1895
f 1856 1850 1851 1895
f 1900 1899 1897 1898
f 1846 1901 1900 1898
f 1851 1845 1846 1898
f 1903 1902 1900 1901
f 1841 1904 1903 1901
f 1846 1840 1841 1901
f 1906 1905 1903 1904
f 1836 1907 1906 1904
f 1841 1835 1836 1904
f 1909 1908 1906 1907
f 1831 1910 1909 1907
f 1836 1830 1831 1907
f 1912 1911 1909 1910
f 1826 1913 1912 1910
f 1831 1825 1826 1910
f 1915 1914 1912 1913
f 1821 1916 1915 1913
f 1826 1820 1821 1913
f 1918 1917 1915 1916
f 1816 1919 1918 1916
f 1821 1815 1816 1916
f 1921 1920 1918 1919
f 1811 1922 1921 1919
f 1816 1810 1811 1919
f 1924 1923 1921 1922
f 1806 1925 1924 1922
f 1811 1805 1806 1922
f 1927 1926 1924 1925
f 1801 1928 1927 1925
f 1806 1800 1801 1925
f 1930 1929 1927 1928
f 1796 1931 1930 1928
f 1801 1795 1796 1928
f 1933 1932 1930 1931
f 1791 1934 1933 1931
f 1796 1790 1791 1931
f 1936 1935 1933 1934
f 1786 1937 1936 1934
f 1791 1785 1786 1934
f 1939 1938 1936 1937
f 1781 1940 1939 1937
f 1786 1780 1781 1937
f 1942 1941 1939 1940
f 1776 1943 1942 1940
f 1781 1775 1776 1940
f 1945 1944 1942 1943
f 1771 1946 1945 1943
f 1776 1770 1771 1943
f 326 1947 1945 1946
f 1766 325 326 1946
f 1771 1765 1766 1946
f 301 302 1948 1947
f 326 41 301 1947
f 1948 1944 1945 1947
f 302 1950 1949 1948
f 1949 1951 1944 1948
f 1949 455 1952 1951
f 1941 1942 1944 1951
f 1952 1953 1941 1951
f 1952 1757 1954 1953
f 1938 1939 1941 1953
f 1954 1955 1938 1953
f 1954 1762 1956 1955
f 1935 1936 1938 1955
f 1956 1957 1935 1955
f 1956 1767 1958 1957
f 1932 1933 1935 1957
f 1958 1959 1932 1957
f 1958 1772 1960 1959
f 1929 1930 1932 1959
f 1960 1961 1929 1959
f 1960 1777 1962 1961
f 1926 1927 1929 1961
f 1962 1963 1926 1961
f 1962 1782 1964 1963
f 1923 1924 1926 1963
f 1964 1965 1923 1963
f 1964 1787 1966 1965
f 1920 1921 1923 1965
f 1966 1967 1920 1965
f 1966 1792 1968 1967
f 1917 1918 1920 1967
f 1968 1969 1917 1967
f 1968 1797 1970 1969
f 1914 1915 1917 1969
f 1970 1971 1914 1969
f 1970 1802 1972 1971
f 1911 1912 1914 1971
f 1972 1973 1911 1971
f 1972 1807 1974 1973
f 1908 1909 1911 1973
f 1974 1975 1908 1973
f 1974 1812 1976 1975
f 1905 1906 1908 1975
f 1976 1977 1905 1975
f 1976 1817 1978 1977
f 1902 1903 1905 1977
f 1978 1979 1902 1977
f 1978 1822 1980 1979
f 1899 1900 1902 1979
f 1980 1981 1899 1979
f 1980 1827 1982 1981
f 1896 1897 1899 1981
f 1982 1983 1896 1981
f 1982 1832 1984 1983
f 1893 1894 1896 1983
f 1984 1985 1893 1983
f 1984 1837 1986 1985
f 1890 1891 1893 1985
f 1986 1987 1890 1985
f 1986 1842 1988 1987
f 1887 1888 1890 1987
f 1988 1989 1887 1987
f 1988 1847 1990 1989
f 1883 1884 1887 1989
f 1990 1991 1883 1989
f 1990 1852 1992 1991
f 1880 1881 1883 1991
f 1992 1993 1880 1991
f 1992 1857 1870 1993
f 1873 1875 1880 1993
f 1870 1871 1873 1993
f 1852 1853 1857 1992
f 1847 1848 1852 1990
f 1842 1843 1847 1988
f 1837 1838 1842 1986
f 1832 1833 1837 1984
f 1827 1828 1832 1982
f 1822 1823 1827 1980
f 1817 1818 1822 1978
f 1812 1813 1817 1976
f 1807 1808 1812 1974
f 1802 1803 1807 1972
f 1797 1798 1802 1970
f 1792 1793 1797 1968
f 1787 1788 1792 1966
f 1782 1783 1787 1964
f 1777 1778 1782 1962
f 1772 1773 1777 1960
f 1767 1768 1772 1958
f 1762 1763 1767 1956
f 1757 1758 1762 1954
f 455 456 1757 1952
f 195 186 66 1950
f 302 37 195 1950
f 66 455 1949 1950
f 1857 1858 1862 1870
f 1760 1761 325 1766
f 1994 324 325 1761
f 1755 1756 1994 1761
f 124 127 324 1994
f 1756 123 124 1994
f 1753 241 123 1756
f 103 104 453 454
f 1995 411 447 448
f 360 46 1995 448
f 1996 410 411 1995
f 46 355 1996 1995
f 1997 416 410 1996
f 355 1998 1997 1996
f 355 356 1999 1998
f 2001 2000 1997 1998
f 1999 2002 2001 1998
f 1999 2004 2003 2002
f 2006 2005 2001 2002
f 2003 2007 2006 2002
f 2003 2009 2008 2007
f 2011 2010 2006 2007
f 2008 2012 2011 2007
f 2008 2014 2013 2012
f 2016 2015 2011 2012
f 2013 2017 2016 2012
f 2013 2019 2018 2017
f 2021 2020 2016 2017
f 2018 2022 2021 2017
f 2018 2024 2023 2022
f 2026 2025 2021 2022
f 2023 2027 2026 2022
f 2023 2029 2028 2027
f 2031 2030 2026 2027
f 2028 2032 2031 2027
f 2028 2034 2033 2032
f 2036 2035 2031 2032
f 2033 2037 2036 2032
f 2033 2039 2038 2037
f 2041 2040 2036 2037
f 2038 2042 2041 2037
f 2038 2044 2043 2042
f 2046 2045 2041 2042
f 2043 2047 2046 2042
f 2043 2049 2048 2047
f 2051 2050 2046 2047
f 2048 2052 2051 2047
f 2048 2054 2053 2052
f 2056 2055 2051 2052
f 2053 2057 2056 2052
f 2053 2059 2058 2057
f 2061 2060 2056 2057
f 2058 2062 2061 2057
f 2058 2064 2063 2062
f 2066 2065 2061 2062
f 2063 2067 2066 2062
f 2063 2069 2068 2067
f 73 71 2066 2067
f 2068 2070 73 2067
f 2068 2072 2071 2070
f 2073 70 73 2070
f 2071 2074 2073 2070
f 2071 68 69 2074
f 2075 2065 72 2072
f 2068 2069 2075 2072
f 72 68 2071 2072
f 2060 2061 2065 2075
f 2069 2076 2060 2075
f 2055 2056 2060 2076
f 2064 2077 2055 2076
f 2069 2063 2064 2076
f 2050 2051 2055 2077
f 2059 2078 2050 2077
f 2064 2058 2059 2077
f 2045 2046 2050 2078
f 2054 2079 2045 2078
f 2059 2053 2054 2078
f 2040 2041 2045 2079
f 2049 2080 2040 2079
f 2054 2048 2049 2079
f 2035 2036 2040 2080
f 2044 2081 2035 2080
f 2049 2043 2044 2080
f 2030 2031 2035 2081
f 2039 2082 2030 2081
f 2044 2038 2039 2081
f 2025 2026 2030 2082
f 2034 2083 2025 2082
f 2039 2033 2034 2082
f 2020 2021 2025 2083
f 2029 2084 2020 2083
f 2034 2028 2029 2083
f 2015 2016 2020 2084
f 2024 2085 2015 2084
f 2029 2023 2024 2084
f 2010 2011 2015 2085
f 2019 2086 2010 2085
f 2024 2018 2019 2085
f 2005 2006 2010 2086
f 2014 2087 2005 2086
f 2019 2013 2014 2086
f 2000 2001 2005 2087
f 2009 2088 2000 2087
f 2014 2008 2009 2087
f 416 1997 2000 2088
f 2004 415 416 2088
f 2009 2003 2004 2088
f 71 72 2065 2066
f 1999 356 415 2004
f 411 412 446 447
f 289 290 2089 438
f 272 273 437 438
f 2089 271 272 438
f 290 291 2090 2089
f 2090 373 271 2089
f 291 428 158 2090
f 158 159 373 2090
f 244 113 114 436
f 185 125 126 434
f 2091 162 157 429
f 352 2092 2091 429
f 157 158 428 429
f 2093 307 2091 2092
f 2094 423 2093 2092
f 352 353 2094 2092
f 420 58 423 2094
f 353 354 420 2094
f 365 306 307 2093
f 423 366 365 2093
f 307 308 162 2091
f 252 28 245 427
f 361 313 314 414
f 130 134 382 383
f 370 2096 2095 372
f 2097 292 293 372
f 2095 2098 2097 372
f 2095 2100 2099 2098
f 2102 2101 2097 2098
f 2099 2103 2102 2098
f 2099 2105 2104 2103
f 2107 2106 2102 2103
f 2104 2108 2107 2103
f 2104 2110 2109 2108
f 2112 2111 2107 2108
f 2109 2113 2112 2108
f 2109 2115 2114 2113
f 2117 2116 2112 2113
f 2114 2118 2117 2113
f 2114 2120 2119 2118
f 2122 2121 2117 2118
f 2119 2123 2122 2118
f 2119 2125 2124 2123
f 2127 2126 2122 2123
f 2124 2128 2127 2123
f 2124 2130 2129 2128
f 2132 2131 2127 2128
f 2129 2133 2132 2128
f 2129 2135 2134 2133
f 2137 2136 2132 2133
f 2134 2138 2137 2133
f 2134 2140 2139 2138
f 2142 2141 2137 2138
f 2139 2143 2142 2138
f 2139 2145 2144 2143
f 2147 2146 2142 2143
f 2144 2148 2147 2143
f 2144 2150 2149 2148
f 2152 2151 2147 2148
f 2149 2153 2152 2148
f 2149 2155 2154 2153
f 2157 2156 2152 2153
f 2154 2158 2157 2153
f 2154 2160 2159 2158
f 2162 2161 2157 2158
f 2159 2163 2162 2158
f 2159 2165 2164 2163
f 2167 2166 2162 2163
f 2164 85 2167 2163
f 2169 2168 2166 2167
f 85 81 2169 2167
f 2171 2170 2168 2169
f 81 82 2171 2169
f 2173 2172 2170 2171
f 82 2174 2173 2171
f 82 83 112 2174
f 2176 2175 2173 2174
f 112 110 2176 2174
f 2177 2160 2175 2176
f 110 111 2177 2176
f 2165 2159 2160 2177
f 111 337 2165 2177
f 2155 2172 2173 2175
f 2160 2154 2155 2175
f 2150 2178 2170 2172
f 2155 2149 2150 2172
f 2179 2168 2170 2178
f 2145 2180 2179 2178
f 2150 2144 2145 2178
f 2182 2181 2179 2180
f 2140 2183 2182 2180
f 2145 2139 2140 2180
f 2185 2184 2182 2183
f 2135 2186 2185 2183
f 2140 2134 2135 2183
f 2188 2187 2185 2186
f 2130 2189 2188 2186
f 2135 2129 2130 2186
f 2191 2190 2188 2189
f 2125 2192 2191 2189
f 2130 2124 2125 2189
f 2194 2193 2191 2192
f 2120 2195 2194 2192
f 2125 2119 2120 2192
f 2197 2196 2194 2195
f 2115 2198 2197 2195
f 2120 2114 2115 2195
f 2200 2199 2197 2198
f 2110 2201 2200 2198
f 2115 2109 2110 2198
f 2203 2202 2200 2201
f 2105 2204 2203 2201
f 2110 2104 2105 2201
f 2206 2205 2203 2204
f 2100 2207 2206 2204
f 2105 2099 2100 2204
f 2209 2208 2206 2207
f 2096 2210 2209 2207
f 2100 2095 2096 2207
f 2212 2211 2209 2210
f 371 2213 2212 2210
f 2096 370 371 2210
f 2215 2214 2212 2213
f 145 142 2215 2213
f 371 369 145 2213
f 2216 2106 2214 2215
f 142 143 2216 2215
f 2101 2102 2106 2216
f 143 295 2101 2216
f 2106 2107 2111 2214
f 2111 2211 2212 2214
f 2111 2112 2116 2211
f 2116 2208 2209 2211
f 2116 2117 2121 2208
f 2121 2205 2206 2208
f 2121 2122 2126 2205
f 2126 2202 2203 2205
f 2126 2127 2131 2202
f 2131 2199 2200 2202
f 2131 2132 2136 2199
f 2136 2196 2197 2199
f 2136 2137 2141 2196
f 2141 2193 2194 2196
f 2141 2142 2146 2193
f 2146 2190 2191 2193
f 2146 2147 2151 2190
f 2151 2187 2188 2190
f 2151 2152 2156 2187
f 2156 2184 2185 2187
f 2156 2157 2161 2184
f 2161 2181 2182 2184
f 2161 2162 2166 2181
f 2166 2168 2179 2181
f 337 338 2164 2165
f 338 84 85 2164
f 295 292 2097 2101
f 294 144 145 369
f 358 316 313 361
f 111 108 336 337
f 108 109 335 336
f 321 322 330 333
f 101 102 328 329
f 2217 198 200 327
f 127 128 2217 327
f 228 197 198 2217
f 128 2218 228 2217
f 128 8 183 2218
f 235 227 228 2218
f 183 184 235 2218
f 161 162 308 309
f 276 160 161 309
f 303 275 276 309
f 204 278 275 303
f 194 195 37 299
f 95 96 277 278
f 204 199 95 278
f 126 122 242 243
f 122 123 241 242
f 118 7 113 239
f 184 219 234 235
f 135 136 196 226
f 206 137 135 226
f 208 205 22 221
f 216 165 169 218
f 164 165 216 217
f 153 154 212 213
f 136 94 95 199
f 388 759 757 758
f 35 288 952 953
f 59 45 35 953
f 102 101 100 99
f 141 140 139 138
f 233 232 231 230
f 77 281 280 76
f 345 344 343 342
f 391 388 387 386
f 1674 1675 1677 57
f 70 2073 2074 69
f 226 24 227 32
f 227 235 234 32

