# WaveFront *.obj file (generated by Cinema 4D)

v 1.105174 -0.035470 1.409897
v -2.229380 0.813916 -0.758245
v -0.564326 0.804011 0.472423
v 0.953336 -0.104934 -0.554604
v -0.326517 0.195168 -1.532378
v 0.369587 0.770377 0.203836
v 1.575976 0.307531 -0.775802
v -0.778614 0.545136 0.148458
v -0.312639 0.482745 -0.902089
v -2.126033 0.857339 -0.714643
v 0.315951 0.836435 0.281860
v -0.157349 0.598750 -0.891644
v -0.286539 0.387459 -1.367536
v 1.328865 0.386153 -0.728258
v 0.122672 0.314136 -2.393854
v -0.627816 0.048360 0.384668
v 0.922996 0.506070 1.086887
v 0.076922 0.478029 -2.568220
v -0.395512 0.637127 0.626226
v 1.032736 0.190364 -0.765778
v -0.095366 -0.023244 -0.217018
v 0.493172 0.756475 0.414989
v -1.206449 0.502665 -0.221001
v -0.273693 0.913857 -0.071691
v -0.268204 -0.117487 -0.266087
v 1.308309 0.241775 1.563247
v 0.684839 0.433338 -0.604698
v 1.149731 0.488604 -0.296327
v 0.455138 0.057523 0.691414
v 1.001062 0.269162 1.770600
v -0.219011 0.062199 -1.536237
v 0.704973 0.619896 -0.476551
v 0.712032 0.670016 -0.404982
v -0.104710 0.918479 0.090324
v -1.144879 0.512891 -0.861554
v -1.114291 0.801401 1.198388
v 0.115857 0.636572 -1.225968
v 0.152439 -0.031486 -0.640017
v 1.459614 0.071573 -0.280348
v -0.025529 0.596854 -1.394976
v 0.394195 0.582735 0.857148
v 0.327484 0.130732 -0.666582
v -0.977201 0.415589 1.221012
v -2.046881 0.639546 -0.923908
v 0.752084 0.247341 0.479854
v -0.142580 0.557782 -1.022745
v 1.634051 0.462613 -0.678537
v -0.500804 0.881181 -0.101877
v -1.159221 0.175152 0.880838
v -1.447461 0.263367 1.771657
v 0.014164 0.726207 -0.963210
v -1.278109 0.111139 -0.715787
v -1.778846 0.356470 -0.717059
v -0.275370 0.281858 -2.414748
v -0.226100 0.444306 -1.365185
v -0.963851 0.583569 -0.745115
v -1.433558 0.279279 -0.892035
v 0.744494 0.269505 -0.680166
v -2.206251 0.541484 -0.559831
v 0.751108 0.597629 1.140969
v 0.756190 0.682497 -0.226985
v 0.077882 0.124419 -1.602287
v -0.531845 0.868594 -0.139566
v 1.373784 -0.086136 1.672812
v 0.705955 0.530273 1.222330
v 0.041575 0.173900 0.609378
v 0.180838 0.607761 -1.112414
v -1.200887 0.157027 0.743831
v -0.620224 0.606788 -0.609905
v 1.828542 -0.016517 -0.387576
v -1.069677 0.222306 1.072608
v 1.879839 0.382189 -0.550717
v 0.487190 0.361899 -0.605362
v 0.728547 0.601061 0.590742
v 0.465471 0.047781 0.769646
v 1.302811 0.318329 1.647457
v 0.448657 0.812856 0.456690
v -1.258173 0.660490 1.742002
v 0.455011 0.696901 0.114191
v 0.062481 0.878164 0.044779
v 1.185088 0.396798 -0.252269
v -0.149851 0.089572 -1.738712
v 0.575682 0.745592 0.799751
v -1.468227 0.835076 -0.693693
v 1.511394 0.182042 2.151089
v -2.324817 0.573395 -0.604293
v 0.380894 0.063150 0.729333
v 1.498288 0.470532 -0.499958
v -0.802800 0.872751 0.511843
v -2.095835 0.555101 -0.536213
v -2.386312 0.885731 -0.663511
v 0.538915 0.612134 0.186529
v 0.524065 0.812953 0.620826
v -1.302162 0.203037 1.200553
v 1.295465 0.106868 1.512623
v 0.766647 -0.020905 0.845187
v 1.973784 0.378224 -0.600621
v -0.977089 0.809773 0.915449
v -1.130490 0.858722 -0.539814
v -0.279497 0.722084 0.474513
v -0.269121 0.109616 -1.619651
v -0.780577 0.165472 0.787953
v -1.614274 0.642187 1.805873
v 1.411291 0.347185 -0.756470
v -0.583659 0.647105 -0.572508
v 0.267450 0.604674 -0.566344
v -0.795769 0.560792 -0.690323
v -1.602305 0.579149 1.931844
v 0.655155 0.636736 0.458490
v 0.410340 0.743289 0.242370
v -1.168905 0.718162 -0.749883
v 0.559529 0.082505 0.251994
v -1.176109 0.239118 1.371250
v -2.355563 0.817189 -0.580983
v -1.883731 0.328615 -0.781924
v -1.329043 0.229429 1.484695
v -0.673238 0.894771 -0.241670
v -0.553917 0.058154 0.549930
v 1.250872 0.497381 -0.638702
v -1.255721 0.842148 -0.544940
v 0.662748 0.676001 0.582269
v 2.400656 0.038369 -0.795799
v 0.809680 0.691100 -0.347969
v 0.670987 0.764969 0.801891
v 0.379093 -0.102046 -0.106482
v -1.094553 0.330876 1.439793
v -2.267195 0.873571 -0.667454
v -0.291048 0.223110 -2.265415
v 0.527597 0.794728 -0.204030
v -0.925192 0.621438 0.312351
v 0.106055 0.078343 0.485038
v 0.928747 0.469294 1.571892
v -0.485468 0.747635 -0.484797
v -1.168080 0.856196 -0.584456
v -1.021302 0.858362 0.837728
v -0.145303 0.041236 -1.520868
v -0.997459 0.883408 -0.434395
v -1.097094 0.109782 0.529209
v -1.680256 0.543387 1.900801
v 0.303091 0.392148 1.000463
v -0.502454 0.585133 0.701563
v 1.463832 0.227260 -0.313875
v -0.194608 0.455762 -2.401056
v -1.292002 0.776814 1.360446
v 1.937669 0.330841 -0.737130
v -1.384995 0.677998 1.823098
v 1.008906 0.520583 -0.190586
v 0.210469 0.570857 -1.401366
v -0.658437 0.534171 -0.661322
v 0.401811 0.841973 -0.128851
v 1.729386 0.455751 -0.671795
v 0.482896 0.698105 -0.386428
v 0.867556 0.468151 -0.625351
v -0.423815 -0.092881 -0.307963
v -0.265836 0.054377 -1.129885
v -0.620805 0.302880 -0.748728
v 1.692058 0.491696 -0.612918
v -0.097385 0.007335 -0.778889
v -0.297241 0.456159 -1.018896
v 1.035147 -0.065707 -0.266196
v 0.157332 0.685741 -0.862008
v -0.014437 0.023944 -0.892974
v 0.020200 0.661461 -1.833582
v -0.958393 0.840025 0.716291
v 0.196320 0.071734 0.475242
v 1.642625 0.467832 -0.567383
v 1.023053 -0.023213 1.473885
v 0.358893 -0.027631 -0.518848
v -1.145370 0.110185 0.669452
v 0.279417 0.699230 -0.455841
v -0.739352 0.540510 0.014692
v 0.106792 0.647920 -1.584118
v -0.348139 0.104984 -1.030785
v 0.526881 0.003344 0.632357
v 0.115940 0.866452 0.044410
v -1.037930 0.092790 0.427433
v 2.146203 0.300908 -0.608493
v -0.406310 0.271753 -0.999019
v -1.325868 0.225474 -0.517915
v -1.937221 0.873049 -0.753869
v -1.250887 0.550015 0.727996
v 0.677041 0.610036 -0.463837
v 0.252104 0.851310 -0.068949
v -0.867724 0.681345 -0.647109
v 0.777827 0.491212 0.554246
v -1.142949 0.793206 0.844409
v -0.096524 0.866892 -0.443725
v 0.199231 0.317854 -1.867169
v -1.732992 0.387853 -0.616909
v -0.198436 0.817396 0.284567
v 1.976166 -0.086158 -0.448887
v -0.827257 0.339906 1.002776
v -0.203034 0.158706 -2.061648
v -0.815845 0.685465 -0.615419
v 1.288626 -0.152413 1.995291
v -0.256597 0.366322 -1.841401
v -0.059536 0.614313 -1.795690
v -0.750044 0.482894 0.080418
v -0.790282 0.607753 -0.051572
v 1.296523 -0.038845 1.579120
v 0.477858 0.482116 1.087806
v -1.574123 0.318956 -0.622090
v 0.634516 -0.054268 -0.073664
v -0.579602 0.098479 0.635110
v 0.029696 0.035737 0.097151
v -0.397493 0.387952 -0.927268
v 1.448078 0.519532 -0.567239
v -0.747699 0.910301 -0.261113
v -0.323505 -0.093618 -0.439453
v -0.691935 0.719774 0.702267
v 0.222308 0.594472 -0.852160
v -0.305880 0.524308 0.623957
v 0.745568 0.728239 -0.324289
v -0.035662 0.144893 -1.822794
v 1.284104 0.536124 -0.593026
v -1.071912 0.556661 1.396501
v -0.301062 0.856267 -0.382968
v 0.794096 0.408878 -0.646817
v -0.302174 0.287225 -1.608961
v 0.031365 -0.045391 -0.591634
v 0.340913 0.779155 -0.334748
v -1.003231 0.543728 0.323724
v 2.025687 0.362247 -0.564762
v -0.639641 -0.005925 0.055158
v 1.046345 -0.019304 1.720322
v 1.642687 0.033940 -0.341407
v 0.050433 0.596135 -2.280873
v -0.850273 0.127143 0.638575
v 0.686561 0.640217 1.016105
v 0.874361 -0.040389 1.102427
v -0.304418 0.831606 0.344212
v 1.087797 -0.090295 -0.448847
v 1.634274 0.197825 -0.363270
v 0.321621 0.841172 0.361406
v -1.212148 0.683573 1.646252
v -0.887690 0.703669 0.383222
v 0.025572 0.863149 0.245195
v -2.020746 0.853303 -0.740312
v -0.123507 0.906421 -0.109701
v 1.962510 -0.088709 -0.683672
v 0.265237 0.491273 -1.357557
v -1.197218 0.233511 1.222185
v 0.099882 0.632232 -1.685922
v 0.372644 0.791773 -0.002019
v -1.681516 0.337103 -0.686759
v 0.481774 0.587229 0.942279
v -0.659344 0.811328 0.579521
v 1.203944 0.549197 -0.566471
v -0.657975 0.018102 0.282719
v 0.069981 0.554964 0.575116
v 1.056508 -0.029453 1.605859
v -0.295781 -0.021983 0.147682
v -0.158119 0.036175 0.382342
v 0.542757 0.769247 0.483354
v -0.867331 0.659312 -0.107568
v -0.976047 0.766699 0.582978
v -0.210721 0.739679 0.419425
v 0.184811 0.616119 -1.537392
v 0.232669 0.581750 -0.949452
v -0.641249 0.551318 0.788153
v -0.202811 0.865745 -0.322635
v -0.779898 0.825592 -0.185678
v -0.096670 0.871444 -0.209036
v -1.832412 0.420067 -0.632198
v 0.113565 0.869571 -0.090416
v -1.156098 0.843978 1.179120
v -1.494546 0.385563 1.370951
v -0.104450 0.146552 -1.950943
v 0.591178 0.584056 -0.479496
v 0.953736 0.115388 1.723609
v 0.062785 0.075992 -1.193231
v -1.778006 0.465291 -0.559251
v 0.294854 0.374051 -1.464989
v 0.734543 0.668213 0.958464
v -0.916274 0.872162 -0.293440
v -1.290720 0.620475 1.805507
v -1.277011 0.143550 -0.644777
v -0.898352 0.465704 -0.790688
v -0.655218 0.049353 0.516357
v -0.235902 0.419725 -2.155769
v -1.259258 0.300722 1.670566
v 0.165565 0.770872 -0.517523
v -0.512688 0.843436 0.167471
v -0.789234 0.010583 0.253839
v -1.238100 0.785411 -0.677991
v 0.713278 0.659051 -0.126841
v 0.102345 0.060880 -1.131478
v 0.190650 0.879792 0.337784
v -0.689979 -0.021650 -0.214663
v 0.065572 0.644119 -1.236978
v 0.595789 0.791317 0.659838
v -0.183569 0.545852 -1.033649
v 0.488215 0.040212 0.850458
v -1.630100 0.382104 -0.570191
v 0.258623 0.458515 -0.748390
v 0.043409 0.643467 -1.367365
v 1.098151 0.528853 1.529459
v -0.281391 0.484728 -0.975937
v -1.352801 0.551158 1.873550
v -1.068996 0.712272 0.631047
v -1.905301 0.460009 -0.600233
v -0.610761 0.674294 0.079782
v -1.471470 0.745134 -0.500757
v 1.235108 0.144641 2.077564
v 1.139697 0.484182 -0.623516
v 0.202137 0.847413 0.427422
v -0.160412 0.902558 0.102325
v 0.668444 0.422067 1.393684
v -0.573234 0.268473 0.820413
v 1.488023 -0.126548 1.818596
v -0.073146 0.772721 0.390416
v -1.196982 0.635706 0.724735
v 0.034752 0.187199 -1.909842
v -0.536378 -0.001447 0.113239
v -2.101597 0.415029 -0.639176
v -1.177578 0.808158 1.295374
v 0.080287 0.669673 -1.152466
v 0.251998 0.840179 0.017676
v 0.060282 0.658264 -1.297935
v -2.057593 0.407312 -0.667618
v -0.746212 0.015155 -0.336203
v 0.426794 0.811705 -0.082118
v 0.251191 0.425414 -1.676156
v -0.274112 0.589614 -0.745686
v -2.412230 0.798229 -0.824893
v 0.040413 0.080234 -1.263126
v -0.163252 0.870881 0.184804
v 1.362385 0.308288 1.828266
v 0.748829 0.115832 0.569968
v 0.135498 0.778293 0.484438
v -1.006903 0.704830 0.539791
v 0.471383 0.010580 0.185432
v -1.140409 0.626441 0.623543
v -1.722620 0.491187 1.797682
v -1.108636 0.096728 -0.713808
v 2.010340 0.372204 -0.649989
v 0.113656 0.111700 -1.487456
v 1.557208 -0.123209 -0.567311
v 0.609248 0.757735 0.611089
v 0.144053 0.650771 -1.185544
v -0.336201 0.730371 0.479045
v -0.839636 0.809760 -0.528685
v -0.163637 0.507313 -1.761706
v 0.045584 0.875028 -0.021668
v -0.666622 0.833545 -0.151842
v -0.846450 0.035661 -0.566879
v 1.001519 -0.090375 -0.422533
v 0.289509 -0.098403 0.041485
v -0.545008 -0.053534 -0.087862
v 1.881263 0.319806 -0.734716
v 1.520264 0.082177 1.997159
v 1.000731 0.374793 -0.714461
v -0.517198 0.750363 0.588044
v -0.025759 0.102633 0.455191
v -1.029831 0.832050 -0.307949
v 0.323573 0.820380 -0.259194
v -1.349682 0.691277 1.374955
v -1.249213 0.767376 -0.390431
v 0.063794 0.839799 -0.203473
v 0.592535 -0.015470 0.630553
v -0.368657 -0.022724 0.269540
v 0.292120 0.815697 0.086504
v -0.419430 -0.101169 -0.382030
v 0.050890 0.056119 0.357674
v -0.917758 0.064918 -0.622542
v -1.249212 0.802988 1.439733
v -0.688305 0.571294 0.044329
v -0.261658 0.393441 -1.493306
v -0.426274 0.875701 -0.338149
v -0.057947 0.035831 0.341527
v -0.126678 0.014265 0.323767
v 0.273761 0.835530 0.480214
v -1.017469 0.180816 0.818458
v -1.653429 0.356686 1.766729
v -0.543985 -0.048234 -0.176963
v 0.106440 0.627016 -1.815721
v -1.268468 0.740501 1.075180
v -0.923068 0.156057 -0.737612
v 0.919416 -0.010014 1.467162
v 0.792983 -0.089790 -0.294576
v 1.487763 -0.119050 -0.550622
v -1.443082 0.229544 1.688346
v 0.944711 0.036350 1.008044
v 1.189185 -0.122286 1.833758
v -0.135876 0.918769 0.034700
v 0.603788 0.590151 1.056932
v -0.549666 0.649153 -0.556224
v -0.215815 0.434443 -2.546323
v -2.019078 0.445373 -0.614611
v 0.307381 0.806733 0.015094
v 1.166631 -0.115563 -0.613121
v 0.061923 0.564065 -2.365581
v 0.021809 0.831405 -0.530691
v -0.131082 0.075543 -1.680644
v -0.692044 -0.002324 -0.308082
v -1.771108 0.738841 -0.861289
v 0.340487 -0.103883 -0.027575
v 0.175852 0.691083 -0.648720
v -0.162319 0.507152 -2.301477
v 0.101570 0.787744 -0.847378
v -0.931824 0.864039 -0.526891
v -0.472265 0.026807 0.218899
v 0.243491 0.851893 0.148953
v 1.721110 0.342406 -0.749284
v 1.375839 -0.180084 1.974699
v 1.094836 0.318514 -0.750971
v 0.567284 0.526901 1.113950
v -0.753827 0.751018 0.293964
v -0.005868 0.021175 0.242998
v -1.008770 0.602974 0.402002
v -1.286154 0.768773 1.522475
v -1.106000 0.700511 0.690647
v -0.073887 0.045803 -0.055214
v -0.594050 -0.045890 -0.406928
v -2.441131 0.623422 -0.667716
v 0.924958 0.510848 -0.607004
v 0.806401 0.587250 0.820374
v 0.183838 0.577114 0.682845
v 1.905636 0.414824 -0.614913
v -0.298890 0.196341 -1.897310
v 2.331445 -0.120896 -0.475057
v 0.567955 0.705995 0.454277
v 0.393086 0.827001 0.520116
v -1.827945 0.853607 -0.632381
v 0.817349 0.548101 0.702193
v -0.075465 0.038389 -1.091440
v 1.443175 0.473948 -0.483257
v -1.137538 0.714597 0.739949
v 1.360519 0.514887 -0.618854
v 0.887112 0.522087 0.919782
v -0.427310 0.843655 -0.405814
v -0.371162 0.860014 -0.386890
v -0.445099 -0.006823 0.114804
v 0.249142 -0.060305 0.190120
v -0.177108 0.742901 -0.632064
v -1.480722 0.193050 1.557435
v -0.133263 0.825170 -0.516390
v -0.031700 0.859139 -0.345939
v -0.264268 0.366801 -2.297405
v -1.704606 0.236058 -0.816877
v 1.334227 0.418983 -0.387834
v 0.547664 0.663414 0.021082
v -0.959722 0.689651 0.447901
v 1.585275 -0.121817 -0.474657
v 0.300093 0.832368 -0.080001
v 1.505913 0.382894 -0.423215
v -0.245297 0.696639 -0.629381
v 1.612980 -0.075768 -0.697089
v -0.208413 0.770509 -0.556593
v -0.951962 0.202484 0.980161
v -0.157326 0.878873 -0.364592
v -0.109591 0.562488 -1.691455
v -0.320566 0.921434 -0.172517
v -1.114607 0.224809 1.185889
v -0.084483 0.544586 -1.449858
v 0.727897 -0.087410 -0.432389
v -1.061238 0.645168 -0.747301
v 0.088154 0.087643 -1.306713
v -0.573718 0.834179 0.417541
v 0.008071 0.090939 -1.471446
v -1.359667 0.202382 1.397455
v -1.298418 0.201661 1.081561
v 0.285685 0.837107 0.148472
v -1.120068 0.785905 -0.328002
v -0.007413 -0.007437 -0.182285
v 0.565080 -0.077496 -0.454737
v 0.354710 0.818781 -0.097731
v -0.372754 0.005763 0.126146
v 0.807909 0.531029 1.372218
v -0.489692 0.003687 0.390299
v -1.084136 0.880656 -0.560385
v 1.885284 -0.009386 -0.746627
v -0.112658 0.751468 -0.720073
v -1.291012 0.785592 1.444354
v -1.360461 0.723542 1.720873
v 1.312117 0.468004 -0.657186
v -0.488172 -0.070607 -0.124601
v 0.346575 0.068374 0.636922
v 1.223984 -0.104008 1.751111
v -0.654058 0.857108 0.509537
v -1.876825 0.819455 -0.818770
v -0.333385 0.362146 -1.249522
v -0.683612 0.802843 0.260423
v 1.209186 0.025094 1.994232
v -0.574328 -0.036232 -0.348393
v -0.567617 0.743242 -0.497311
v 1.427217 0.202042 2.225772
v 1.141072 -0.081675 -0.323450
v 1.206644 0.528057 -0.404955
v -0.181720 0.480398 -1.584631
v 0.164946 0.097884 0.714903
v 0.083596 0.853926 0.282947
v 0.490920 0.660438 -0.414118
v -0.419056 0.088115 -0.823408
v 0.201931 0.610611 -1.043271
v 0.246919 0.799155 -0.253796
v -1.386512 0.707159 -0.822377
v -1.123115 0.553446 0.498170
v 0.215407 0.202388 0.908853
v 0.108568 0.611018 -2.011455
v 1.258552 0.086834 -0.776575
v 0.443636 0.594913 -0.498275
v -0.628612 0.809400 -0.467626
v 0.688394 0.192157 0.107207
v -0.545944 0.416746 -0.713340
v 0.091786 0.682852 -1.005812
v -0.784367 0.085550 0.511337
v 1.022022 -0.104421 -0.598001
v -0.913448 0.049170 -0.551679
v 0.023296 0.661928 -1.127765
v 1.201698 0.362816 -0.737709
v 1.261120 -0.110845 -0.563973
v 0.176560 0.612416 -1.451331
v 1.527960 0.390796 -0.725413
v 0.596392 0.561127 0.079424
v -0.526398 0.020998 0.334709
v 0.838641 0.286247 1.617737
v -0.942232 0.738421 0.504612
v -0.698625 0.876224 0.486006
v 0.022716 0.858556 -0.331265
v 0.198664 0.849671 -0.066944
v -1.282431 0.846776 -0.621400
v 0.090198 0.739341 -0.904224
v 0.010007 0.636018 -1.487511
v 1.523579 -0.123428 2.127247
v -0.258127 0.444582 -1.269122
v 0.229010 0.599331 -0.599333
v 0.501516 -0.082543 -0.418090
v -0.089204 0.594528 -2.620489
v -1.232233 0.708806 0.944364
v 0.078045 -0.037583 -0.647909
v -1.000594 0.543521 -0.104539
v -0.399762 0.601501 -0.643478
v -0.869825 0.886942 -0.480743
v 0.285714 -0.081592 0.126160
v -1.196495 0.153362 -0.555705
v 0.520520 0.714353 -0.357489
v 0.321258 0.578215 0.802746
v 0.175929 0.882596 0.286537
v -1.134586 0.843351 -0.649955
v 0.170597 0.796188 -0.430941
v 1.005156 0.317973 0.952936
v 0.140416 0.511573 -2.367380
v -1.084176 0.107403 -0.558183
v 0.216511 0.877212 0.200569
v 0.629491 0.720180 0.853040
v -0.095808 0.029764 0.114111
v -0.246516 -0.059561 -0.591161
v -0.036747 0.622082 -1.060144
v -0.618611 0.919007 -0.360861
v -0.749876 0.690069 -0.597132
v 2.233497 -0.167075 -0.720825
v 0.397527 0.792772 0.610503
v -1.097478 0.871599 -0.607603
v -1.213154 0.822567 1.243538
v -1.358300 0.641959 -0.868671
v -0.239782 0.733601 -0.572746
v -1.032189 0.679683 -0.711878
v -0.953561 0.200330 0.864808
v -1.984592 0.329031 -0.837269
v -0.554770 0.803682 -0.445168
v -0.358136 0.650361 -0.606439
v 1.168189 -0.102590 -0.529825
v 1.044731 0.274931 1.085365
v -0.076815 0.916796 0.032769
v -0.957666 0.077010 -0.417972
v 0.684362 0.560456 0.003081
v 0.175726 0.769252 0.532939
v -1.218421 0.842221 -0.617419
v 0.230950 0.821534 -0.198362
v -0.408188 0.851903 0.238634
v -0.023358 0.182250 -1.952263
v -1.196877 0.438654 0.556920
v 0.322764 0.318803 -0.692335
v -1.285238 0.383973 1.797873
v 0.148881 -0.085712 -0.470321
v 0.044337 0.292380 0.643998
v 1.827206 0.346584 -0.725359
v -0.335091 0.505230 -0.807686
v 0.607267 0.224558 1.423652
v 0.284688 0.877360 0.312997
v 2.287875 0.110059 -0.776086
v -1.998884 0.806843 -0.566714
v 2.093786 -0.145113 -0.583354
v 0.520320 0.834249 0.521022
v 0.275884 0.085103 0.477320
v 0.644641 0.700784 -0.059294
v 2.174765 -0.092482 -0.431486
v 0.393077 0.364066 1.121610
v 0.964160 -0.026715 1.180933
v 1.667098 0.325375 -0.771566
v -0.857270 0.578053 0.221738
v -0.194200 0.069889 0.443254
v -1.059774 0.274497 1.295302
v -1.243842 0.177047 0.874770
v -1.369641 0.712403 -0.427517
v -0.864106 0.766136 0.438403
v 0.053259 0.652060 -1.638632
v -1.246223 0.808501 1.341660
v -1.374479 0.837354 -0.688572
v 0.475696 0.673828 0.817508
v -0.199415 0.556099 -0.914660
v -1.296078 0.274213 0.824098
v 0.949548 0.637664 -0.279894
v 0.071452 0.218798 -2.108906
v 1.015416 0.525881 1.554434
v -0.635021 0.730341 -0.022218
v 0.861681 0.612361 -0.191501
v 0.626659 -0.085789 -0.386034
v -1.702103 0.268867 -0.766860
v -0.112419 0.537164 -1.539633
v 1.293846 0.291518 -0.771933
v 1.190839 0.444926 -0.659043
v -0.568451 0.023029 0.446519
v -1.499219 0.651676 1.685235
v 0.179788 0.906153 0.241042
v -1.050323 0.863370 -0.383062
v -0.294891 0.902567 0.128887
v -1.315592 0.207959 0.962632
v 1.293226 0.572899 -0.542567
v -0.449047 0.796926 0.448792
v 1.010188 0.402660 -0.118796
v -0.624161 -0.031279 -0.197835
v -0.007461 0.604646 -1.210722
v -0.334992 0.892048 0.088304
v -0.560395 0.903129 -0.393398
v -0.198021 0.480254 -1.783211
v 0.289789 0.193562 -1.188343
v 0.757873 0.475933 1.396717
v 0.632054 0.291974 0.163250
v 0.131622 0.678662 -1.069759
v 0.764860 0.673523 1.006779
v -1.260523 0.144182 -0.790541
v 0.208901 0.575626 -1.323373
v 0.432775 -0.082160 -0.411325
v -1.479233 0.759511 -0.788930
v -1.698650 0.568304 1.846286
v 0.247519 0.582271 -1.032711
v -0.159890 0.776578 0.369498
v 1.980965 -0.115814 -0.529545
v -0.155616 0.530141 -1.914893
v -0.953277 0.506516 0.257773
v -2.336235 0.883311 -0.674386
v 1.200103 0.310887 -0.205494
v -0.129734 0.869962 -0.405742
v -2.082506 0.809933 -0.795023
v -2.097439 0.756103 -0.838667
v 0.274081 0.881636 0.229034
v -1.005077 0.861324 -0.585773
v -0.643095 0.700419 -0.539149
v 1.509683 0.500443 -0.571865
v 0.253999 0.486894 -0.651551
v 0.197865 0.768404 -0.403664
v 0.483179 0.045713 0.982908
v -0.333752 0.865623 -0.338962
v 1.063779 0.420671 1.336710
v -1.374240 0.723749 1.596899
v -0.793649 0.725109 -0.564648
v 0.574430 0.639672 0.037063
v -0.795578 0.791228 0.696689
v 1.204348 0.577880 -0.460054
v 0.042822 0.016921 -0.041458
v -0.117281 0.878039 -0.247553
v -0.869285 0.855976 -0.278031
v 1.176288 0.079951 1.362539
v 0.472687 0.524974 -0.545199
v 0.886159 -0.027607 1.239608
v -0.130042 0.571094 -2.517138
v 0.236749 0.553421 -1.103544
v 1.133820 0.113293 -0.107355
v 0.858309 0.264401 0.035016
v 0.155495 0.729050 -0.720095
v -1.423626 0.203218 1.349419
v -0.505718 0.824343 0.425691
v -0.004913 0.678911 -1.037019
v -0.129912 0.182422 0.552062
v 0.762560 0.558921 -0.521258
v -0.131441 0.702387 0.455569
v 1.406977 -0.099261 -0.392386
v 0.241623 0.545917 -1.162457
v 2.156504 0.065664 -0.437230
v 2.183768 0.156713 -0.521974
v -1.607189 0.456954 -0.506336
v 1.155289 -0.071947 1.729980
v -0.344159 -0.075094 -0.097900
v 0.323676 0.776946 0.609947
v -0.764537 0.000501 -0.212680
v 1.561194 -0.048671 -0.362368
v -1.145820 0.801833 -0.345085
v 1.009494 0.422315 1.156860
v 0.155856 0.851541 -0.067595
v -0.919049 0.082367 0.239229
v -1.268552 0.599999 -0.863213
v -2.467638 0.802898 -0.650116
v -0.133685 0.112716 -1.806180
v -0.091687 0.889278 -0.360745
v 0.810691 0.588657 1.234703
v 0.288145 0.271551 -1.428206
v -0.816864 0.378052 0.010895
v -1.370698 0.627815 1.860557
v -0.413794 -0.009842 0.365985
v 0.927528 0.538341 -0.570975
v -0.263322 0.901348 -0.173342
v -0.008379 0.760613 -0.898587
v 0.172700 -0.054052 -0.568453
v -0.338275 0.854848 0.207980
v -2.190665 0.866049 -0.676943
v -0.039185 0.850472 -0.269553
v -1.196191 0.609229 -0.832740
v 0.858231 0.661272 -0.401936
v 0.226466 0.779421 -0.322061
v -1.269778 0.731045 1.649338
v -0.455127 -0.002174 0.306994
v -0.068056 0.744408 -0.775635
v -0.871513 0.063324 0.470265
v 0.843429 -0.083583 -0.383435
v -0.801605 0.851105 -0.478996
v -0.401518 0.781441 -0.457576
v 0.904150 -0.041884 1.168512
v 0.932766 -0.022460 1.090690
v 0.739264 0.636617 1.085649
v -1.637941 0.844157 -0.643087
v 0.889626 -0.104112 -0.609779
v -1.360847 0.132269 -0.762376
v 0.278458 0.779854 -0.284453
v -0.249318 0.541778 -0.913179
v -1.301929 0.801546 -0.705951
v 0.665234 0.554782 -0.519006
v -0.443747 0.502640 -0.693861
v 2.408031 -0.077557 -0.778493
v 0.798852 0.025544 0.724827
v 0.194851 0.001026 0.226640
v 0.592975 0.668498 -0.010048
v 1.805150 0.283953 -0.761925
v -0.353305 -0.076552 -0.535436
v 0.710885 0.500557 1.319844
v -0.278984 0.356872 -2.083521
v 0.085663 0.829737 -0.395734
v 0.911993 0.526419 -0.145313
v -1.132376 0.747547 -0.706710
v 0.202951 0.621215 -0.752916
v 0.530025 0.560673 1.024790
v 1.080077 0.363140 1.266029
v -0.215469 0.798318 -0.506299
v -0.105551 0.809912 0.315606
v 0.133603 0.389983 -2.475100
v -0.984655 0.083864 -0.506103
v -1.358466 0.212860 1.213644
v 0.972511 -0.097554 -0.333173
v -0.989011 0.203710 1.041085
v 0.144105 0.666816 0.588379
v -1.801129 0.285460 -0.842115
v 0.806307 -0.024355 0.912939
v -0.138596 -0.003373 -0.870763
v 0.460125 0.798258 0.642111
v 0.183861 0.497236 0.743306
v 0.648627 0.343355 0.314946
v 1.529194 -0.126129 -0.487633
v -1.258299 0.732093 -0.749817
v -0.427978 0.822002 0.387243
v -1.056579 0.643354 0.509417
v -0.256249 0.779684 -0.495635
v -1.617903 0.464141 1.566761
v -1.773745 0.803491 -0.585586
v 0.596280 0.772579 -0.190665
v -0.317938 0.776552 -0.465222
v -0.182388 0.613020 0.540076
v 1.105577 0.627544 -0.472735
v -0.347579 0.002955 0.414220
v 0.128610 -0.016003 -0.720034
v 0.821146 0.536935 -0.553187
v -0.374768 0.885411 -0.042469
v -1.653441 0.805039 -0.582069
v -0.520925 0.795985 0.028890
v -0.823797 0.121230 0.055602
v 0.565431 0.761024 -0.108798
v -0.913686 0.839139 0.736148
v 0.847585 0.448257 0.630607
v -0.299162 -0.070174 -0.137456
v 0.872024 0.486772 1.494914
v -0.110171 0.915455 -0.024054
v -1.185944 0.754619 1.394353
v -0.532271 -0.048600 -0.498200
v -0.176096 0.921589 -0.022892
v -1.362915 0.229230 -0.597876
v -1.204135 0.422108 1.701582
v -0.094904 0.580364 -2.341360
v -0.359567 -0.111224 -0.371120
v -1.011251 0.222447 0.923723
v -0.104919 0.052675 -1.307427
v -0.132851 0.548759 -1.102249
v 0.230876 0.759449 -0.382416
v 0.002210 0.907484 0.020048
v -0.192522 -0.049804 -0.544742
v -1.123039 0.114473 0.755421
v 0.926557 0.661595 -0.357585
v -1.368154 0.591820 1.138297
v 0.005700 0.869733 -0.199232
v -1.360789 0.314805 1.791976
v -0.104918 0.530189 -1.372064
v -0.700939 0.808998 -0.476445
v -0.849939 0.025019 0.322423
v 0.534737 0.632002 0.079332
v -0.861147 0.040212 -0.355300
v -0.212173 0.904052 -0.099051
v 0.985159 0.581397 -0.520058
v -1.119049 0.645541 -0.777700
v -0.209906 0.456774 -1.835345
v 1.634959 0.338176 -0.759574
v 0.374109 0.078606 0.581477
v 0.449483 0.039461 0.568943
v -1.722028 0.838110 -0.629066
v 2.087828 0.211395 -0.782680
v -0.177358 -0.051935 -0.196258
v 0.335750 0.747563 -0.378200
v -1.583718 0.264054 -0.705771
v 1.847366 -0.092195 -0.579018
v 0.914123 0.568210 1.141785
v 1.952438 0.377509 -0.560268
v -0.788226 0.774079 0.370086
v 1.476633 0.391235 -0.736060
v 0.111003 0.654289 -1.461309
v -0.549142 0.761489 0.083810
v -0.723583 0.832278 0.596818
v 0.246882 0.183900 -1.396351
v 1.084986 0.474429 1.643951
v 0.034785 0.780708 -0.800261
v -0.607858 0.883823 -0.415173
v -0.059560 0.803325 -0.671608
v 1.145316 -0.085124 1.868108
v 0.664178 0.701557 0.905349
v -0.894470 0.089644 0.551055
v -0.514629 0.538886 -0.633981
v -2.096059 0.818840 -0.571503
v -1.308963 0.690696 1.113988
v 2.145564 0.218118 -0.753471
v -2.402526 0.859374 -0.628966
v 0.963498 0.252011 0.836813
v -1.378083 0.262929 -0.502529
v -2.469322 0.850310 -0.727504
v 0.196217 0.563812 -1.764891
v -0.193840 0.426369 -2.639799
v 0.508746 -0.087214 -0.209896
v -0.640090 0.772905 0.214426
v -1.136981 0.153289 -0.298386
v 0.036998 0.646315 0.498834
v -0.207803 0.484901 -1.216184
v -0.236645 0.401549 -1.693160
v -1.082988 0.094929 0.701028
v 1.764807 0.441472 -0.674880
v -0.474682 0.859907 -0.060825
v 0.982618 0.153611 0.949815
v 2.212776 -0.179416 -0.652181
v 0.179150 0.468035 -2.276675
v 0.905868 0.487102 0.841506
v 1.067846 0.513406 1.444210
v 0.462789 0.805681 -0.224752
v 1.168403 0.221211 1.295110
v -0.005836 0.532564 -2.654200
v -0.043949 0.300061 -2.587055
v 0.911179 0.424067 0.755150
v -0.066204 0.847754 -0.510809
v -0.464466 0.406068 0.742398
v 0.238906 0.721177 0.620196
v 0.986300 0.481863 -0.630204
v 0.325178 0.676613 -0.487802
v 1.819043 0.418546 -0.674610
v -1.174388 0.787476 -0.365527
v 0.109592 0.019757 -0.929777
v -1.057145 0.422667 0.341389
v -0.124448 0.650892 -0.844051
v 0.165440 0.600704 -1.624948
v 0.514360 0.006096 0.410270
v 1.860781 0.089919 -0.375480
v 0.966153 -0.010095 1.554901
v 1.415208 0.270333 2.096294
v 0.566553 0.025876 1.002892
v 0.023440 0.144396 -1.721058
v -1.315593 0.700118 1.764834
v 0.948123 0.546806 1.224755
v 0.402172 0.736065 0.692514
v -0.055251 0.866893 -0.201150
v 0.641667 -0.021076 0.811452
v -0.325118 0.407154 -1.149098
v 0.606374 0.025001 0.893843
v 0.054105 0.621382 -2.172013
v 0.487488 0.769339 -0.051467
v 0.243115 0.567758 -0.897302
v 0.201307 0.198559 -1.607904
v 1.648202 0.435595 -0.499061
v 0.116805 0.643240 -1.320675
v 0.121171 0.590368 -2.221397
v 0.069874 0.723344 0.480577
v 0.281610 0.476709 0.864059
v -0.453210 0.331434 -0.789328
v 1.018755 0.555788 1.480553
v -0.679006 0.774358 0.637817
v -0.685225 0.917140 -0.358711
v 0.672398 -0.072596 -0.500280
v 0.042915 0.884425 0.127257
v -1.239815 0.661318 -0.827744
v 0.540848 0.651638 0.276742
v -0.591793 0.878607 -0.186089
v 1.337713 0.315139 -0.302064
v 0.048015 0.681118 -1.054227
v 0.551329 0.025965 0.815489
v -1.168738 0.542955 1.642072
v -0.275060 0.350685 -1.549966
v 1.379433 0.473590 -0.458335
v 0.686394 -0.015743 0.868612
v 0.315448 0.056903 0.693130
v 0.645427 -0.019118 0.707191
v -0.149107 0.040288 0.011699
v -1.332330 0.832995 -0.550322
v 1.353450 -0.119246 -0.457308
v 0.863848 -0.104922 -0.552739
v 0.022436 0.819606 -0.689537
v -1.103149 0.119960 -0.387878
v -2.205914 0.840229 -0.596789
v 2.122349 0.323872 -0.669633
v -0.441653 0.771155 -0.481826
v 0.856673 0.419637 1.559760
v -0.027424 0.561671 -2.579809
v 2.272750 0.146889 -0.697411
v -0.316773 0.197479 -1.731295
v -0.600714 0.834088 0.239628
v 0.391435 0.835370 -0.182878
v 0.153024 0.852812 0.385607
v 0.013233 0.215323 -2.155823
v 0.312377 0.403509 -1.306076
v 0.561029 -0.087290 -0.370132
v -0.693412 0.834637 0.364053
v -0.689051 0.718755 -0.544084
v -0.104569 0.370594 -2.646052
v 0.196961 0.703498 -0.553914
v 0.393833 0.756027 0.082148
v 0.074550 0.094248 -1.395034
v -0.197950 0.455368 -2.272581
v 0.132352 0.069636 0.377635
v -0.428970 0.896458 -0.244190
v -1.243416 0.181723 -0.504739
v -0.330057 0.450615 -0.949520
v 0.098608 0.775578 -0.780183
v 0.908318 0.588781 1.273051
v -0.784951 0.586410 0.887358
v 1.210525 0.314977 1.475179
v 0.046477 0.674460 -1.437040
v -0.502754 0.784566 0.083565
v -0.805446 0.625858 0.217359
v -0.242746 -0.052121 -0.661235
v -0.209026 0.668736 0.505350
v 0.056994 0.535662 -2.449079
v -0.711015 0.004964 0.194877
v -0.163585 0.479928 -1.370692
v -0.183397 0.019396 -1.058794
v -0.310019 0.281178 -1.889007
v -0.356566 0.880006 0.155195
v 0.262105 -0.001039 0.275966
v -0.176576 0.500676 -1.995807
v -1.412449 0.182042 -0.696792
v -0.114276 0.875992 -0.307280
v -0.498467 0.683743 -0.545134
v 0.983871 0.001250 1.639202
v 0.334948 0.074930 0.463478
v -0.098681 0.585488 -2.468219
v -0.916911 0.858128 0.659436
v -0.248094 0.025739 -0.993239
v -0.755897 0.901499 -0.429436
v 0.397094 0.809350 -0.255690
v 1.334812 -0.113513 -0.617903
v 0.015253 0.840425 -0.262451
v -0.230900 0.062555 -1.436400
v 0.066600 0.813903 -0.705296
v 0.883993 0.662716 -0.306681
v 1.810850 -0.076514 -0.675868
v 0.332683 -0.012603 0.321991
v -0.793344 0.906631 -0.334944
v -1.277942 0.700274 1.702609
v 0.410265 0.570884 -0.534739
v -0.879727 0.056050 -0.463111
v -2.462268 0.641639 -0.760660
v -0.262719 0.017263 0.425019
v -1.075245 0.776965 -0.681689
v 0.531500 0.618401 -0.450314
v -1.038602 0.837973 0.944029
v 0.185753 -0.062673 0.064150
v 1.410824 0.202632 1.765994
v -0.102244 0.586062 -1.875948
v 0.394482 -0.108898 -0.331578
v 0.182973 0.683522 -0.815046
v 0.920742 -0.090968 -0.444219
v 0.783615 0.641390 0.949636
v 1.237529 0.209610 1.423575
v 0.339538 0.809022 0.180184
v -0.009603 0.056762 -1.062879
v -0.020279 0.623814 -2.202274
v 1.405850 -0.035341 -0.318128
v 0.273685 0.479697 -1.436463
v -1.187126 0.643876 -0.242167
v -1.092805 0.076205 -0.632722
v 1.117987 0.503684 1.597655
v -2.252088 0.447768 -0.685198
v 1.112097 -0.049206 1.651159
v -0.440530 0.860914 0.022238
v -0.100807 0.594218 -1.032035
v 0.857320 0.607355 1.203343
v 0.440303 0.792653 -0.299308
v -0.555954 0.931557 -0.318893
v -0.501151 -0.060249 -0.341116
v -1.290133 0.758180 1.267654
v 0.038490 0.796182 0.415283
v 0.479465 0.602760 -0.468004
v -0.231133 0.908187 0.099324
v -2.297800 0.860244 -0.603842
v -1.805602 0.357549 -0.914196
v -0.401945 0.857207 0.082359
v -0.301901 0.910239 -0.211119
v -0.281241 -0.003185 0.066485
v 0.511997 0.817138 -0.149548
v 0.073927 0.807898 0.405096
v -1.574653 0.854282 -0.678001
v 0.288948 0.494519 -0.602999
v -2.239996 0.406403 -0.751972
v -1.024557 0.065188 0.517133
v -1.627104 0.853480 -0.733415
v -0.035848 0.082113 -1.544399
v 0.599224 0.540983 -0.534415
v -0.308953 0.896282 -0.262185
v -0.180994 0.467379 -2.181401
v -0.219116 -0.031661 -0.110686
v 0.115921 0.063965 0.304738
v 0.944445 0.540263 1.495008
v -2.445463 0.873462 -0.680663
v -2.177626 0.757245 -0.829960
v -0.038491 0.071402 -1.225807
v -0.287364 0.903020 0.044694
v 2.467278 -0.094990 -0.561926
v 1.796310 0.083737 -0.770670
v 0.655117 0.741353 0.688904
v -0.292578 0.635890 -0.658971
v -0.747892 0.619554 -0.645044
v -0.029979 0.652333 -1.922221
v 1.182664 0.284111 1.361549
v -0.335976 0.064258 0.517659
v 0.112071 0.000178 -0.790782
v -0.345820 0.134506 -1.232747
v -1.266614 0.692789 0.958515
v 0.234959 0.494210 -1.600810
v 0.181772 0.646470 -0.952538
v 1.517714 0.026278 -0.766680
v -0.188331 0.353711 -2.612256
v -1.060687 0.834025 -0.633782
v -1.386352 0.827811 -0.557961
v -0.165549 0.502381 -2.384396
v 1.769154 0.370351 -0.486692
v -0.432027 0.859174 0.312646
v -0.124611 0.178888 -2.155649
v -1.895797 0.697484 -0.909081
v 0.741205 -0.083932 -0.504055
v -1.272452 0.237489 1.366102
v 0.111046 0.839428 0.398136
v 0.902351 0.492441 -0.098647
v 0.912096 0.376187 1.645593
v -0.059570 0.613875 -2.257712
v -0.267905 0.363047 -2.445619
v 1.039789 -0.106485 -0.506794
v -0.997883 0.806648 -0.276833
v -1.304260 0.232709 -0.440661
v 0.893433 -0.005241 1.368081
v 0.323341 0.783550 -0.302891
v -0.259250 0.353923 -1.744493
v -0.220711 -0.070686 -0.467607
v 0.210193 0.839512 0.002111
v -0.153273 0.184405 -2.333946
v -0.001950 0.778638 0.402077
v -1.197756 0.740179 -0.720221
v -0.094908 0.654007 -0.911881
v -0.194527 0.465544 -2.509147
v -0.304762 0.707031 -0.562822
v -0.103593 0.205642 -2.467545
v 0.739463 0.142081 1.528436
v 2.501655 -0.110918 -0.680132
v 0.552252 0.685173 0.355658
v -0.414611 0.895409 -0.087300
v 0.706269 0.579687 1.160599
v 0.630961 0.728936 -0.134528
v 1.220671 0.354361 1.551740
v -0.776130 0.101897 0.588416
v -0.300600 0.115873 -1.406030
v -0.104054 0.855889 0.233007
v -0.772549 0.277063 -0.775969
v -1.007541 0.072219 -0.264272
v -0.769435 -0.005386 -0.472041
v 1.250029 -0.165595 1.902476
v -0.238199 0.642867 -0.712275
v 0.577859 -0.068920 -0.257503
v 0.288904 0.048493 0.364928
v -0.974899 0.056879 0.371305
v -0.933197 0.675101 0.987410
v -1.371831 0.851929 -0.615847
v 0.083539 0.827800 -0.524192
v 1.081661 0.608287 -0.401795
v -1.025094 0.890217 -0.554368
v 1.550406 -0.076753 1.970216
v 0.815193 0.455723 -0.013810
v -2.231112 0.778008 -0.541194
v 1.374745 -0.179591 1.895162
v -1.558309 0.330375 1.823069
v -0.042747 0.582417 -1.257903
v 0.330489 0.298288 -1.175602
v -0.734746 0.049031 0.410617
v -1.215511 0.740074 1.522333
v 0.925974 -0.059711 -0.208403
v 0.310086 0.580891 -0.554649
v 0.147523 0.853787 -0.010900
v -1.314356 0.696366 -0.814925
v -0.516171 0.799258 0.504013
v -0.064679 0.894907 0.089788
v 2.261385 0.159032 -0.634455
v 0.886609 0.204889 0.706995
v -1.193827 0.270930 1.522702
v -0.296078 0.278475 -1.771675
v -2.145433 0.371621 -0.840987
v 0.143765 -0.033685 0.135111
v 1.953602 -0.101423 -0.589105
v -0.368595 -0.008591 -0.745766
v -0.796829 0.027816 -0.386652
v 0.369313 0.831116 0.412264
v -1.874653 0.521180 -0.956213
v 0.423430 -0.023180 0.336241
v 0.131729 0.674234 -0.932310
v 1.809539 0.430720 -0.579496
v 0.130973 0.084304 0.594460
v 2.308538 -0.188095 -0.535317
v 0.126675 -0.071457 -0.167546
v -0.946495 0.124276 0.661840
v 0.155701 0.576640 -1.882677
v -0.187466 0.061088 -1.618328
v -0.042172 0.381255 0.585835
v 0.261028 -0.118960 -0.344415
v -0.048487 0.743769 0.433902
v -1.090136 0.836623 0.995354
v 0.844434 0.635754 1.069285
v 0.241540 0.890592 0.381212
v 0.326415 0.810515 0.524394
v 0.780536 -0.057443 -0.596330
v 0.782284 0.383184 0.516296
v -1.730990 0.849187 -0.742071
v 1.073774 0.559723 -0.299810
v 0.996938 0.378690 1.703903
v -0.061985 0.583732 -1.164416
v 0.861796 0.564187 0.998634
v -0.790313 0.128368 0.690989
v -0.200635 0.449789 -1.464290
v 2.035054 0.279184 -0.752055
v 0.551322 0.820330 0.575909
v -1.134776 0.706638 -0.258584
v -1.248763 0.780618 1.179053
v 0.511471 0.635033 0.130696
v 0.781645 0.437106 1.474242
v -0.111840 0.040574 -1.199654
v 0.639958 0.676720 0.513403
v -0.575861 0.714090 0.638185
v 1.534406 0.116269 2.249660
v -0.130995 0.526354 0.554028
v 0.576573 0.679429 0.879072
v 0.364768 -0.100781 0.045321
v -1.415420 0.782387 -0.765046
v 0.214354 0.741039 -0.469740
v 0.124409 0.809086 -0.470206
v 0.364442 0.802659 0.050701
v 0.865937 0.024529 0.847319
v -0.927228 0.656893 0.372216
v 1.447242 -0.165813 2.038674
v 1.724875 -0.105325 -0.550741
v -1.704655 0.730127 -0.542365
v -0.481901 0.663122 0.649667
v -1.123148 0.679931 1.422031
v -0.651933 -0.017127 -0.085193
v 1.310430 0.341659 1.719994
v 0.027556 0.163109 -1.804726
v -0.345512 0.406471 -1.051414
v 0.461751 0.079824 1.189156
v -0.607233 0.845159 -0.124978
v -0.765769 0.747139 -0.126735
v -2.133388 0.454381 -0.597717
v 0.121722 0.874490 0.233894
v -0.021498 0.795562 -0.740797
v -0.612513 0.839110 0.302011
v 1.494673 -0.019054 2.234028
v 2.305448 -0.198938 -0.664203
v 0.167343 0.806783 -0.258362
v -0.318406 -0.020271 0.329402
v 0.973350 0.582948 1.393416
v -1.575636 0.477779 1.921670
v 0.147868 0.392107 0.756771
v 0.907819 -0.090144 -0.343791
v -0.551246 0.120155 0.670516
v -0.356690 -0.085251 -0.200324
v -1.796406 0.394281 -0.668247
v 1.626076 -0.112790 -0.614278
v -1.082038 0.767240 -0.282341
v 0.516799 0.778179 -0.313432
v -1.156180 0.692115 1.506485
v 0.002573 0.633276 -1.699876
v 2.210590 0.227444 -0.717505
v -1.347959 0.243689 1.644521
v -1.525462 0.326721 -0.578122
v 1.086455 -0.112344 -0.568272
v 0.811568 0.588303 0.888903
v -1.245891 0.625227 0.811565
v -0.650738 -0.017400 -0.257612
v 2.089971 -0.082112 -0.740737
v -1.468563 0.598824 -0.427976
v 0.429501 -0.092163 -0.173089
v 0.195024 -0.067289 -0.037759
v 0.129927 0.874089 0.319436
v -1.957038 0.574288 -0.546556
v -1.861707 0.605575 -0.949920
v -1.386936 0.716184 1.670391
v 0.465049 0.689149 0.194024
v -2.061524 0.708538 -0.891471
v 0.210353 0.065380 0.531697
v -0.285107 -0.032718 -0.756271
v -0.241160 0.369865 -2.568476
v 1.049208 0.118374 1.131759
v -0.196292 -0.026592 0.154227
v -0.083354 0.049800 -1.533205
v 1.658032 0.408561 -0.726391
v 0.286145 0.049656 0.772170
v -0.867448 0.858927 0.613906
v -1.303643 0.288349 -0.353133
v 0.046157 0.780603 -0.874661
v -0.379980 0.743147 0.503371
v -1.533403 0.816726 -0.745738
v -0.949118 0.760730 0.566811
v 0.247620 0.564981 0.762207
v -1.049206 0.773361 1.029243
v 0.585152 0.071494 0.110410
v 1.488631 0.269964 -0.785080
v 0.973752 0.571142 -0.228434
v 0.870090 0.587362 1.316881
v -1.095154 0.838917 0.918922
v -1.085973 0.526292 0.418176
v -1.244972 0.211505 1.123115
v -1.329155 0.820121 -0.493169
v 0.996475 0.650880 -0.461696
v -0.035509 0.160843 -1.893168
v -0.078936 0.910346 -0.068639
v -0.091886 0.178843 -2.065429
v 0.837346 0.011098 1.470508
v 1.600224 0.464489 -0.537634
v -0.684232 0.126927 0.694846
v -0.356337 0.881200 0.028255
v -0.136341 0.276706 -2.546545
v -0.287194 -0.047177 -0.703852
v -1.148380 0.227174 1.130268
v 0.451256 0.711584 -0.373465
v 1.887976 0.203236 -0.763636
v 0.046680 0.230692 -2.286208
v -0.025030 0.684186 -0.968805
v 0.326047 0.360284 -1.101592
v 1.579430 0.412611 -0.731638
v -1.079264 0.808142 0.776927
v -0.865504 0.193553 0.886674
v 0.054058 0.860064 -0.083916
v 2.354748 -0.186555 -0.708190
v 0.434795 0.651186 -0.442219
v -0.754732 -0.001168 -0.550526
v 0.774042 0.602030 0.755339
v 0.155628 -0.117375 -0.403324
v 1.224986 0.403749 1.719536
v 0.678055 0.421245 0.071193
v 0.573392 0.599253 0.977279
v 0.878920 0.560739 -0.545819
v -1.417758 0.642955 1.500811
v 0.613973 0.645837 0.410397
v -1.017097 0.818629 0.758751
v 1.766029 0.251396 -0.406462
v 0.334360 0.075652 0.940942
v -0.209870 0.104792 -1.765554
v -0.707455 0.001509 0.098191
v 1.252329 -0.096525 -0.475144
v -1.192382 0.844928 -0.437167
v -1.708639 0.856073 -0.683751
v 0.692166 0.006623 1.031824
v -1.487438 0.585905 -0.918870
v 0.989549 0.554849 1.316188
v 0.616685 0.450146 0.177219
v 1.555976 0.490676 -0.603583
v -1.334902 0.209657 1.312667
v 1.013885 0.024572 1.149046
v 0.502757 0.005607 0.490267
v 1.133223 0.556515 -0.378033
v 1.192165 0.443001 1.598506
v 0.313337 0.829283 -0.146438
v -0.953444 0.841139 0.794412
v 0.366385 0.685891 -0.432752
v 0.528170 0.559478 -0.505953
v -0.927813 0.894766 -0.474616
v 1.244894 0.427866 -0.323042
v 0.322182 -0.080839 -0.421124
v -1.630682 0.341976 -0.633238
v 0.326551 0.843730 0.431630
v 2.164623 -0.174494 -0.601634
v -0.899731 0.216764 1.017539
v -0.339358 -0.122941 -0.289064
v -0.082771 0.007128 0.268538
v -1.203140 0.672610 -0.786641
v -0.234709 0.421645 -2.272723
v 0.042981 0.526916 -2.523582
v -0.230729 0.504579 -1.015779
v -0.079034 0.589988 -2.562779
v -1.051640 0.766319 0.678948
v 0.141660 0.805500 -0.384440
v 0.794639 0.651608 1.081373
v 1.082760 0.492398 -0.250971
v -0.230672 0.426607 -1.597900
v -0.082457 0.546990 -1.301236
v 0.050949 0.735794 -0.930531
v -0.701419 0.729153 -0.070091
v -1.013646 0.080673 0.590376
v -0.908571 0.040776 0.332159
v 0.026691 0.633140 -1.265152
v 0.634465 0.629408 0.002314
v 2.155729 -0.135832 -0.735856
v 0.133949 -0.131986 -0.354571
v 0.596819 0.763606 -0.261044
v 0.266848 0.817291 0.108830
v -0.053605 0.589989 -2.406987
v 0.086885 0.631859 -1.929771
v 0.435632 0.836065 0.554726
v -0.089380 0.618132 -0.966063
v -0.057990 0.178297 -1.994365
v -1.081412 0.206944 0.882003
v -0.696953 0.631299 -0.610095
v 0.225739 0.690436 -0.534902
v -0.642554 0.076779 0.607950
v 1.143285 0.366081 1.416911
v 0.999687 0.608052 -0.328970
v 0.996917 0.477384 1.246189
v -0.286138 0.832816 0.255494
v 0.399703 0.722543 -0.381161
v -1.348746 0.765594 -0.750021
v 2.326042 0.065492 -0.580168
v -0.884756 0.904784 -0.392180
v -0.291353 -0.030559 0.227520
v -1.682146 0.447289 1.660438
v 2.134103 -0.157781 -0.677540
v -0.199992 0.905501 0.042298
v 1.391236 0.549458 -0.520523
v -0.719639 -0.005208 -0.148722
v 1.013208 -0.024040 1.252698
v -0.737995 0.888544 0.473613
v -0.844453 0.864046 0.562855
v -1.487678 0.630258 1.605972
v -1.961193 0.878644 -0.665165
v -0.388843 0.433123 -0.825874
v -1.530508 0.459514 -0.955093
v 0.801152 0.565247 -0.081155
v -0.965525 0.801053 -0.251142
v 0.128517 0.653237 -1.123625
v -0.347603 0.688368 0.552367
v -0.516476 0.868299 0.253660
v 2.422511 0.037272 -0.653628
v 0.864293 0.548434 1.396949
v 0.244657 0.056156 0.637140
v -0.749747 0.687291 0.776836
v 0.199762 0.453452 -2.098380
v -2.375692 0.506316 -0.737863
v 1.169148 0.271577 -0.776104
v 0.259447 0.794017 0.539022
v -0.286775 0.784649 0.400658
v 0.486551 0.642471 0.867827
v -1.067079 0.760718 0.723929
v -0.445234 0.890991 -0.149487
v 0.355051 0.419867 -0.611598
v 0.053976 0.886902 0.190980
v -1.618011 0.672632 -0.884415
v -1.320216 0.486214 -0.915227
v -0.163942 -0.000104 -0.930303
v -0.473619 -0.075482 -0.432391
v -0.158068 0.519673 -2.492894
v -2.251840 0.727945 -0.848488
v -0.071687 0.564256 -2.658785
v 1.435234 -0.134716 2.112250
v 0.036313 0.198044 -2.009379
v -0.577771 -0.022150 -0.264420
v -0.801342 0.032243 0.373247
v -1.981986 0.419908 -0.674238
v -0.179266 0.658402 -0.757015
v 1.091353 0.046487 1.247832
v 1.541618 0.496128 -0.530669
v 0.128052 0.838854 -0.147333
v -0.176892 0.509665 -1.135201
v 0.180684 0.829871 -0.158460
v -1.565005 0.777535 -0.811512
v -1.831102 0.869361 -0.682584
v 0.420192 -0.098983 -0.045779
v 0.742575 -0.019187 0.968450
v 0.695474 0.723105 -0.227262
v 0.845032 -0.092319 -0.263705
v -0.970473 0.058433 -0.343369
v 0.280183 0.745081 -0.387376
v 0.606304 0.015549 0.518946
v -0.554427 0.817464 -0.037829
v 0.984062 0.423188 1.028408
v 1.334576 0.175951 2.185877
v -1.326399 0.736262 1.496107
v -0.092228 0.876808 -0.165423
v -1.200105 0.734651 0.874982
v -0.248213 0.844017 -0.398727
v -0.016234 0.653970 -2.071019
v -0.608766 -0.039704 -0.519228
v -0.254235 -0.017672 -0.815016
v -0.775125 0.044217 -0.619483
v 1.268154 0.422262 -0.700338
v 1.915977 0.331378 -0.486467
v 0.547585 0.786927 -0.154800
v -1.270140 0.221344 1.241244
v 0.288906 0.839479 0.446759
v -0.093807 0.822195 -0.575822
v 0.117181 0.246358 0.745435
v -1.287549 0.723540 -0.392166
v -1.142579 0.137761 -0.495304
v 0.451969 0.829044 0.512008
v 0.238269 0.556732 -0.788984
v 0.433697 0.542628 0.965797
v 0.042814 0.109453 -1.550151
v -0.144672 0.512237 -1.279165
v -1.375713 0.787560 -0.491279
v -0.896130 0.792553 -0.581908
v -0.429941 0.872527 0.151558
v 1.104729 0.371728 1.745360
v 0.709586 0.676238 0.743058
v -0.184369 0.697664 -0.696414
v -0.324330 0.238061 0.655120
v 1.326940 0.547280 -0.507874
v 2.258318 0.039533 -0.794901
v 1.071708 0.086312 1.846576
v -0.379874 0.731337 -0.509430
v -0.592248 -0.039131 -0.122892
v -0.029717 0.883461 0.137192
v -0.552597 0.170652 0.741861
v -0.681555 0.862093 0.417777
v -2.409601 0.898539 -0.720312
v -1.522469 0.694150 1.805349
v 0.190820 0.833799 -0.106456
v 2.045905 -0.125487 -0.651573
v -0.072723 0.590802 -2.203796
v -0.980263 0.699274 -0.679176
v 0.438816 0.640810 0.839090
v 2.345881 0.001065 -0.527429
v -0.391244 -0.003765 0.202187
v -0.007054 -0.007543 -0.697152
v 0.110272 0.449344 0.666212
v -0.280271 0.866393 -0.312204
v -0.581624 0.510393 -0.662580
v 0.754774 0.662055 0.829890
v -0.020707 0.589046 -1.316598
v 0.061201 0.028017 -0.971894
v 1.330760 0.028685 -0.255272
v -0.196800 0.895852 -0.241567
v 0.580695 0.483757 1.218905
v -2.340418 0.502743 -0.813110
v -0.184040 0.034459 -1.168752
v 0.638044 0.552119 1.152206
v -1.108572 0.722532 1.302600
v -0.301289 0.914650 -0.030451
v -0.234757 -0.007717 -0.888924
v -0.835177 0.712485 0.346816
v -1.484332 0.575708 1.913135
v -1.318071 0.739414 1.667830
v 0.262301 0.507176 -1.213751
v 0.025198 -0.074975 -0.303160
v 0.024224 0.839776 0.328651
v -1.024471 0.109703 0.691053
v 0.219290 0.105538 0.852562
v -0.703118 -0.012573 -0.412740
v 0.323678 0.800360 0.125090
v 0.955526 0.337406 0.819822
v 1.316358 0.307399 1.973980
v -1.102286 0.835784 1.084936
v -0.461271 0.831952 0.104034
v 0.097310 0.050914 0.219139
v 2.424226 0.043333 -0.744646
v -0.947382 0.776082 -0.612982
v 0.063698 0.824974 -0.283313
v -0.741925 0.018490 -0.056827
v 1.551406 0.084036 2.170247
v -0.031206 0.117299 -1.644749
v -0.881992 0.153276 0.726877
v 2.260776 -0.125087 -0.761174
v -0.921271 0.051453 -0.202237
v -0.191220 0.902068 -0.165836
v 0.808909 0.031520 -0.005578
v -1.066231 0.560204 -0.806411
v 0.187936 0.074085 0.422590
v -0.871719 0.877481 0.671566
v -0.682837 -0.035305 -0.503219
v -0.659993 0.681574 0.152820
v -1.792309 0.856169 -0.685752
v -0.394604 -0.055910 0.027554
v 0.322161 0.218940 -1.012895
v -1.424839 0.190337 1.484786
v -0.167229 0.838009 -0.466389
v 1.428328 0.419483 -0.701708
v 1.525669 -0.108880 -0.642739
v 0.583132 0.770432 0.536080
v -1.243330 0.237877 1.464927
v 0.108436 0.817662 -0.311302
v 0.186698 0.591538 -1.246909
v 0.152871 0.044651 -1.038144
v -1.345402 0.150345 -0.683558
v -1.467520 0.356824 1.865181
v 0.201897 0.614139 -1.473337
v -0.584212 0.810586 0.529737
v 0.896274 0.590459 -0.205010
v -1.544901 0.193611 -0.768805
v 0.222632 0.835108 0.077742
v -1.094057 0.364499 -0.153909
v -0.903765 0.585547 -0.718806
v 0.300908 0.687951 0.681877
v 0.170271 0.026805 -0.880397
v 0.670912 0.531245 0.405392
v 1.464575 0.215577 1.958489
v -1.436687 0.678997 1.626824
v -1.004536 0.074395 -0.601347
v -1.499619 0.532961 1.496723
v -1.805149 0.839709 -0.773814
v 1.122922 0.349979 1.340262
v 1.198551 0.300936 1.415424
v 0.484826 -0.064318 0.013827
v -1.078196 0.839866 0.840969
v -0.919531 0.042507 -0.309934
v -1.056529 0.110766 -0.463412
v -0.758585 0.222109 0.905940
v -0.756990 0.833179 0.638744
v 0.491421 0.723143 0.759074
v 0.435514 0.018254 0.447685
v -1.015055 0.720369 -0.209595
v -2.323410 0.857626 -0.735385
v -0.100544 0.132742 -1.865614
v -0.848895 0.840128 0.709380
v 0.397508 0.630615 -0.486172
v 1.501859 0.468864 -0.645439
v 1.747738 -0.087056 -0.421457
v -0.600483 0.726273 -0.527854
v -0.460209 -0.060438 -0.222723
v -0.188282 0.354084 0.601057
v 0.424020 0.808946 0.372470
v 0.529411 0.799696 -0.255394
v 0.058744 0.676439 -1.504628
v 0.448501 0.230226 1.258916
v -1.112340 0.225568 0.963088
v 1.947723 0.036111 -0.758925
v -0.131891 -0.016636 -0.647992
v -0.949099 0.164920 0.748397
v -1.013071 0.813503 -0.619035
v -0.772518 0.029960 0.115996
v 0.256829 0.055750 -0.749463
v 0.156820 0.880240 0.184596
v -0.586401 0.766489 0.152686
v 0.303933 0.291944 -0.825822
v -0.580554 0.848678 0.352458
v 0.139940 0.145972 -1.597535
v 1.260790 -0.138812 1.830401
v -0.145597 0.890242 -0.187079
v -0.829647 0.795339 -0.194567
v -0.194079 -0.027895 -0.733384
v 0.124293 0.797876 -0.609828
v 1.864266 -0.098232 -0.486140
v 1.374011 -0.050430 2.132701
v 1.218955 0.022316 -0.210628
v -1.165565 0.800281 0.961879
v -2.128106 0.621210 -0.920983
v -0.834446 0.709373 0.829214
v -0.110677 0.894358 0.161712
v -1.964341 0.793249 -0.824544
v -1.308525 0.760711 1.606288
v -0.309910 0.300235 -1.427151
v -0.983593 0.058253 0.469639
v -1.539412 0.243468 1.600173
v -0.724500 0.016832 0.303934
v -0.714669 0.718549 0.219813
v -0.912593 0.179753 0.809915
v 2.097729 0.051433 -0.784895
v 0.455013 0.828414 -0.161544
v -1.142813 0.844117 1.043402
v -1.465666 0.694547 1.835075
v 1.180306 -0.093020 -0.422641
v -1.671869 0.781918 -0.819260
v -0.730444 0.832221 0.362756
v 0.694833 0.603693 0.505362
v 0.502891 -0.093220 -0.334359
v -1.546772 0.556298 1.572896
v 0.089036 0.008390 -0.865620
v 0.798283 0.639368 -0.424586
v 0.432032 0.760424 -0.005021
v 0.625924 0.017000 1.184907
v -0.139767 0.536375 -2.206668
v -1.384035 0.712574 1.773101
v 0.951467 0.446422 0.903874
v -1.197252 0.852926 -0.510424
v -0.720717 0.092028 0.615985
v -0.234130 0.810741 0.333865
v -0.139688 0.043427 -1.406749
v 1.775286 -0.013437 -0.748770
v -1.526589 0.286858 -0.646074
v 0.592459 0.599557 0.288723
v -0.034471 0.883516 0.204341
v -2.157388 0.806378 -0.763084
v 0.098830 0.880302 0.136914
v -0.037793 0.845547 0.264434
v -0.170176 0.811839 0.315921
v -1.464538 0.327176 -0.508175
v -0.977660 0.872149 -0.342525
v -0.324290 0.286591 -2.037307
v -0.849128 0.667092 0.292500
v -0.317262 -0.048114 0.007393
v -0.748573 0.888590 0.549805
v 0.925660 0.510045 1.032683
v -0.025020 0.751564 -0.811710
v -0.628898 -0.044252 -0.453960
v -0.674591 0.574366 0.106840
v 2.394570 -0.200378 -0.639699
v 0.940134 0.594947 1.256596
v -2.208986 0.501927 -0.896986
v 1.290841 -0.064393 -0.697004
v 0.169111 0.858219 0.054731
v 1.575332 -0.033062 2.182048
v -0.663989 0.833904 0.316348
v -0.793916 0.834543 0.438060
v 0.640050 0.173193 0.367973
v 0.338749 -0.053950 0.215949
v 0.193708 0.853168 0.122178
v -0.621022 0.520688 -0.671976
v -0.028511 0.881383 -0.134112
v -1.092901 0.073396 0.618293
v -0.480788 0.922285 -0.252780
v -0.204259 -0.014850 0.293891
v 0.487259 0.702460 0.309989
v -1.668629 0.572288 1.763028
v 0.743108 0.065257 -0.679593
v 0.150245 0.862008 0.122587
v 0.415060 0.727580 0.161767
v 0.841137 -0.028857 1.007972
v 1.115738 -0.048445 1.542202
v 0.770775 0.494508 -0.585821
v -1.744162 0.590452 -0.524930
v 0.994901 -0.047047 -0.681800
v 1.182937 -0.052384 1.513784
v -0.097558 0.060465 -1.603819
v -1.094505 0.858135 -0.392435
v -0.657931 0.687022 -0.582643
v 0.202699 0.080242 0.337003
v 0.293361 0.062055 0.561263
v 1.011594 0.033950 -0.086928
v -1.151807 0.616793 -0.820346
v 1.216067 0.305540 1.879163
v 0.910660 0.387404 -0.689841
v -0.758603 0.647519 0.201587
v 1.446270 -0.082059 -0.688228
v -0.310035 0.019431 -0.889067
v -1.275465 0.633589 -0.310235
v 0.706425 0.312298 1.488626
v -0.012629 0.900066 0.062989
v -0.024664 0.069563 -1.142688
v -1.547848 0.667601 1.747884
v 0.204536 -0.070906 0.129101
v 1.711693 -0.095311 -0.652182
v 0.565095 0.778063 0.719714
v 0.486761 0.832371 0.574990
v 1.652533 -0.105909 -0.437214
v 0.729526 -0.072608 -0.328404
v 1.224843 0.008922 1.471732
v 0.609595 -0.027996 -0.549527
v -0.741200 0.573155 -0.685291
v 1.268637 -0.084866 -0.366227
v -2.155403 0.561402 -0.923776
v 1.070363 -0.020701 1.319318
v -0.242485 0.403944 -2.040147
v 0.050462 0.302708 -2.527798
v 0.089572 0.672116 -1.073747
v -0.531125 -0.035610 0.003335
v -0.846802 0.156320 -0.036552
v 0.997721 0.444388 1.634435
v -0.012162 0.894925 -0.060681
v 0.227738 0.901235 0.280724
v 0.381012 0.667030 0.759322
v -0.068576 0.052260 -1.463023
v -1.363689 0.706879 1.486625
v 0.531990 0.628429 0.933079
v -1.592636 0.620923 1.887445
v -1.192553 0.822260 1.114704
v -0.373362 0.802591 0.427460
v -0.063626 -0.019668 -0.531261
v 1.493573 -0.159527 1.993233
v -1.292151 0.193458 -0.574233
v -0.917642 0.568162 -0.746299
v -0.358938 0.806833 -0.444587
v -0.124770 -0.002941 0.191349
v -1.641233 0.211949 -0.837515
v 1.691817 0.220083 -0.785274
v 1.286721 0.503796 -0.441091
v -0.020757 0.214305 -2.387226
v 0.117238 0.830045 -0.238395
v -1.191699 0.209890 1.022110
v -0.071752 0.113146 -1.738765
v -0.194073 0.480788 -1.319010
v -1.203919 0.174117 -0.416047
v -0.196075 0.904205 0.150299
v -1.618655 0.218578 -0.773720
v -0.599173 0.815975 -0.081623
v 0.123318 0.648253 -1.397961
v 0.444942 0.129962 -0.616369
v 0.680762 0.001181 0.636875
v 1.448232 0.069154 1.708395
v -1.400974 0.436759 1.886239
v -1.305266 0.599519 0.930445
v -0.462106 0.708406 0.597088
v -1.108245 0.228997 1.257767
v -1.901182 0.723231 -0.541478
v -0.533437 0.021525 -0.655045
v -2.121553 0.667595 -0.524204
v 2.197722 -0.174495 -0.559048
v 0.829050 0.633260 -0.216375
v -0.909063 0.780331 0.836540
v -0.301787 0.286264 -2.290713
v 0.759580 0.569763 -0.068208
v 1.095235 0.406475 -0.694826
v -0.615418 0.004970 0.175254
v 0.193584 0.589141 -1.169328
v -0.355827 0.898961 -0.133192
v 0.667402 -0.081572 -0.174913
v 0.601865 0.245632 -0.636602
v -0.216180 0.597847 -0.799368
v -1.137239 0.131505 0.585918
v 0.174481 0.543877 -2.199193
v -0.277864 0.361009 -2.170842
v 0.840726 0.565948 -0.125866
v 0.708585 0.621545 -0.056722
v 1.759457 -0.111421 -0.495536
v -2.471250 0.757664 -0.791855
v 0.717283 0.519804 -0.561691
v 0.481027 0.709310 0.033551
v -0.443041 0.666442 -0.558055
v -0.124622 0.800490 -0.613137
v 0.784518 -0.061512 -0.142538
v 0.814712 -0.096566 -0.492222
v 1.329444 -0.136536 1.773479
v -1.434069 0.847228 -0.611602
v 1.338687 -0.116655 -0.529183
v 0.123292 0.483490 -2.467612
v -0.018126 0.610488 -1.141756
v -0.103881 0.701813 -0.806565
v -0.283736 0.349862 -1.962245
v -0.982308 0.252029 1.159863
v -1.483656 0.185397 -0.819705
v -0.627766 0.865735 0.422630
v 0.754830 0.563142 1.247956
v 1.898886 -0.070941 -0.693073
v -0.140084 0.553400 -2.408446
v 1.407865 0.347638 -0.362501
v -0.177976 -0.075320 -0.285588
v 0.550700 0.684065 -0.391133
v -0.701243 0.546497 -0.676006
v -1.368041 0.477970 1.017833
v 0.612718 0.666068 0.928920
v -0.853503 0.275432 0.080997
v -0.957868 0.833016 -0.568307
v -0.999546 0.797617 0.653839
v -0.936056 0.051748 0.438995
v -0.073200 0.503755 -2.678381
v 1.982553 -0.038220 -0.745105
v 2.431283 -0.183374 -0.559730
v 1.268106 -0.105066 1.702898
v 0.503691 -0.092890 -0.113182
v 0.597104 -0.086293 -0.157633
v -0.062409 0.023707 -0.947955
v 0.267795 0.651057 -0.519882
v -1.472537 0.696370 1.722572
v 0.804633 -0.025339 1.128396
v -0.452500 -0.076229 -0.040001
v -0.578192 0.736757 0.041792
v 0.107272 -0.033329 -0.108421
v 1.573928 0.410944 -0.468201
v -0.004357 0.201111 -2.048253
v 1.546735 0.464945 -0.669203
v 0.012224 0.849187 -0.443195
v 1.146923 0.189181 1.935094
v -0.392350 0.886533 -0.001972
v -0.502212 0.843379 -0.412882
v -1.129970 0.843526 -0.411370
v -2.011810 0.749505 -0.856254
v -1.302114 0.480285 1.845202
v 0.381878 -0.039851 0.270827
v -0.866018 0.042842 0.399353
v 1.421583 -0.117755 -0.575946
v -0.875300 0.797079 -0.198127
v 0.278446 -0.090143 -0.083526
v 1.089544 0.491506 -0.611256
v 1.158369 0.601325 -0.483480
v -0.502146 0.921683 -0.345612
v -0.347130 -0.051307 -0.636693
v 0.269025 -0.078367 -0.178689
v -0.825823 0.898190 -0.306159
v 0.792101 0.001632 1.245741
v 0.181645 -0.052303 0.175673
v -0.374243 0.907616 -0.211026
v 1.849415 0.310978 -0.456348
v -0.023175 0.609708 -2.294132
v -0.129780 0.006113 -0.992881
v -0.094094 0.583967 -2.046743
v -0.798234 0.015023 -0.299357
v -2.342903 0.814423 -0.820445
v -1.423015 0.562956 1.338927
v -0.908749 0.822723 0.586192
v -0.338178 0.560354 -0.717705
v -1.660281 0.527753 1.674563
v 0.194253 0.497091 -2.004829
v 0.682121 0.601822 1.105356
v -0.056085 0.207476 -2.208534
v -2.162786 0.702091 -0.885985
v -0.699626 0.444783 -0.728560
v 2.035826 0.342039 -0.709471
v -1.483926 0.195638 -0.713432
v 1.091606 0.264536 1.186707
v 0.949031 0.488876 1.172286
v 0.433923 0.755189 0.316306
v 0.033657 -0.090478 -0.399774
v -1.253730 0.749481 1.584474
v 1.364505 0.432451 -0.708128
v -0.510268 0.241204 -0.768804
v 0.177231 -0.056129 -0.119659
v -0.238131 0.413166 -2.406084
v -0.426154 0.105085 0.608785
v -1.471115 0.680174 -0.847856
v -0.671114 0.875662 -0.414119
v 0.903944 0.565669 1.432618
v -0.311968 0.260435 -2.158075
v -1.222865 0.749885 1.013900
v -0.777561 0.916779 -0.372106
v 0.284447 0.765981 -0.331984
v -0.001477 0.837988 -0.593980
v -1.442415 0.816305 -0.550387
v -0.716630 0.596929 0.140073
v -0.225530 0.416953 -1.933133
v 1.044421 0.640505 -0.453069
v 0.601272 0.714926 -0.071926
v -0.995976 0.183638 -0.132195
v 1.315013 0.306251 1.859665
v 0.172315 0.795715 -0.351141
v -0.036676 0.605935 -1.582549
v -0.847170 0.024721 -0.244038
v -0.844391 0.045881 -0.140185
v -1.452923 0.263922 -0.631402
v 0.097049 0.859599 -0.039786
v -0.080439 -0.038132 -0.375319
v 0.588130 -0.007763 0.746013
v 0.625391 0.093895 1.402152
v -0.020845 0.813684 -0.662284
v -0.702270 0.910765 -0.300350
v 0.694126 0.006863 1.128269
v 0.731350 0.691763 0.897730
v -1.197283 0.100921 -0.723944
v 0.542128 0.724703 -0.035177
v -2.091352 0.868379 -0.648104
v -0.020472 0.673803 0.477416
v -0.727082 0.835588 -0.174496
v 0.432995 -0.096856 -0.248896
v 0.187189 0.508775 -1.910030
v 1.103418 0.464536 1.428036
v -1.888278 0.393399 -0.710708
v 1.901650 0.387541 -0.695080
v 0.007716 0.878899 0.174502
v 0.021537 0.528557 -2.590158
v -0.240171 0.920130 -0.002252
v 1.852532 0.045247 -0.759380
v 1.639270 -0.122347 -0.506183
v 0.492817 0.766407 0.691531
v 0.346266 -0.087167 -0.177861
v 0.710274 0.652032 0.662122
v -0.404783 -0.084415 -0.109197
v 0.110548 0.254210 -2.240008
v 0.974401 0.460407 1.097956
v -0.270410 0.647918 0.541609
v -1.124892 0.233556 0.478424
v 0.493751 0.803441 -0.119755
v 0.297657 0.820759 -0.198966
v 1.141586 0.437243 1.500237
v 0.096575 0.183202 -1.773083
v -2.489851 0.680397 -0.702197
v 0.631684 0.790023 0.745631
v -1.702354 0.613107 -0.935491
v 0.337052 0.183022 1.074664
v 0.168125 0.637237 -1.357861
v -1.006118 0.785884 0.983166
v -2.326877 0.723753 -0.868867
v 0.662348 0.712042 -0.120706
v -2.055304 0.724450 -0.528461
v 0.641610 0.621312 -0.466569
v -2.400419 0.877603 -0.771152
v 0.352552 -0.107742 -0.248108
v -1.906879 0.821960 -0.588688
v 0.169567 0.322735 -2.187456
v 0.359833 0.487847 0.972457
v 0.076110 -0.070154 -0.225786
v 0.043514 0.656668 -2.017684
v -0.557624 0.774801 0.565410
v 0.589493 0.730561 -0.327667
v 1.000212 -0.041776 1.349466
v 0.270158 0.482383 -0.854558
v -0.187199 0.471914 -2.059691
v -0.641978 -0.002728 -0.577981
v 1.039089 0.574539 -0.292464
v -0.923008 0.773370 -0.210392
v 0.243662 -0.119319 -0.251033
v -0.462531 0.601971 -0.609067
v -0.558134 0.560463 -0.633865
v -0.118740 0.571007 -2.601166
v -0.290183 0.907815 -0.129166
v 0.148394 0.652190 -1.000899
v -1.529420 0.833165 -0.602119
v -2.376375 0.632926 -0.861378
v 1.201911 -0.079613 1.629889
v 0.600345 0.647882 -0.422219
v -0.460155 0.888068 -0.286862
v 0.284630 0.506489 -1.008278
v -2.389123 0.722974 -0.581146
v 1.889285 0.233186 -0.411369
v -0.506862 0.918021 -0.199601
v -0.607415 0.906880 -0.259776
v 0.130060 -0.130902 -0.279035
v 0.185827 -0.096372 -0.193536
v 0.133685 0.545712 -2.289194
v 2.007276 0.250892 -0.446613
v 0.957588 0.139792 -0.010134
v 0.727264 0.008330 1.329739
v 0.405411 0.057184 0.827066
v -0.770087 0.862066 -0.225204
v -1.070958 0.872902 -0.480117
v 0.081400 -0.107487 -0.432984
v -1.037178 0.090336 -0.377699
v -0.574641 0.031842 0.284063
v -0.046260 0.714935 -0.911444
v 1.097770 0.560927 -0.539371
v 0.349147 0.584987 -0.527012
v -0.143501 0.040757 -1.246926
v 0.058844 -0.069855 -0.517599
v -0.466276 0.023258 0.470080
v -1.393490 0.283442 1.132843
v 0.031224 0.394988 -2.622301
v 0.114228 0.229823 -2.025536
v -1.439240 0.715493 1.757841
v -0.395898 0.884582 -0.284744
v -1.216719 0.723642 -0.335648
v 0.005122 0.006784 -0.804756
v -0.114296 0.535781 -1.207676
v -1.890687 0.885890 -0.718792
v -2.506097 0.768888 -0.695809
v 1.315193 -0.189405 1.946719
v -1.251205 0.812394 -0.457733
v -0.221784 0.864599 0.222607
v -2.245929 0.652045 -0.540860
v -1.305855 0.786950 -0.446494
v 0.727496 -0.086070 -0.227142
v -1.025853 0.645874 1.182711
v -0.147681 0.502806 -2.596005
v -1.031071 0.086869 -0.666996
v -0.830597 0.526294 -0.732162
v -1.447636 0.159469 -0.763611
v -0.097265 0.038927 -1.146002
v 1.766239 0.398307 -0.728055
v -2.134276 0.348261 -0.788491
v 1.460321 -0.116740 -0.464630
v -0.552091 0.149710 -0.742370
v -1.004714 0.075149 -0.356795
v -1.259886 0.189556 0.995573
v -0.061410 0.931469 -0.025551
v 0.781713 0.612981 -0.143903
v 0.467165 -0.100293 -0.290251
v -0.171869 0.781776 -0.553962
v -0.003003 0.591594 0.521214
v 0.045691 0.855422 -0.144878
v -0.289011 0.549704 -0.795595
v 0.539508 -0.001845 0.538304
v -1.525631 0.241416 1.469100
v 0.907688 0.595219 1.189541
v -0.243989 0.479798 -1.124794
v -1.455398 0.459424 -0.421871
v 0.146303 0.713132 -0.783696
v -0.503886 0.834882 0.371007
v -0.708508 0.069093 0.480764
v -0.286296 -0.117135 -0.343377
v -1.335379 0.682551 1.214374
v 0.382143 0.799773 0.286641
v -0.026881 0.569297 -2.486416
v -2.091604 0.365368 -0.738447
v -0.295126 0.194116 -2.065088
v -0.922063 0.540580 1.084601
v -1.582950 0.593669 1.681262
v 1.058437 -0.098645 -0.369719
v -0.885385 0.640704 -0.674736
v -1.180170 0.107727 -0.642114
v 1.131203 0.142913 1.238179
v 0.044980 0.663841 -1.582772
v -0.812873 0.884919 0.599654
v 0.148390 0.580489 -2.097590
v 1.435529 0.471064 -0.647820
v -1.273104 0.245126 1.560018
v 0.368156 0.018505 0.382166
v -0.195325 0.139623 -1.912071
v 1.406923 0.282612 1.975167
v 0.713198 -0.027013 0.774871
v 0.186080 0.340734 0.848757
v 0.244231 0.549469 -1.287795
v -0.232407 0.056922 -1.289924
v 1.722107 0.478075 -0.555330
v -0.859385 0.427407 0.146857
v -0.256959 -0.092105 -0.200976
v -1.180951 0.548843 0.578854
v -0.224715 0.425656 -2.469436
v -0.440011 0.759454 0.522454
v 0.865915 0.075882 1.618646
v 0.635542 0.500079 1.241842
v 1.680834 0.344892 -0.436925
v 0.859332 0.538859 0.812646
v 1.971163 0.355958 -0.707279
v 0.182971 0.113639 -1.317967
v -1.520006 0.259503 1.727301
v -0.263232 0.880262 0.162079
v -0.016520 0.084541 -1.348085
v 0.945246 0.680495 -0.417153
v 0.061186 0.647393 -1.762515
v 1.122372 0.381878 -0.187086
v 0.248400 0.827883 -0.137317
v 1.266140 0.276277 2.050692
v 1.602916 0.476471 -0.631837
v 1.280964 0.139310 -0.212511
v -0.751762 0.764461 -0.519528
v 0.063849 0.828775 -0.247350
v 0.089123 0.825308 -0.265046
v 0.092648 0.833538 -0.220541
v 0.167578 0.839000 -0.110979
v 0.148511 0.846797 -0.106095
v 0.153676 0.834709 -0.151155
v 0.294094 0.811065 0.056872
v 0.317766 0.801437 0.071732
v 0.305824 0.807344 0.102588
v -1.106466 0.769089 -0.301547
v -1.102258 0.728892 -0.258818
v -1.126934 0.749526 -0.291860
v -0.176860 0.482174 -2.545427
v -0.202105 0.454335 -2.530965
v -0.186870 0.464615 -2.573682
v -1.610429 0.635161 1.848384
v -1.659020 0.595007 1.871706
v -1.660729 0.605173 1.832444
v 0.328936 0.578312 -0.541241
v 0.328571 0.498084 -0.582449
v 0.350976 0.513189 -0.564616
v -0.535959 0.714908 -0.516394
v -0.558157 0.701572 -0.524591
v -0.520206 0.665679 -0.552222
v 2.229250 0.206744 -0.677018
v 2.205761 0.228127 -0.625308
v 2.190172 0.268842 -0.666784
v 0.836269 0.032497 0.776589
v 0.885627 0.100311 0.785631
v 0.842690 0.097281 0.710322
v -1.412035 0.822801 -0.551239
v -1.443343 0.836941 -0.582491
v -1.407905 0.840245 -0.585158
v -0.306942 0.290938 -1.523353
v -0.319576 0.238034 -1.484668
v -0.322757 0.241310 -1.563469
v 0.008793 0.640766 -1.587339
v -0.021108 0.620598 -1.643146
v 0.021021 0.648916 -1.634960
v 0.199130 0.080518 0.387593
v 0.228534 0.080271 0.435272
v 0.246891 0.087831 0.414162
v 0.213612 0.892107 0.353452
v 0.207932 0.894114 0.309640
v 0.238012 0.897253 0.340732
v 1.043935 0.337351 -0.736806
v 1.008819 0.301931 -0.742434
v 1.068448 0.266346 -0.763863
v -1.263444 0.263246 1.607667
v -1.223787 0.291215 1.602276
v -1.234923 0.253319 1.545188
v 0.057516 0.208241 -2.056035
v 0.035894 0.209890 -2.082100
v 0.018545 0.199581 -2.029262
v -0.061827 0.779644 -0.730628
v -0.085580 0.747749 -0.756095
v -0.046217 0.768152 -0.762418
v 0.736386 0.469121 -0.598003
v 0.738417 0.509819 -0.571585
v 0.704931 0.494129 -0.577019
v -0.119814 0.819600 -0.543089
v -0.081011 0.837358 -0.543757
v -0.106590 0.839526 -0.512311
v -0.395864 0.865975 -0.365450
v -0.350770 0.865741 -0.363099
v -0.379158 0.869602 -0.337954
v -2.407248 0.892184 -0.744537
v -2.366717 0.872356 -0.759750
v -2.368106 0.884005 -0.728634
v 1.400417 0.406096 -0.408159
v 1.441132 0.425923 -0.437480
v 1.451837 0.360666 -0.387884
v -1.427785 0.665811 1.573584
v -1.399185 0.686652 1.555455
v -1.407003 0.696213 1.610905
v -0.908884 0.096304 -0.664869
v -0.957936 0.102104 -0.662585
v -0.955709 0.073629 -0.620683
v -2.202281 0.865814 -0.639230
v -2.155533 0.871732 -0.659249
v -2.158234 0.858493 -0.622500
v -0.150385 -0.002941 -0.901607
v -0.097254 0.010594 -0.908697
v -0.117464 0.007126 -0.933513
v -0.296351 0.913844 -0.172246
v -0.315822 0.918038 -0.191494
v -0.280133 0.907171 -0.196350
v -1.076229 0.734008 0.685521
v -1.058290 0.752897 0.668397
v -1.057552 0.764698 0.693304
v 1.292449 -0.139376 1.806256
v 1.309921 -0.159917 1.856915
v 1.361746 -0.158165 1.831410
v 0.712888 0.558453 -0.523378
v 0.695879 0.528137 -0.548189
v 0.735331 0.535286 -0.547837
v -1.313642 0.200462 -0.836019
v -1.468784 0.216852 -0.855244
v -1.388164 0.174145 -0.819239
v -2.438064 0.703434 -0.827002
v -2.472415 0.706091 -0.782279
v -2.428170 0.634207 -0.814626
v 1.232425 -0.053126 1.544630
v 1.191978 -0.066346 1.564594
v 1.256290 -0.072512 1.597407
v 1.115013 0.491796 -0.275348
v 1.107324 0.526665 -0.312071
v 1.139050 0.525626 -0.337162
v 1.852171 -0.064079 -0.428456
v 1.803014 -0.093239 -0.447990
v 1.783440 -0.049640 -0.399204
v -0.399614 0.658346 -0.580559
v -0.371681 0.688504 -0.557429
v -0.411910 0.698666 -0.536631
v 0.034891 0.647294 -1.660486
v 0.051254 0.638931 -1.693543
v 0.066839 0.644124 -1.655453
v 0.186118 0.612881 -1.370851
v 0.150604 0.645412 -1.372802
v 0.170138 0.614121 -1.397187
v 0.309090 0.058401 0.853317
v 0.250576 0.067456 0.826717
v 0.267934 0.086885 0.891244
v 0.733434 0.553811 -0.029937
v 0.777651 0.520590 -0.034614
v 0.739561 0.498732 0.002828
v 0.212497 0.615729 -0.805538
v 0.232697 0.573765 -0.813168
v 0.224504 0.581272 -0.776789
v -0.688140 0.032103 0.345460
v -0.679261 0.049218 0.391310
v -0.643450 0.036334 0.334817
v 0.372801 0.058271 0.878407
v 0.347739 0.054319 0.804976
v 0.620720 -0.074309 -0.476462
v 0.653178 -0.058246 -0.525937
v 0.574760 -0.058208 -0.500594
v -2.065693 0.425846 -0.621360
v -2.118074 0.426378 -0.620978
v -2.061718 0.450796 -0.600045
v -1.654212 0.442052 1.602593
v -1.652885 0.504099 1.636058
v -1.680029 0.505062 1.669810
v 0.185705 -0.063701 0.153284
v 0.170332 -0.057980 0.125505
v 0.163044 -0.044586 0.162383
v -0.617717 0.088187 0.625397
v -0.562704 0.080599 0.598443
v -0.609300 0.066360 0.580154
v -0.586017 0.853392 -0.427647
v -0.558636 0.860444 -0.416353
v -0.584735 0.893753 -0.405644
v -0.908226 0.892540 -0.340938
v -0.941735 0.877850 -0.322995
v -0.939942 0.892654 -0.370762
v 0.698067 0.291099 0.397646
v 0.767880 0.305686 0.490840
v 0.706961 0.370786 0.410030
v 0.890964 -0.036437 1.196778
v 0.932782 -0.032231 1.211149
v 0.933124 -0.036796 1.176602
v 0.533806 0.751423 0.745313
v 0.493143 0.744710 0.725264
v 0.527203 0.771070 0.703185
v 2.004769 -0.114924 -0.623722
v 2.025018 -0.122861 -0.589284
v 2.067527 -0.138076 -0.621125
v -1.298588 0.517745 0.832773
v -1.286380 0.447154 0.777868
v -1.237980 0.497094 0.664065
v 1.425679 -0.178622 1.971080
v 1.417227 -0.173254 2.009569
v 1.462431 -0.169292 2.016509
v -0.814999 0.115441 0.615590
v -0.823095 0.101302 0.573381
v -0.864459 0.112699 0.601646
v -0.075392 0.894126 -0.120332
v -0.102616 0.889809 -0.142283
v -0.065039 0.879148 -0.149828
v 0.151972 0.868817 0.152224
v 0.170478 0.857989 0.124191
v 0.177218 0.865568 0.155562
v -0.260571 -0.068667 -0.535527
v -0.220077 -0.055427 -0.567692
v -0.290258 -0.069987 -0.565408
v -0.952250 0.843424 0.750371
v -0.983202 0.838639 0.772257
v -0.990103 0.824096 0.739788
v 0.267510 0.864550 0.417565
v 0.279521 0.873415 0.398637
v 0.308453 0.840580 0.446656
v 2.178320 -0.162226 -0.704221
v 2.178852 -0.171987 -0.665537
v 2.222590 -0.174786 -0.690479
v -0.353770 -0.050230 0.026828
v -0.384804 -0.021844 0.080738
v -0.348154 -0.019198 0.072371
v -1.222675 0.613833 1.715085
v -1.230622 0.658672 1.700748
v -1.190393 0.626640 1.650806
v -0.085040 0.278647 0.581080
v -0.164829 0.268641 0.588199
v -0.122990 0.352695 0.584575
v -0.721667 0.621292 -0.631180
v -0.726934 0.668432 -0.600112
v -0.747327 0.657934 -0.620485
v -0.222150 0.466493 -1.300108
v -0.242478 0.442826 -1.327699
v -0.209235 0.463900 -1.343184
v -0.386059 0.168725 -1.016250
v -0.355249 0.128941 -1.121090
v -0.374952 0.201586 -1.145135
v -1.080267 0.864523 -0.619666
v -1.112775 0.862848 -0.626860
v -1.093343 0.847956 -0.641550
v 0.837675 0.503252 1.439843
v 0.827233 0.465208 1.483766
v 0.800826 0.485763 1.431293
v 0.963125 -0.091225 -0.431835
v 0.976957 -0.097317 -0.481620
v 0.936735 -0.098164 -0.497846
v 1.332243 0.551798 -0.576520
v 1.377822 0.546445 -0.564640
v 1.347741 0.565213 -0.542023
v -0.773899 0.597710 -0.664959
v -0.758882 0.564034 -0.689085
v -0.747389 0.596923 -0.669208
v 1.168108 0.108551 1.972583
v 1.138921 0.056119 1.921338
v 1.105873 0.137585 1.896690
v -0.415379 0.742979 -0.500596
v -0.442678 0.721218 -0.516757
v 1.474955 -0.044156 -0.727799
v 1.391983 -0.022748 -0.738724
v 1.383811 -0.071619 -0.697570
v 1.383263 -0.099675 -0.654145
v 1.314805 -0.098205 -0.657598
v 0.207276 0.824916 -0.181582
v 0.241461 0.825218 -0.170626
v 0.214217 0.827319 -0.148707
v 0.172113 0.453100 0.754446
v 0.222333 0.484829 0.795108
v 0.206899 0.430880 0.810537
v -0.375988 0.387303 -0.994569
v -0.411967 0.334011 -0.943393
v -0.380620 0.354590 -1.024198
v 2.163178 0.137471 -0.789162
v 2.091087 0.146226 -0.789018
v 2.185368 0.044436 -0.791182
v 0.004175 0.546627 -2.546899
v 0.000447 0.544001 -2.588202
v 0.031841 0.525880 -2.561931
v -0.573915 0.753074 0.598722
v -0.617935 0.762813 0.609220
v -0.604124 0.784278 0.577904
v -0.272790 0.359568 -2.228112
v -0.245854 0.401387 -2.289221
v -0.254990 0.397055 -2.226739
v 1.306331 -0.177130 1.898894
v 1.257492 -0.154539 1.867647
v -0.522435 0.487013 -0.671158
v -0.493444 0.448517 -0.700971
v -0.487688 0.516451 -0.658365
v 0.645289 0.666168 -0.406916
v 0.658654 0.700696 -0.365343
v 0.601988 0.686836 -0.378456
v -0.316917 0.740899 -0.510966
v -0.347083 0.750835 -0.491888
v -0.343281 0.715312 -0.535775
v -1.209304 0.788906 -0.387017
v -1.183128 0.813898 -0.397112
v -1.192536 0.758636 -0.352006
v -0.825098 0.609811 0.219051
v -0.817777 0.552258 0.178908
v -0.791528 0.596078 0.187159
v -0.332179 -0.000826 0.097551
v -0.330794 -0.006997 0.141711
v -0.295453 -0.012448 0.118684
v 1.040370 -0.091898 -0.322863
v 1.011984 -0.098619 -0.347182
v 0.995032 -0.088432 -0.298086
v 0.116919 0.814728 -0.385694
v 0.128560 0.809747 -0.349984
v 0.093860 0.826033 -0.349735
v -0.389362 -0.088571 -0.446097
v -0.334311 -0.085503 -0.484041
v -0.415255 -0.079369 -0.483214
v 0.138204 0.628122 -1.604876
v 0.104491 0.638385 -1.631866
v 0.138805 0.617324 -1.654796
v 0.526975 0.782455 -0.111957
v 0.524459 0.768044 -0.079371
v 0.490455 0.789393 -0.088341
v -2.302830 0.878060 -0.667818
v -2.331034 0.875855 -0.701398
v -2.289695 0.863011 -0.703444
v 0.080386 0.654857 -1.309604
v 0.052463 0.654753 -1.329599
v 0.078935 0.651073 -1.350389
v 2.022420 0.364309 -0.681666
v 1.979232 0.370356 -0.684886
v 2.000516 0.352267 -0.707501
v -0.245557 -0.012864 -0.857146
v -0.270109 0.000532 -0.891765
v -0.291724 -0.005756 -0.844265
v -1.147652 0.664897 0.690691
v -1.121045 0.673050 0.668084
v -1.120132 0.701963 0.710268
v -0.020848 0.553870 -2.627174
v -0.048300 0.567070 -2.624725
v -0.040886 0.553879 -2.665641
v -0.110284 0.908272 0.122103
v -0.085570 0.907727 0.092342
v -0.084413 0.895342 0.124183
v 1.932846 -0.023145 -0.744841
v 1.975325 -0.000314 -0.757397
v 1.918879 0.008785 -0.754693
v 0.031073 0.733548 -0.948908
v 0.016748 0.755455 -0.918289
v -0.002591 0.745317 -0.933042
v 0.459341 0.816330 -0.195220
v 0.426749 0.834527 -0.173917
v 0.431001 0.820757 -0.204234
v -1.100461 0.769045 -0.689916
v -1.096400 0.700645 -0.725843
v -1.069628 0.713386 -0.712846
v -0.684989 0.908141 -0.269583
v -0.653162 0.907873 -0.282622
v -0.642026 0.900335 -0.250267
v 0.218242 0.061764 -0.925766
v 0.274249 0.127180 -0.983840
v 0.229053 0.111356 -1.100871
v -0.010366 0.880826 0.188208
v 0.012343 0.875141 0.206323
v -0.006777 0.872234 0.224069
v 0.447688 0.756224 -0.336235
v 0.483484 0.753158 -0.337680
v 0.485919 0.789221 -0.303677
v -0.908225 0.059693 0.466259
v -0.922288 0.067345 0.492922
v -0.883071 0.076877 0.507959
v -0.695859 -0.008780 -0.121740
v -0.673255 -0.020932 -0.155996
v -0.709319 -0.013486 -0.176554
v -0.931226 0.056515 -0.366835
v -0.889946 0.041917 -0.334756
v -0.906512 0.058303 -0.390275
v -2.142211 0.349568 -0.808677
v -2.213008 0.387382 -0.794138
v -2.178397 0.366152 -0.770289
v 0.054625 0.260949 -2.408466
v 0.019721 0.225852 -2.331525
v 0.081714 0.259751 -2.346907
v -0.962816 0.830865 0.852831
v -0.932935 0.816051 0.819275
v -0.942364 0.785999 0.884548
v 0.871653 0.440461 0.673536
v 0.830405 0.420540 0.587756
v 0.858729 0.382638 0.639893
v -0.162369 0.047469 -1.308026
v -0.181835 0.043537 -1.262657
v -0.126882 0.047387 -1.275089
v -0.264758 0.375416 -1.996980
v -0.286421 0.348231 -2.027954
v -0.264084 0.377583 -2.058769
v -0.418281 0.037771 0.497009
v -0.351733 0.025617 0.466887
v -0.404123 0.015230 0.448666
v 0.906270 0.665876 -0.336896
v 0.868478 0.674760 -0.351596
v 0.892349 0.673714 -0.373237
v -0.345056 0.526455 -0.758089
v -0.310525 0.530610 -0.801745
v -0.314680 0.547673 -0.760253
v -0.228153 0.080351 -1.626926
v -0.239707 0.076405 -1.560802
v -0.208669 0.060872 -1.572051
v 1.828808 0.253051 -0.764752
v 1.761228 0.259758 -0.774473
v 1.787381 0.206453 -0.775726
v -0.299069 0.311726 -2.158660
v -0.292308 0.310527 -2.217571
v -0.066095 0.603933 -2.243352
v -0.090162 0.580706 -2.268981
v -0.073941 0.601327 -2.288495
v -0.046919 0.621798 -2.132687
v -0.052590 0.627222 -2.056623
v -0.081414 0.589051 -2.134178
v -1.529353 0.614490 1.641995
v -1.562427 0.569336 1.612248
v -1.519867 0.590078 1.586427
v 0.871302 0.602141 -0.488997
v 0.834910 0.600065 -0.480124
v 0.848290 0.547892 -0.551029
v -0.178349 0.844018 0.235731
v -0.139050 0.860595 0.211018
v -0.148711 0.833702 0.258968
v -2.082081 0.337464 -0.809708
v -2.122410 0.351470 -0.771207
v -2.038398 0.338839 -0.792692
v -1.216870 0.244644 1.485457
v -1.257935 0.239343 1.510394
v 0.882163 0.337337 1.643004
v 0.941276 0.327637 1.701636
v 0.919871 0.274214 1.699340
v 0.430653 0.715581 0.135405
v 0.458398 0.690378 0.148989
v 0.437670 0.709471 0.174586
v 2.006454 0.214553 -0.775803
v 2.055059 0.249378 -0.769536
v 1.976864 0.255195 -0.761082
v -1.317489 0.730330 1.314493
v -1.290726 0.770968 1.325930
v -1.312819 0.748562 1.367964
v -1.692887 0.480283 -0.957632
v -1.613078 0.536848 -0.951816
v -1.754040 0.553229 -0.955574
v 1.709144 -0.113916 -0.470328
v 1.695975 -0.094124 -0.423818
v 1.751723 -0.110870 -0.459260
v -0.193297 0.463895 -2.465819
v -0.176363 0.488820 -2.502511
v -0.174929 0.488234 -2.450052
v 0.564519 0.651831 0.028581
v 0.567945 0.669748 0.002443
v 0.582696 0.647421 0.019641
v 0.976881 0.536196 1.520396
v 0.977588 0.554890 1.486297
v 1.020413 0.546561 1.514690
v 1.143177 0.449560 1.676936
v 1.102604 0.494389 1.620865
v 1.162365 0.466040 1.646722
v 0.277469 0.771369 -0.305360
v 0.253211 0.777289 -0.297626
v 0.257560 0.769719 -0.327463
v -1.129786 0.850176 1.125626
v -1.104710 0.815101 1.146414
v -1.136730 0.835049 1.189631
v 0.018845 0.645787 -2.118308
v -0.014270 0.636619 -2.146293
v 0.008924 0.627717 -2.188420
v 1.476512 0.208679 2.198739
v 1.523250 0.163886 2.212060
v 1.493317 0.152159 2.250117
v 1.010997 -0.004367 1.673803
v 0.962575 0.043523 1.680700
v 1.000806 0.043244 1.729455
v -2.175931 0.399458 -0.708454
v -2.158922 0.417668 -0.660224
v -2.113535 0.394828 -0.682161
v -0.637355 0.010284 0.228899
v -0.669460 0.002745 0.183587
v -0.679156 0.007817 0.234837
v -1.549007 0.298308 -0.638711
v -1.543636 0.277430 -0.669472
v -1.578609 0.296454 -0.659238
v 0.303590 0.087785 0.469584
v 0.269467 0.084602 0.406751
v -0.147619 0.509647 -1.561349
v -0.149137 0.497877 -1.503572
v -0.192067 0.462952 -1.522591
v 2.254853 -0.036881 -0.450717
v 2.257788 -0.106326 -0.446725
v 2.156791 -0.015606 -0.418983
v 2.307615 -0.200093 -0.602258
v 2.261112 -0.192058 -0.614206
v 2.256015 -0.180655 -0.544883
v -0.727218 0.526398 -0.703068
v -0.696276 0.505167 -0.698958
v -0.722048 0.561603 -0.683777
v 0.215092 0.567540 -1.358575
v 0.184710 0.614372 -1.343195
v -1.158168 0.823222 -0.391060
v -1.158345 0.846565 -0.433162
v 0.970736 0.213736 0.873524
v 0.939816 0.230423 0.790854
v 0.935150 0.162464 0.828778
v 0.395684 -0.006888 0.364535
v 0.376520 -0.023353 0.330974
v 0.351637 0.004026 0.352600
v 1.369157 0.383132 -0.376106
v 1.353534 0.442803 -0.421395
v -0.149434 -0.018795 -0.155371
v -0.146970 -0.038593 -0.202172
v -0.191860 -0.046203 -0.168353
v 0.024027 0.871233 -0.077754
v 0.013787 0.871771 -0.107143
v 0.048798 0.860612 -0.109671
v 0.931331 0.033564 1.635904
v 0.977286 -0.006161 1.601796
v 0.915532 0.018620 1.584864
v 0.174022 0.686180 -0.832268
v 0.165796 0.699453 -0.800982
v 0.145120 0.711679 -0.814955
v -0.005694 0.048428 0.353094
v 0.025445 0.036941 0.299560
v -0.022488 0.025896 0.302542
v -0.706535 0.888154 -0.417274
v -0.724649 0.854407 -0.453143
v -0.691297 0.849899 -0.443587
v 0.005817 0.185515 -1.935254
v 0.038355 0.195537 -1.968834
v 0.007172 0.191044 -1.977887
v -0.413082 0.876798 -0.310852
v -0.435272 0.881669 -0.286149
v -0.451652 0.884227 -0.310767
v -0.565845 0.271658 -0.746230
v -0.532083 0.318667 -0.742536
v -0.590542 0.353106 -0.737678
v -0.430286 0.598285 -0.627859
v -0.453454 0.557876 -0.645146
v -0.415357 0.561944 -0.666129
v 0.152994 -0.014864 0.174214
v 0.110253 -0.005661 0.123363
v 0.117935 0.018826 0.166979
v 1.260728 0.304936 1.553515
v 1.214405 0.336621 1.515589
v 1.251970 0.280778 1.507062
v -0.282211 0.908280 -0.103280
v -0.309511 0.908052 -0.098556
v -0.318792 0.907042 -0.131253
v 0.924738 0.588997 1.356983
v 0.931718 0.581000 1.318894
v 0.981972 0.573665 1.360688
v -2.279008 0.836451 -0.746148
v -2.247313 0.852011 -0.708715
v -0.236649 0.421868 -2.216048
v -0.216714 0.439330 -2.274634
v -0.214933 0.439896 -2.212878
v -1.533691 0.629849 1.684974
v -1.525479 0.656890 1.716081
v -1.565760 0.637696 1.724912
v 0.341372 0.614862 0.783341
v 0.389626 0.628313 0.804036
v 0.350094 0.580284 0.821028
v -0.735875 0.862831 0.421710
v -0.707262 0.852170 0.398876
v -0.708474 0.875846 0.445977
v 1.043093 0.464512 1.637986
v 1.099402 0.432638 1.686585
v 1.048646 0.419929 1.681690
v 1.362654 0.469750 -0.671285
v 1.397489 0.425704 -0.706165
v 1.397604 0.463585 -0.666385
v -1.225408 0.350696 1.682391
v -1.185287 0.332696 1.597971
v -1.348318 0.214142 1.435094
v -1.391848 0.193230 1.434491
v -1.374540 0.210173 1.495301
v 0.089836 0.058419 0.317948
v 0.095226 0.063546 0.376538
v 0.123674 0.066647 0.338047
v 0.051540 0.169148 -1.791679
v 0.067142 0.186765 -1.858526
v 0.031671 0.172669 -1.843446
v 0.273577 0.812328 -0.228062
v 0.261991 0.819322 -0.197667
v 0.236443 0.811069 -0.225879
v 0.758810 0.606070 0.679923
v 0.720588 0.628096 0.625852
v 0.766448 0.577690 0.637928
v -0.810931 0.753646 -0.550005
v -0.833644 0.750806 -0.571812
v -0.804033 0.711366 -0.584227
v -0.979893 0.198495 0.852097
v -1.014491 0.208668 0.869728
v -0.972282 0.210042 0.883116
v 0.125457 0.739229 -0.785916
v 0.125157 0.740042 -0.821528
v -1.717474 0.858406 -0.712048
v -1.765260 0.861148 -0.691767
v -1.775866 0.859107 -0.713803
v -2.244281 0.865813 -0.631035
v -2.229180 0.867569 -0.669527
v 0.567534 0.703595 -0.363774
v 0.571290 0.669767 -0.402142
v 1.019834 0.353698 1.061394
v 1.003689 0.369227 0.998146
v 1.025079 0.291647 1.019605
v -1.128938 0.089674 -0.635766
v -1.133911 0.108795 -0.595928
v -1.090861 0.087265 -0.600550
v -2.247770 0.421104 -0.722700
v -2.180287 0.381272 -0.741301
v 0.066176 0.231697 -2.206135
v 0.083237 0.246038 -2.278005
v 0.032495 0.223231 -2.222077
v -1.696075 0.423286 -0.558036
v -1.696739 0.468067 -0.532928
v -1.628154 0.413985 -0.540963
v 0.152030 0.479375 0.708052
v 0.127379 0.417201 0.707673
v -0.745563 0.564830 0.137802
v -0.767468 0.503569 0.115204
v -0.730918 0.534424 0.110508
v -1.098700 0.820919 -0.662502
v -1.071054 0.805066 -0.661442
v -1.184279 0.711996 -0.298287
v -1.166700 0.749432 -0.319620
v -0.779809 0.823061 -0.488582
v -0.818229 0.833790 -0.498337
v -0.796469 0.788005 -0.519422
v 0.822878 -0.079623 -0.202419
v 0.856696 -0.054838 -0.160378
v 0.881151 -0.080160 -0.238803
v -1.228807 0.631739 -0.268956
v -1.242481 0.680516 -0.316713
v -1.211851 0.681857 -0.287968
v -1.644734 0.829445 -0.611829
v -1.696675 0.824112 -0.608349
v -1.679833 0.840152 -0.635597
v -0.146720 0.655288 0.501398
v -0.196898 0.642981 0.524558
v -0.175503 0.676216 0.486917
v -1.297911 0.730037 1.194018
v -1.280411 0.742188 1.156922
v -1.270077 0.769957 1.227510
v -1.121993 0.693104 -0.742897
v -1.090073 0.639656 -0.764070
v 0.425164 0.626071 0.841924
v 0.450095 0.643088 0.844487
v 0.443338 0.613571 0.866471
v -0.083767 0.051255 -1.209708
v -0.103516 0.040472 -1.179048
v -0.064615 0.056165 -1.181525
v -0.084079 0.588993 -2.635461
v -0.097462 0.591641 -2.619336
v -0.101136 0.568008 -2.637523
v -0.301868 0.353638 -1.395773
v -0.286425 0.354111 -1.465073
v -0.276063 0.383509 -1.433255
v 0.319617 0.250928 -1.188647
v 0.313681 0.199233 -1.070558
v 0.331590 0.261359 -1.103673
v -0.072067 0.706094 -0.859758
v -0.110705 0.677760 -0.831135
v -0.085237 0.682602 -0.878463
v 0.197699 0.478991 -2.036490
v 0.201333 0.388469 -2.013835
v 0.201071 0.432492 -1.957829
v -0.254000 0.810994 -0.450718
v -0.218790 0.814031 -0.472143
v -0.207810 0.841444 -0.431838
v -0.256851 0.394498 -2.167218
v -1.071448 0.818595 1.011989
v -1.062981 0.834570 0.973785
v -1.047338 0.811217 0.990085
v 0.557518 0.781058 -0.257094
v 0.557641 0.773318 -0.284798
v 0.601267 0.754246 -0.292251
v -1.201530 0.204689 -0.312118
v -1.147779 0.232594 -0.231541
v -1.094405 0.161703 -0.230279
v -0.726121 0.001177 -0.118933
v -0.692252 -0.002735 -0.065244
v 1.996424 0.374565 -0.588336
v 1.990404 0.365112 -0.552068
v 1.964026 0.383372 -0.586505
v 0.156434 0.803177 -0.407177
v 0.133183 0.808251 -0.421754
v 0.148523 0.802651 -0.449434
v -1.651411 0.647067 -0.908808
v -1.581106 0.589182 -0.931464
v -1.556536 0.629146 -0.903299
v -0.179314 0.527986 -1.080928
v -0.204571 0.528444 -1.028318
v -0.201859 0.508970 -1.076566
v 0.883244 -0.089801 -0.306848
v 0.917837 -0.083888 -0.286305
v -0.118704 0.869509 -0.422864
v -0.088212 0.880567 -0.393564
v -0.113271 0.882608 -0.384797
v -0.049348 0.025958 0.166754
v -0.111398 0.010215 0.154669
v -0.069675 0.009662 0.206746
v -0.297476 -0.104491 -0.402001
v -0.338676 -0.105586 -0.401686
v -0.325268 -0.117139 -0.361197
v -0.095087 0.590761 -1.958765
v -0.127149 0.559339 -1.911342
v -0.127718 0.555871 -1.980907
v 1.865948 0.273547 -0.429714
v 1.885567 0.321429 -0.472264
v 1.912174 0.282873 -0.443021
v -0.234857 0.573283 0.576369
v -0.160240 0.575667 0.549779
v -0.212131 0.515518 0.585726
v 0.253280 0.848973 -0.033144
v 0.228671 0.841193 0.007505
v 0.229562 0.847071 -0.035613
v 0.521532 0.833586 0.571183
v 0.506410 0.839862 0.547922
v 0.537666 0.832597 0.550925
v -0.793641 0.909822 -0.356103
v -0.833998 0.907540 -0.363235
v -0.822784 0.913130 -0.387678
v -2.123764 0.808083 -0.778964
v -2.130627 0.778616 -0.805765
v -2.091850 0.780031 -0.818794
v 0.056612 0.835681 -0.474875
v 0.020635 0.836234 -0.499074
v 0.050754 0.829882 -0.525790
v -0.572008 0.571564 0.740755
v -0.480259 0.499998 0.726316
v -0.545819 0.463489 0.768320
v 1.786732 0.045419 -0.767172
v 1.825321 0.012898 -0.758690
v 1.822976 0.058897 -0.764486
v -0.199383 0.462645 -1.669894
v -0.231528 0.416308 -1.644301
v -0.203005 0.455146 -1.719715
v 0.139471 0.599024 -1.850130
v 0.177752 0.567920 -1.836215
v 0.151116 0.600331 -1.792675
v -0.297732 0.086393 -1.265526
v -0.279170 0.081446 -1.339863
v -0.319057 0.130433 -1.332224
v -0.825824 0.315296 0.038700
v -0.819243 0.387751 0.074848
v -0.868847 0.363018 0.119974
v 1.062333 0.476797 1.386743
v 1.087866 0.448185 1.393523
v 1.091020 0.484034 1.435035
v -0.123241 0.046788 -1.570040
v -0.141751 0.054349 -1.610655
v -0.165817 0.048644 -1.570367
v 0.713499 0.638770 -0.451899
v 0.689373 0.636781 -0.440633
v 0.688821 0.618446 -0.466687
v 0.076543 0.798885 -0.743179
v 0.049534 0.799451 -0.755895
v 0.067969 0.787720 -0.791860
v -0.201132 0.811001 -0.492211
v -0.229633 0.795842 -0.498530
v 0.903317 0.000914 1.522877
v 0.851622 0.039932 1.550815
v -1.769843 0.524718 -0.536996
v -1.668358 0.526005 -0.509401
v 0.244605 0.582899 -1.003795
v 0.262831 0.561458 -1.023323
v 0.263237 0.545819 -0.970937
v -0.107146 0.919507 0.033524
v -0.092414 0.918213 0.062283
v -0.118075 0.920925 0.064515
v 0.145453 0.295818 0.799317
v 0.189426 0.282613 0.874374
v 0.162188 0.221363 0.830206
v -0.358641 0.887200 -0.010517
v -0.339140 0.897766 -0.043099
v -0.325945 0.898219 0.000104
v -0.134396 0.802737 -0.565415
v -0.151179 0.804743 -0.533757
v 1.540108 -0.125664 1.995380
v 1.528657 -0.102415 1.885998
v 1.499756 -0.153709 1.910009
v 0.112046 0.821052 -0.275847
v 0.136092 0.811521 -0.285530
v 0.139736 0.820200 -0.246201
v -1.963553 0.881520 -0.714684
v -2.007205 0.872112 -0.700090
v -1.973083 0.865310 -0.747167
v 1.099060 0.558074 -0.336398
v 1.077167 0.531761 -0.277704
v 0.598786 0.157628 1.415334
v 0.662394 0.179023 1.474103
v 0.690781 0.106858 1.472262
v 0.537940 0.822004 0.595401
v 0.506367 0.825661 0.594851
v -0.251608 0.464146 -1.195582
v -0.229131 0.471006 -1.237975
v -0.221997 0.483693 -1.175329
v 0.968986 0.194372 1.752458
v 0.900481 0.196895 1.686094
v -0.987166 0.850307 0.820627
v -1.018125 0.840456 0.791477
v -0.650248 0.691450 -0.566795
v -0.645183 0.660197 -0.592236
v -0.627517 0.656983 -0.574453
v 1.674905 0.297511 -0.777739
v 1.631686 0.310874 -0.777261
v 1.616915 0.274416 -0.786109
v 0.227031 0.550243 -0.692225
v 0.231551 0.539180 -0.741498
v 0.251009 0.474805 -0.701708
v -0.014569 -0.049786 -0.461965
v -0.078162 -0.032994 -0.451127
v -0.022004 -0.056220 -0.396993
v 0.692733 0.140506 0.475587
v 0.761494 0.185882 0.524696
v 0.696275 0.215218 0.422108
v -1.213135 0.267030 0.638553
v -1.169818 0.344553 0.517135
v -1.253415 0.355397 0.695535
v 0.446473 0.650061 0.832733
v 0.425081 0.635880 0.824034
v -1.311694 0.618530 -0.867805
v -1.289480 0.652036 -0.841386
v -1.329774 0.669147 -0.842988
v -0.137943 0.192581 -2.410164
v -0.188525 0.228871 -2.440095
v -0.222294 0.224319 -2.384755
v -1.049581 0.839952 0.799873
v -1.052257 0.851171 0.838172
v -1.080646 0.830713 0.808248
v -0.872251 0.202739 0.953402
v -0.836033 0.226999 0.966582
v -0.815768 0.202457 0.901929
v 0.013136 0.615630 -2.240883
v 0.021149 0.601006 -2.290456
v 0.050253 0.607080 -2.242242
v 1.038401 0.378497 1.719082
v 0.996327 0.407584 1.674597
v 0.734165 0.709137 -0.361401
v 0.672641 0.730740 -0.330086
v -2.486464 0.670748 -0.717597
v -2.480838 0.663109 -0.692568
v -2.457649 0.617543 -0.715807
v 2.126053 0.211301 -0.773938
v 2.198357 0.133718 -0.780763
v 1.985713 0.377830 -0.617050
v 2.031912 0.367542 -0.606410
v -2.293133 0.444510 -0.781289
v -2.369367 0.504717 -0.770962
v -2.313746 0.454378 -0.743683
v 1.816846 0.431410 -0.630721
v 1.857976 0.423254 -0.641077
v 1.855499 0.424024 -0.598242
v -0.322641 0.845732 0.230157
v -0.298991 0.865205 0.182675
v -0.277266 0.853891 0.206262
v -0.386904 -0.020059 0.316552
v -0.363703 -0.016260 0.350233
v -0.339522 -0.025946 0.301565
v 0.257374 0.521066 0.806633
v 0.211883 0.526622 0.759612
v -1.131153 0.220697 1.048084
v -1.094167 0.227412 1.009481
v -1.146884 0.217575 0.991258
v -0.005710 0.341589 -2.613286
v -0.038381 0.385725 -2.646821
v -0.065801 0.331161 -2.619332
v 2.485049 -0.041689 -0.663644
v 2.430904 0.035352 -0.711880
v 2.469634 -0.013790 -0.721117
v 1.114835 -0.115611 -0.587603
v 1.120389 -0.110352 -0.555228
v 1.171931 -0.113291 -0.574607
v -1.224919 0.237881 1.365809
v -1.190668 0.234314 1.303865
v -1.233020 0.237670 1.299923
v -0.218940 0.012816 0.029207
v -0.237762 -0.010905 0.104671
v -0.177536 0.011470 0.078306
v 1.148438 -0.043173 1.465945
v 1.107609 -0.044987 1.474646
v 1.147808 -0.056000 1.520633
v 0.822850 0.649706 -0.413466
v 0.834463 0.680606 -0.368818
v 0.801063 0.675342 -0.385245
v -0.278987 0.847561 -0.387002
v -0.257207 0.857495 -0.350544
v -0.282234 0.863330 -0.346691
v -0.924040 0.468483 0.219024
v -0.999116 0.471160 0.285390
v -0.952333 0.418652 0.226474
v 0.838078 0.303319 0.605808
v 0.899678 0.324408 0.713386
v -0.701359 0.872563 0.531677
v -0.662707 0.843166 0.544471
v -0.706912 0.854800 0.561636
v -0.541410 0.732649 0.611928
v -0.506292 0.711084 0.620903
v -0.521034 0.678390 0.649548
v 0.511580 0.034761 0.793434
v 0.569942 0.008802 0.788223
v 0.524308 0.025291 0.760929
v -0.942248 0.799417 0.595291
v -0.914972 0.839071 0.620614
v -0.947145 0.817778 0.620260
v 1.140267 0.456169 -0.646358
v 1.093857 0.450515 -0.652421
v 1.148638 0.420222 -0.681224
v -0.221007 0.438394 -1.405728
v -0.255132 0.420069 -1.365549
v -0.251188 0.412544 -1.418578
v -2.371118 0.891603 -0.699803
v 0.487837 0.662399 0.843322
v -0.881928 0.033353 -0.219274
v -0.882442 0.032962 -0.276311
v -0.920360 0.040565 -0.251935
v -0.916230 0.702996 0.413814
v -0.882698 0.728414 0.410103
v -0.914415 0.726788 0.443378
v -0.335826 0.380636 -1.185814
v -0.302943 0.402584 -1.262635
v -0.291439 0.430264 -1.209473
v 0.626393 0.771673 0.677353
v 0.603138 0.776739 0.635206
v 0.631563 0.744940 0.644177
v 0.369929 0.832119 -0.141325
v 0.398818 0.842534 -0.148513
v 0.384243 0.834271 -0.118659
v -1.147972 0.372901 1.576402
v -1.148587 0.293901 1.491124
v 0.210764 0.586576 -1.469060
v 0.231573 0.546286 -1.494343
v 0.243367 0.528126 -1.424486
v 0.100892 0.652349 -1.194119
v 0.072513 0.654106 -1.195659
v 0.087118 0.642642 -1.233710
v -1.601573 0.546960 1.935791
v -1.561424 0.574462 1.930212
v -1.534777 0.522207 1.928495
v -0.466536 0.706978 -0.520924
v -0.491035 0.714505 -0.514775
v -0.470091 0.667319 -0.555887
v -0.155384 0.522099 -2.089925
v -0.182472 0.485409 -2.033808
v -0.165455 0.502241 -2.121784
v -1.102604 0.630052 0.563116
v -1.133129 0.586119 0.551363
v -1.089412 0.598856 0.501066
v 1.316295 0.301452 1.916241
v 1.266671 0.305749 1.930593
v 1.265775 0.313957 1.858723
v 0.243970 0.289965 -1.643486
v 0.270953 0.341367 -1.575173
v 0.232999 0.373259 -1.747162
v 0.129170 0.878005 0.167767
v 0.127687 0.871055 0.129597
v -2.040742 0.422584 -0.643783
v -2.073690 0.407761 -0.653889
v -0.856491 0.630276 0.260013
v -0.822279 0.645768 0.246388
v 1.021977 -0.021788 1.625298
v 1.018193 -0.021349 1.577185
v -0.040312 0.010879 -0.792492
v -0.008888 0.015861 -0.844070
v -0.060569 0.016271 -0.837741
v 0.085693 0.092069 -1.349713
v 0.031992 0.090642 -1.377468
v 0.045640 0.087713 -1.327590
v 1.714843 0.292347 -0.771044
v 1.763107 0.303433 -0.759499
v -0.811607 0.909795 -0.327584
v -0.851268 0.902384 -0.344238
v -0.870361 0.552764 -0.728270
v -0.890917 0.529228 -0.752596
v -0.844932 0.491405 -0.758617
v 0.786991 -0.077691 -0.359521
v 0.772080 -0.081639 -0.308089
v 0.816981 -0.086349 -0.328439
v 0.314759 0.842186 0.329353
v 0.345555 0.832970 0.351427
v 0.338058 0.834647 0.381308
v -0.538743 -0.045835 -0.348105
v -0.583730 -0.025126 -0.310245
v -0.535686 -0.038654 -0.300765
v -0.302209 0.329063 -2.066226
v -0.305438 0.320258 -2.108690
v -0.280601 0.358334 -2.123543
v 1.530192 0.445914 -0.481259
v 1.521861 0.484740 -0.514162
v 1.551659 0.465988 -0.502018
v 0.363208 0.780234 0.136686
v 0.379994 0.761135 0.146861
v 0.354104 0.789220 0.186533
v -0.552858 0.602918 -0.594984
v -0.538836 0.543681 -0.634339
v -0.528415 0.590083 -0.597289
v -2.406134 0.551019 -0.708519
v -2.424680 0.566672 -0.748913
v -0.765297 0.069851 0.468551
v -0.807091 0.058607 0.448404
v -0.828554 0.077094 0.495980
v 1.518898 -0.139995 2.074512
v 1.483758 -0.153361 2.073354
v -0.776356 0.816290 0.662470
v -0.734339 0.782831 0.672713
v -0.753782 0.762231 0.700567
v 1.313828 0.276923 1.614346
v 1.370388 0.214096 1.662263
v 1.351814 0.263504 1.686055
v -2.073644 0.390589 -0.693196
v -0.425797 -0.026754 0.074460
v -0.408621 -0.002117 0.121759
v 0.421442 0.840583 -0.141761
v -0.245292 0.910162 -0.077723
v -0.223649 0.914881 -0.045475
v -0.253701 0.918622 -0.038009
v 1.418890 0.512336 -0.499681
v 1.420906 0.473316 -0.470156
v 1.385944 0.520042 -0.491380
v -0.517826 0.862710 0.210093
v -0.564732 0.853521 0.247267
v -0.554741 0.841839 0.205193
v -0.068203 0.619975 -1.904612
v -0.046725 0.634929 -1.851804
v -0.082276 0.602451 -1.828813
v -1.125536 0.129706 0.555981
v -1.111441 0.162623 0.494369
v -1.136199 0.169780 0.545648
v 1.063361 0.260693 -0.101151
v 1.081195 0.372402 -0.157554
v 1.127938 0.264418 -0.144046
v 0.531283 0.518575 -0.545865
v 0.478934 0.449518 -0.576602
v 0.555474 0.462032 -0.571413
v 0.643550 0.595137 1.084926
v 0.655990 0.579932 1.125966
v 0.617013 0.569051 1.107147
v 0.669116 0.512368 1.235746
v 0.702299 0.514909 1.266827
v 0.674693 0.492516 1.293071
v 0.598562 0.039212 1.278919
v 0.542144 0.089805 1.305343
v 0.671881 0.039677 1.367541
v 0.545365 0.541105 1.068090
v 0.568084 0.569187 1.047390
v 0.582501 0.557774 1.085722
v 1.289014 0.556206 -0.573411
v 1.316820 0.530146 -0.602008
v -0.742410 0.078929 0.494473
v -0.713965 0.062104 0.442343
v 0.328396 0.083341 0.527368
v 0.291177 0.073036 0.525823
v 0.332423 0.072629 0.566949
v -0.361128 0.733433 0.496073
v -0.341069 0.711699 0.513323
v -0.372760 0.722768 0.525586
v 0.245970 0.571052 -1.058699
v 0.262772 0.539019 -1.072443
v 0.292441 0.863671 0.294260
v 0.305515 0.855017 0.341632
v 0.984061 0.034423 1.081549
v 1.031252 0.062346 1.137575
v 0.997876 0.076086 1.062926
v -0.687193 0.874027 0.457116
v -0.718877 0.886062 0.486769
v 0.200942 0.905479 0.254107
v 0.197647 0.894268 0.282538
v 0.178213 0.896927 0.263744
v 1.128469 0.485498 -0.621516
v 1.129757 0.501515 -0.604500
v 1.088000 0.525522 -0.576212
v -1.406173 0.318653 -0.444561
v -1.475863 0.391532 -0.464355
v -1.386442 0.389181 -0.387553
v 1.096011 -0.094732 -0.346317
v 1.093996 -0.071423 -0.294415
v -0.316894 0.194660 -1.411749
v -0.315265 0.162453 -1.474635
v -1.395031 0.263133 1.740217
v -1.345979 0.275942 1.721217
v -1.398903 0.237260 1.678119
v -0.531059 0.928605 -0.257182
v -0.555892 0.913640 -0.230172
v -0.577527 0.921730 -0.288201
v -0.970868 0.069898 0.535090
v -0.950108 0.066453 0.505919
v -1.000113 0.061499 0.495552
v -1.367207 0.735491 -0.789537
v -1.383625 0.774844 -0.759466
v -1.403952 0.746010 -0.794712
v -1.196184 0.486750 -0.884364
v -1.045607 0.371481 -0.844366
v -0.995297 0.405761 -0.835862
v 0.044576 0.650802 -1.293148
v 0.031261 0.637253 -1.318250
v -0.054893 0.580242 -1.514169
v -0.099643 0.539383 -1.497479
v -0.077044 0.570834 -1.560747
v 0.313737 0.637626 -0.519542
v 0.337949 0.636268 -0.506194
v -0.879756 0.033797 0.320407
v -0.885562 0.038995 0.367427
v -0.852232 0.032076 0.362073
v 0.976837 0.646262 -0.376641
v 1.012569 0.646237 -0.406821
v 1.032890 0.610850 -0.364703
v -0.147620 0.911794 0.066505
v -0.178467 0.904327 0.068931
v -0.166853 0.911593 0.037436
v 1.434518 -0.120795 -0.516294
v 1.471237 -0.121732 -0.512959
v 1.461644 -0.117554 -0.563364
v 0.360945 0.804640 -0.046356
v 0.388194 0.817743 -0.085128
v 0.396409 0.798704 -0.043810
v 1.478985 0.186021 2.055300
v 1.457274 0.230704 2.032654
v 1.485528 0.162540 1.971680
v -0.984541 0.108167 -0.690760
v -1.034310 0.120324 -0.731271
v -1.051993 0.091300 -0.690441
v 0.568649 -0.004111 0.533002
v 0.557469 0.008916 0.455996
v 0.538349 -0.000540 0.485302
v -0.289753 0.774281 -0.479110
v -0.285885 0.811998 -0.432648
v -0.432602 0.898541 -0.205869
v -0.460485 0.909193 -0.202701
v -0.452880 0.904725 -0.241239
v -0.198765 0.862760 -0.383312
v -0.167767 0.862161 -0.410516
v 0.818820 0.567796 0.778540
v 0.826757 0.567008 0.817740
v 0.797025 0.590997 0.794371
v -0.392884 -0.107423 -0.343923
v -0.379727 -0.109250 -0.294967
v -0.352877 -0.119365 -0.330863
v 0.043033 0.877333 0.216900
v 0.080627 0.880599 0.208795
v 0.072913 0.867188 0.240323
v -0.252187 0.165056 -1.986647
v -0.204121 0.148424 -1.981732
v -0.256740 0.171363 -2.065209
v -0.827835 0.872089 -0.478100
v -0.860893 0.856349 -0.503450
v 0.601039 0.744173 -0.125463
v 0.585560 0.767221 -0.149856
v 0.620611 0.750494 -0.168100
v -2.243086 0.725395 -0.537031
v -2.175074 0.718725 -0.525678
v -2.178553 0.661335 -0.527361
v 0.300217 0.157119 -0.908190
v 0.296708 0.165598 -0.787781
v 0.314121 0.232912 -0.917550
v 1.281510 0.365182 -0.737920
v 1.242187 0.390006 -0.720835
v 1.247996 0.333509 -0.755422
v -0.115283 0.510015 -2.650544
v -0.169385 0.468962 -2.623333
v -0.136064 0.465951 -2.663049
v 0.998708 -0.018491 1.522749
v 0.959021 -0.013506 1.469145
v 0.939352 -0.012575 1.502712
v -0.019250 0.886911 -0.099113
v 0.008005 0.870962 -0.139254
v 0.720494 0.447671 0.447886
v 0.662085 0.432016 0.348215
v -1.026175 0.788276 0.692156
v -0.976395 0.823865 0.684121
v -1.009709 0.804293 0.716988
v 0.794086 0.582003 0.733131
v 0.845704 0.538329 0.762104
v -1.416127 0.714757 1.716427
v -1.377225 0.723237 1.699264
v -1.399258 0.720601 1.734486
v 0.359967 0.830689 0.482796
v 0.360854 0.816969 0.528551
v 0.335034 0.824727 0.485222
v -1.518976 0.406502 1.895446
v -1.512172 0.338577 1.848852
v -1.578524 0.410839 1.882610
v -0.683191 0.551104 0.079302
v -0.711630 0.523334 0.092108
v -0.717299 0.515870 0.064088
v -0.587865 0.740905 -0.509390
v -0.577985 0.695463 -0.536781
v 0.082343 0.146260 -1.674717
v 0.114315 0.162172 -1.684835
v 0.062367 0.159375 -1.735043
v 1.383875 0.265697 -0.782763
v 1.441104 0.315745 -0.774168
v 1.373222 0.318509 -0.768112
v 1.027177 -0.094591 -0.390297
v 0.987105 -0.095207 -0.378560
v 0.346478 0.831150 -0.162183
v 0.308892 0.826702 -0.171174
v 0.341122 0.829788 -0.195113
v 1.126516 -0.095119 -0.485341
v 1.133192 -0.091845 -0.441071
v 1.179884 -0.094459 -0.475894
v 0.221628 0.597570 -0.899696
v 0.195821 0.637809 -0.863768
v 0.198374 0.627871 -0.905184
v -0.739451 0.836656 0.612014
v -0.705619 0.807199 0.615140
v -0.718140 0.798085 0.644528
v -0.211888 0.452422 -1.746206
v -0.224505 0.428582 -1.760589
v -0.203903 0.472748 -1.800358
v 0.352995 0.834779 0.433831
v 0.383229 0.829751 0.466633
v 0.534028 0.037500 0.927481
v 0.536575 0.035757 0.874471
v 0.487014 0.042687 0.900069
v 0.251243 0.764604 -0.354966
v 0.226721 0.772047 -0.353589
v 0.253880 0.751038 -0.383848
v 0.093498 0.084404 -1.259258
v 0.125298 0.088385 -1.244203
v 0.128538 0.096172 -1.311053
v -0.784202 0.871236 -0.461665
v -0.821782 0.899102 -0.451524
v -1.124218 0.158101 -0.781346
v -1.200342 0.244096 -0.835386
v -1.512289 0.684101 1.741252
v -1.486395 0.674534 1.702437
v -0.650868 0.614201 0.061568
v -0.660852 0.654127 0.012443
v -0.625497 0.682010 0.036196
v -0.133172 -0.049691 -0.334454
v -0.128856 -0.044859 -0.257172
v -0.081407 -0.037177 -0.297421
v -1.001598 0.509916 -0.807939
v -1.092613 0.531271 -0.835502
v -0.996444 0.457766 -0.827048
v 0.128763 0.101930 -1.370840
v -0.722170 0.588194 -0.658882
v -0.698029 0.577578 -0.648808
v 0.087091 0.489864 0.625629
v 0.041098 0.408566 0.621725
v 0.023282 0.473049 0.582723
v 0.098499 0.101612 -1.431348
v 0.062813 0.101444 -1.478533
v 0.039811 0.093888 -1.432275
v -0.070246 0.540942 -2.674054
v -0.031253 0.521397 -2.676959
v -1.043005 0.223073 0.999333
v -1.019521 0.214337 1.056307
v -1.006327 0.210620 0.993979
v 1.917369 0.386383 -0.563446
v 1.892439 0.406547 -0.583839
v 1.929272 0.398841 -0.589799
v 1.920402 0.363286 -0.719048
v 1.956864 0.347728 -0.723836
v 1.941349 0.373536 -0.699547
v -0.183985 0.498593 -1.881327
v -0.180850 0.503850 -1.835752
v -1.166767 0.835975 1.073477
v -1.182284 0.809246 1.034247
v -1.152993 0.825996 1.008353
v -1.177674 0.582529 -0.212149
v -1.252241 0.576048 -0.265127
v 0.649079 0.237248 0.140335
v 0.720125 0.288629 0.098265
v 0.766009 0.233973 0.081440
v 0.667052 0.356556 0.108336
v 0.753559 0.345370 0.062019
v -0.348466 -0.108162 -0.252139
v -0.306683 -0.107780 -0.235943
v -0.304649 -0.123816 -0.273651
v 0.444764 0.430725 1.119010
v 0.368057 0.433655 1.041582
v 0.405300 0.478583 1.023253
v -0.338599 -0.009648 0.179970
v -0.291923 -0.027611 0.178024
v 0.859008 0.597222 1.256831
v 0.836780 0.587684 1.273482
v 0.828159 0.598976 1.216099
v -2.375347 0.851306 -0.797267
v -2.329270 0.840104 -0.778253
v -0.467893 0.849075 -0.407683
v -0.467208 0.884382 -0.373913
v -0.503550 0.889501 -0.382136
v 0.693554 0.721314 0.767462
v 0.729042 0.673150 0.781992
v 0.715509 0.715306 0.815204
v 0.054051 0.883208 0.089114
v 0.017877 0.890047 0.092091
v 0.026331 0.891972 0.057103
v -0.212307 0.358884 -2.599886
v -0.200585 0.384389 -2.631311
v -0.226368 0.400652 -2.610560
v -0.314279 0.225819 -2.120363
v -0.319026 0.269269 -2.096972
v -0.319202 0.233791 -2.047642
v 0.640291 0.547702 -0.529042
v 0.630563 0.484658 -0.569001
v 0.670395 0.505636 -0.559965
v 0.097998 -0.097778 -0.458564
v 0.098433 -0.080751 -0.501579
v 0.066331 -0.090655 -0.470819
v -0.292217 0.814133 0.372118
v -0.269200 0.822743 0.333906
v -0.258351 0.799690 0.367067
v 0.142126 0.862562 0.053661
v 0.130566 0.859251 0.013778
v 0.156775 0.857602 0.015785
v -0.094221 0.906680 -0.086027
v -0.097152 0.915506 -0.051094
v -0.119690 0.912676 -0.060789
v -0.592668 0.813071 -0.451824
v -0.594718 0.779471 -0.479431
v -0.562062 0.767818 -0.475931
v 0.104670 0.141825 0.664985
v 0.079489 0.210697 0.672738
v 0.132366 0.163045 0.731633
v 0.889923 -0.015206 -0.100343
v 0.896090 0.042534 -0.035564
v 0.967851 -0.019287 -0.142622
v -0.043769 0.615036 -2.194907
v -0.043190 0.618892 -2.234149
v -2.270986 0.828904 -0.569713
v -2.254321 0.849108 -0.596413
v -2.214537 0.808519 -0.561827
v 1.233290 0.432653 -0.685431
v 1.258662 0.463620 -0.668282
v 1.226954 0.474915 -0.648689
v -0.917079 0.785020 0.544030
v -0.874813 0.803317 0.505129
v -0.862722 0.841121 0.544172
v -0.833913 0.142939 0.712811
v -0.821455 0.129515 0.664043
v -0.868160 0.139152 0.680515
v 0.859211 -0.037433 1.069079
v 0.898283 -0.037563 1.093668
v 0.891366 -0.024766 1.047067
v 0.224484 0.554597 -1.232857
v 0.225445 0.552647 -1.198273
v 0.192831 0.588901 -1.208301
v 0.275020 0.844533 -0.076262
v 0.254478 0.842805 -0.102143
v 0.280076 0.833290 -0.112641
v -0.755292 0.565647 -0.014200
v -0.740185 0.665078 -0.055018
v -0.720146 0.625388 -0.018251
v -0.722220 0.696472 -0.566229
v -0.746699 0.714216 -0.566275
v -0.216689 0.839866 0.252494
v -0.193085 0.866801 0.210586
v -0.156557 -0.019984 -0.699294
v -0.105568 -0.002695 -0.714399
v -0.150911 -0.009255 -0.750955
v 0.925779 0.469207 -0.636853
v 0.891735 0.433373 -0.658476
v 0.947097 0.438345 -0.665566
v 0.934996 0.577668 -0.210333
v 0.943791 0.543511 -0.181547
v 0.902071 0.552450 -0.168158
v -1.233490 0.108315 -0.680702
v -1.186785 0.098716 -0.692124
v -1.231417 0.104196 -0.721707
v 2.420764 -0.148697 -0.710726
v 2.384013 -0.146580 -0.738249
v 2.379945 -0.192940 -0.683755
v -0.309009 0.318341 -1.997560
v -1.302818 0.248081 1.603006
v -1.299565 0.272413 1.670003
v 0.249476 0.458748 -1.636747
v 0.278165 0.385211 -1.550790
v 0.271247 0.425082 -1.535796
v -2.368232 0.567927 -0.840393
v -2.408185 0.569110 -0.792946
v 0.153556 0.880673 0.266542
v 0.157112 0.878145 0.298898
v 0.130867 0.872683 0.277954
v -0.070815 0.818495 -0.621238
v -0.035539 0.821718 -0.633012
v -0.049540 0.833705 -0.585669
v 0.859467 -0.002595 1.413600
v 0.890204 -0.006664 1.466410
v 0.909564 -0.006686 1.430713
v 1.440323 -0.162688 1.860557
v 1.440317 -0.175330 1.928535
v 0.241622 -0.077052 0.126370
v 0.245203 -0.080692 0.095783
v 0.202081 -0.070637 0.102530
v 0.253148 0.732140 -0.420146
v 0.227265 0.746922 -0.423157
v 0.246964 0.713734 -0.461071
v -2.434442 0.873028 -0.755663
v -2.442633 0.885419 -0.725729
v -0.261395 0.492722 -0.988918
v -0.281808 0.475877 -0.997541
v -0.256715 0.483581 -1.028582
v 0.156069 0.892894 0.238643
v 0.238757 0.543613 -0.632196
v 0.273910 0.482366 -0.619552
v 0.260507 0.534516 -0.600433
v 1.014313 0.133577 1.046604
v 1.050608 0.194182 1.103777
v 1.025671 0.208995 1.031835
v 0.561913 0.600939 0.083224
v 0.562705 0.628805 0.056367
v 0.582502 0.613701 0.051442
v -0.297220 0.446228 -1.091400
v -0.336338 0.404316 -1.093582
v -0.287010 0.446764 -1.147433
v -0.144077 0.031485 -1.146668
v -0.141692 0.034646 -1.187241
v -2.102982 0.846054 -0.600690
v -2.139637 0.824601 -0.580146
v 0.969361 0.515921 1.238715
v 0.946677 0.517803 1.201216
v 0.969022 0.485228 1.207485
v 0.554066 0.447047 1.231388
v 0.510680 0.386077 1.244491
v 1.524735 -0.087112 2.187531
v 1.550335 -0.029064 2.227654
v 1.553272 -0.090208 2.160291
v 0.077685 0.823043 -0.624032
v 0.054764 0.829211 -0.613638
v 0.049473 0.818409 -0.693543
v -2.278491 0.871401 -0.631467
v -0.525032 0.023040 0.467290
v -0.484728 0.010051 0.430113
v -0.523811 0.011901 0.417544
v 0.074761 0.637439 -2.033902
v 0.049777 0.642709 -2.089984
v 0.084111 0.622303 -2.090429
v 0.730821 0.563563 1.185696
v 0.708890 0.559425 1.183952
v 0.723554 0.585658 1.152654
v -1.113568 0.125840 -0.525843
v -1.141458 0.130216 -0.557125
v -1.164613 0.145836 -0.527089
v -0.544033 0.135527 0.692529
v -0.607918 0.126466 0.687550
v -0.629757 0.147665 0.724569
v 0.151725 -0.086317 -0.179631
v 0.145399 -0.058402 -0.138094
v 0.181248 -0.071951 -0.157472
v -1.771583 0.391486 -0.647188
v -1.751309 0.372736 -0.668547
v -1.789976 0.381678 -0.687308
v 0.049336 0.659307 -1.619387
v 1.392845 -0.163314 2.036069
v 1.337404 -0.174457 1.993693
v 1.367704 -0.148537 2.059644
v 1.064680 0.395314 1.294615
v 1.107406 0.354003 1.311281
v 1.096946 0.374289 1.334907
v -1.052899 0.236823 1.223099
v -1.081667 0.242900 1.277876
v -1.020283 0.273394 1.235059
v -1.266918 0.790126 1.298348
v -1.273543 0.796016 1.354808
v -1.271847 0.768652 -0.421301
v -1.249180 0.796423 -0.424610
v -1.266658 0.739167 -0.387024
v -0.154366 -0.031941 -0.583482
v -0.137052 -0.032041 -0.541659
v -0.094905 -0.013271 -0.596844
v 0.200602 0.070232 0.496013
v 0.159652 0.072336 0.481704
v 0.156525 0.071964 0.519432
v 0.300645 0.404296 -0.927184
v 0.287307 0.402985 -0.841856
v 0.280809 0.477995 -0.916489
v 1.798869 -0.103637 -0.529141
v 1.785624 -0.097868 -0.565363
v 1.742269 -0.108780 -0.516689
v 0.015169 0.684401 -1.041862
v 0.006166 0.673330 -1.068835
v 0.037194 0.677111 -1.089622
v 0.281042 0.857104 0.181335
v 0.300527 0.825722 0.146692
v 0.302416 0.838848 0.179934
v -1.056351 0.073801 -0.612825
v -1.016020 0.083120 -0.643248
v -1.066023 0.074117 -0.649534
v -0.767269 0.913448 -0.301385
v -0.791472 0.902710 -0.283293
v 1.859496 0.404051 -0.681313
v 1.904408 0.408041 -0.657076
v 1.264136 0.521285 -0.611706
v 1.249603 0.548045 -0.578221
v 1.228094 0.520003 -0.607418
v -0.327013 0.617433 0.591397
v -0.307372 0.661423 0.548856
v -0.283873 0.604646 0.575632
v -0.687480 0.832782 0.349470
v -0.668615 0.848787 0.372628
v -0.688631 0.841523 0.379885
v -0.395137 0.890548 -0.067949
v -0.407626 0.880648 -0.020447
v -0.426623 0.882465 -0.040173
v 0.075837 0.640336 -1.732702
v 0.039598 0.645277 -1.739359
v -0.158951 0.873626 -0.314038
v -0.177923 0.869817 -0.345674
v -0.136315 0.881513 -0.334602
v -1.007126 0.094348 -0.443271
v -1.023930 0.091792 -0.407673
v -0.990343 0.078777 -0.391491
v -1.030777 0.781888 -0.263581
v -1.010712 0.820586 -0.291642
v -1.007013 0.775005 -0.250568
v -0.439141 0.786180 0.476743
v -0.409200 0.798206 0.439910
v -0.406320 0.781530 0.473937
v 0.090881 0.022799 -0.953900
v 0.029425 0.025695 -0.934896
v 0.058037 0.020846 -0.914785
v -1.278303 0.761731 1.588689
v -1.300519 0.764583 1.568796
v -1.266210 0.761832 1.552415
v 2.090910 -0.139814 -0.664465
v 2.104743 -0.123577 -0.709801
v 2.061846 -0.110396 -0.694927
v -1.231300 0.559679 -0.872192
v -1.207951 0.591792 -0.852083
v -1.246939 0.627494 -0.846313
v 0.194490 0.455940 -2.182525
v 0.189916 0.508953 -2.156237
v 0.181974 0.511389 -2.221883
v -1.130235 0.266755 1.403875
v -1.071555 0.295263 1.348001
v -1.114104 0.252658 1.338749
v -0.602085 0.837385 0.452661
v -0.597722 0.846145 0.420457
v -0.573964 0.822238 0.443555
v 0.256132 0.052396 0.703926
v 0.203603 0.066823 0.680249
v 0.224066 0.065226 0.748721
v -1.117210 0.624363 1.476355
v -1.114772 0.531646 1.513441
v -1.152780 0.620508 1.567377
v -0.896341 0.127416 0.646428
v -0.922164 0.107639 0.609158
v -0.137155 0.562951 -2.472588
v -0.117237 0.580409 -2.495266
v -0.121076 0.574234 -2.442978
v 0.166900 0.709791 -0.689710
v 0.152707 0.748043 -0.628124
v 0.140765 0.761478 -0.677342
v 0.463722 0.680001 -0.401853
v 0.484535 0.688077 -0.394492
v 0.472099 0.700845 -0.384286
v -0.598862 0.708343 0.115078
v -0.631575 0.665590 0.127394
v -0.641139 0.621111 0.097682
v 2.300285 -0.182730 -0.716538
v 2.325786 -0.161317 -0.739726
v 2.252550 -0.159671 -0.739744
v 1.562981 -0.095859 -0.673289
v 1.577886 -0.110108 -0.638833
v 1.620444 -0.100013 -0.658262
v -1.347432 0.734962 1.665867
v -1.338411 0.729340 1.691549
v -0.303480 -0.093910 -0.201796
v -0.261030 -0.106216 -0.236739
v -0.585452 -0.006675 0.088616
v -0.535688 -0.014976 0.067866
v -0.589692 -0.017039 0.032020
v 0.786459 0.690604 -0.286589
v 0.762473 0.711429 -0.284907
v 0.779876 0.709055 -0.339288
v -1.382816 0.702585 1.795665
v -1.427283 0.684254 1.833510
v -1.419006 0.709796 1.799541
v 0.950186 -0.025074 1.359492
v 0.941818 -0.033593 1.299197
v 0.888856 -0.016057 1.301899
v -0.048840 0.860388 -0.231699
v -0.016872 0.858453 -0.232923
v -0.023841 0.869832 -0.198685
v 1.647047 -0.050161 -0.383128
v 1.705285 -0.042711 -0.382884
v 0.170444 0.683568 -0.770267
v 0.175522 0.683676 -0.736543
v 0.148820 0.719919 -0.756572
v -0.755117 0.507522 -0.713871
v -0.989592 0.836896 -0.302893
v -1.009578 0.858977 -0.331626
v -0.985844 0.064931 -0.344814
v -0.963291 0.064502 -0.374779
v -0.537975 -0.059262 -0.421680
v -0.495929 -0.064858 -0.468681
v -0.559008 -0.053071 -0.449496
v 0.732529 -0.088665 -0.474075
v 0.775302 -0.093537 -0.458195
v 0.769408 -0.089688 -0.501995
v -1.119821 0.825040 0.887615
v -1.106179 0.825528 0.839414
v -1.086524 0.840030 0.879207
v -0.126427 0.570315 -1.024695
v -0.134993 0.556436 -1.056886
v -0.109605 0.572673 -1.077690
v -1.687920 0.224292 -0.822960
v -1.701345 0.241980 -0.803367
v -1.666208 0.226174 -0.800942
v 2.087012 0.258998 -0.755155
v -0.914060 0.143457 0.695166
v -1.331397 0.730045 -0.781702
v -1.350311 0.702652 -0.819166
v -0.169988 0.623138 -0.818345
v -0.185442 0.594854 -0.847975
v -0.147283 0.621835 -0.859686
v -0.244298 0.110186 -1.714411
v -0.254524 0.144931 -1.824100
v -0.283999 0.151118 -1.765445
v -0.068666 0.849269 0.250633
v -0.063715 0.830416 0.287293
v -0.108214 0.830041 0.275322
v -0.066092 0.144860 -1.876923
v -0.065840 0.152572 -1.914473
v -0.105122 0.137918 -1.902608
v 0.046570 0.006506 -0.838173
v 0.042345 0.015360 -0.879296
v 1.310196 -0.108024 -0.417382
v 1.343087 -0.098181 -0.383346
v 1.373219 -0.115320 -0.421658
v -0.113633 0.068726 -1.641506
v -0.069464 0.087077 -1.625585
v -0.083264 0.093783 -1.666635
v 0.568253 0.780362 -0.170407
v 0.544376 0.791491 -0.177422
v 0.563346 0.783189 -0.202569
v 0.187392 0.691022 -0.594575
v 0.200745 0.643592 -0.634748
v 0.208156 0.660692 -0.578480
v 1.644237 0.458805 -0.528752
v 1.676997 0.478288 -0.549980
v 1.686103 0.454500 -0.519006
v 1.230328 0.285230 1.960863
v 1.289069 0.304395 2.005279
v 1.056641 -0.111807 -0.580920
v 1.073433 -0.107597 -0.615085
v -1.021358 0.082176 -0.364933
v -1.048827 0.100751 -0.415535
v 0.814281 -0.094362 -0.282862
v 0.852597 -0.090736 -0.324876
v -0.504986 0.798600 0.461730
v -0.531722 0.811554 0.448697
v -0.477285 0.810561 0.435595
v -1.145210 0.775979 1.296578
v -1.143420 0.809769 1.246212
v -1.107746 0.762333 1.242883
v -0.983515 0.828257 -0.595202
v -0.956893 0.815763 -0.585276
v -0.977340 0.846471 -0.572363
v 1.153207 -0.062724 1.582512
v 1.117771 -0.050519 1.603486
v 1.149266 -0.063592 1.638456
v 0.670555 -0.077477 -0.352265
v 0.608140 -0.076138 -0.325092
v 0.657925 -0.069768 -0.292384
v 1.077008 0.226888 1.846923
v 1.037461 0.173033 1.821736
v -0.506852 0.013352 0.158722
v -0.569860 0.004180 0.141954
v -0.543773 0.019561 0.196408
v -0.572442 0.768475 0.007917
v -0.602811 0.729691 0.017146
v -0.595629 0.772086 -0.023222
v -1.231553 0.722434 1.611452
v -1.243299 0.710841 1.652221
v -1.259519 0.740067 1.620090
v -0.377596 0.106289 -0.932807
v -0.419075 0.173906 -0.899240
v -0.300250 0.670624 -0.611170
v -0.333227 0.678920 -0.583734
v -0.323790 0.639194 -0.633687
v -0.190146 0.914649 -0.058823
v -0.208242 0.919855 -0.012056
v 0.625421 0.371217 0.162589
v 0.632876 0.426881 0.115160
v -0.778631 0.643356 -0.635254
v -0.806381 0.620187 -0.655639
v 0.650216 0.721254 -0.127223
v 0.658725 0.730217 -0.179573
v 0.678111 0.712866 -0.162147
v 0.284668 0.827384 -0.144237
v 0.273734 0.823272 -0.170652
v -0.280351 -0.088100 -0.458384
v -0.278959 -0.077504 -0.505776
v 0.376381 0.224881 -0.651978
v 0.330053 0.214470 -0.690040
v 0.362566 0.125820 -0.630220
v -0.140725 0.918541 -0.025992
v -0.124262 0.917931 0.005509
v -0.156603 0.919903 0.006735
v -0.015598 0.820543 -0.645810
v -0.031306 0.809979 -0.667492
v -1.270563 0.790855 -0.692252
v -1.283042 0.769216 -0.726051
v -1.249152 0.756642 -0.714093
v 0.670243 0.250355 -0.656348
v 0.644807 0.158652 -0.660330
v 0.751393 0.168881 -0.693215
v -1.134591 0.793497 -0.335059
v -1.141537 0.822181 -0.371463
v -1.123879 0.821929 -0.368526
v -1.662320 0.550890 1.711544
v -1.691509 0.522338 1.722020
v 0.063676 0.648355 -1.270356
v 0.086530 0.648680 -1.267247
v -0.773645 0.708747 -0.579048
v -0.779134 0.742034 -0.545878
v -0.122486 0.607557 -0.935145
v -0.096227 0.634387 -0.932511
v -0.127140 0.625060 -0.897275
v -0.669884 -0.020405 -0.246557
v -0.657696 -0.027086 -0.201586
v -0.638580 -0.024122 -0.235988
v -0.486933 -0.056647 -0.286751
v -0.517516 -0.040675 -0.248528
v -1.163274 0.583060 0.592985
v -1.171476 0.623613 0.666217
v -1.192205 0.584784 0.643475
v 0.338804 0.529408 0.867491
v 0.306129 0.538513 0.827903
v -0.188455 0.916265 0.012608
v -0.223329 0.913133 0.022299
v 0.590013 0.090340 -0.637576
v 0.534761 0.188790 -0.630083
v 0.104149 0.668234 -1.098864
v 0.082753 0.670609 -1.105917
v 0.104168 0.666039 -1.135314
v 0.624181 0.722677 0.561236
v 0.632086 0.724261 0.601087
v 0.598131 0.762813 0.574798
v 0.872365 0.574864 -0.163856
v 0.856360 0.603238 -0.175594
v 0.871466 0.606852 -0.195343
v -1.711126 0.472215 1.740875
v -1.706349 0.438330 1.788538
v -1.675560 0.391470 1.710691
v 0.201115 0.730259 -0.513593
v 0.187783 0.759932 -0.489714
v 0.183307 0.734249 -0.540612
v -1.100851 0.639048 1.416676
v -1.134098 0.683410 1.454505
v -0.161463 0.511327 -2.433657
v -0.175956 0.482758 -2.393067
v -1.278152 0.795972 -0.452430
v -1.282724 0.819430 -0.487315
v -1.251579 0.827776 -0.495291
v -1.450612 0.788323 -0.526470
v -1.411462 0.797674 -0.517017
v -1.411408 0.762100 -0.486363
v -0.040457 0.732732 -0.867134
v -0.062107 0.723624 -0.824049
v 0.982935 0.388576 0.934072
v 0.960472 0.394368 0.862875
v 0.980638 0.337357 0.881447
v 0.555421 -0.086291 -0.181510
v 0.590530 -0.078585 -0.199208
v 0.539177 -0.079510 -0.229771
v 0.936264 0.583281 1.408607
v 0.887482 0.580876 1.377409
v 0.218904 0.461436 -1.802738
v 0.203977 0.424659 -1.880705
v 0.181617 0.526056 -2.099969
v 0.180001 0.540343 -2.044173
v -0.071114 -0.004494 -0.669676
v -0.055753 0.003211 -0.735790
v 0.003973 -0.043633 -0.248603
v 0.039909 -0.042333 -0.214379
v 0.055564 -0.077392 -0.266804
v 1.550818 0.499521 -0.563292
v 1.524732 0.502693 -0.550958
v 1.531318 0.497492 -0.589392
v 1.186423 0.057032 -0.149393
v 1.210762 0.118624 -0.163173
v 1.251423 0.074382 -0.194379
v 1.431040 0.446019 -0.675680
v 1.452029 0.401410 -0.721045
v 1.459051 0.434587 -0.690471
v -0.424595 0.892590 -0.116280
v -0.442083 0.881683 -0.075426
v -0.457231 0.880898 -0.103700
v -1.223841 0.840536 -0.485881
v -1.193337 0.854253 -0.481128
v -1.222990 0.834757 -0.450570
v -0.499705 0.025759 0.279713
v -0.487662 0.010020 0.313987
v -0.456381 0.010897 0.268832
v -0.301948 0.574505 -0.734031
v -0.283448 0.606860 -0.708328
v -0.314015 0.599549 -0.687348
v -0.264928 0.502903 -0.953157
v -0.236741 0.526332 -0.966356
v -0.277470 0.515879 -0.906690
v 0.666828 0.589283 -0.485724
v 0.690954 0.591272 -0.496990
v 0.047000 0.865749 -0.055059
v 0.019559 0.884182 -0.036690
v -2.155853 0.863669 -0.693192
v -2.176838 0.839489 -0.719037
v -2.146113 0.837095 -0.734055
v 1.689940 -0.113248 -0.490096
v -1.350538 0.801634 -0.488613
v -1.349759 0.815235 -0.520040
v -1.323330 0.831866 -0.523718
v -0.614940 0.762734 -0.502624
v -0.603402 0.005559 -0.605469
v -0.614656 -0.021978 -0.554061
v -0.570822 -0.019237 -0.570888
v -1.096547 0.841189 1.033151
v -1.123296 0.853024 1.060649
v -1.120028 0.841350 1.012410
v 1.280734 0.486491 -0.646070
v 1.290822 0.447480 -0.678619
v -1.133082 0.796907 -0.679262
v -1.171011 0.787771 -0.685603
v -1.164954 0.757626 -0.707149
v -0.931415 0.834573 0.767857
v -0.909253 0.817019 0.778197
v -0.376823 -0.099876 -0.412767
v -0.438063 -0.090175 -0.405717
v 0.167756 0.646518 -0.977877
v 0.171167 0.639102 -1.021414
v 0.194180 0.625978 -0.993326
v 0.166187 0.613993 -1.316323
v 0.147503 0.645362 -1.344780
v 1.504108 0.386908 -0.732474
v 1.485302 0.341470 -0.764484
v 1.515579 0.336699 -0.760211
v 0.027474 0.563164 0.541603
v 0.025033 0.628498 0.506431
v 0.050438 0.617169 0.522164
v 1.374163 0.187557 -0.264763
v 1.460986 0.139155 -0.286115
v 1.373391 0.112623 -0.247616
v 2.392325 -0.165046 -0.514722
v 2.412534 -0.115809 -0.514581
v 2.462452 -0.147359 -0.557002
v 0.663163 -0.018021 0.842721
v 0.623894 0.002380 0.849201
v 0.656764 -0.000506 0.883402
v -0.284219 0.568123 -0.766119
v -0.254351 0.569734 -0.799972
v -0.251422 0.591525 -0.768445
v 0.954796 -0.084042 -0.280378
v 0.982162 -0.061647 -0.233358
v -2.435920 0.840120 -0.636596
v -2.461480 0.846784 -0.668931
v -2.431932 0.865164 -0.654764
v -1.058655 0.873773 -0.431580
v -1.036954 0.878250 -0.461434
v -1.027135 0.875393 -0.410635
v -1.418999 0.848705 -0.656164
v -1.409204 0.849933 -0.619800
v -1.450169 0.847038 -0.644796
v 0.920375 0.182703 0.013883
v 0.848550 0.170570 0.036641
v -0.156328 0.148040 -1.990080
v -0.151581 0.138407 -1.933813
v -0.086366 0.925520 -0.024524
v -0.067146 0.926937 0.000964
v -0.096419 0.919316 0.003860
v -0.614840 -0.029534 -0.104347
v -0.599952 -0.024577 -0.034141
v -0.575195 -0.036959 -0.065320
v 0.211938 0.145394 0.878602
v 0.167526 0.164977 0.809146
v -1.053879 0.127835 0.748976
v -1.017845 0.142738 0.749496
v -1.055575 0.101723 0.698938
v -1.192514 0.158296 -0.500330
v -1.217001 0.168012 -0.529767
v 0.915322 0.532953 1.109966
v 0.887863 0.569125 1.072309
v 0.897731 0.533946 1.051839
v 1.212652 -0.117195 1.938235
v 1.253453 -0.165472 1.940579
v 1.199732 -0.138508 1.896251
v 0.296270 0.797972 -0.274320
v 0.300971 0.780847 -0.293881
v 0.327873 0.801291 -0.281862
v -0.207026 -0.058133 -0.516188
v 1.148371 0.324158 1.348308
v 1.139064 0.312306 1.313320
v 0.400340 -0.102489 -0.248967
v 0.394203 -0.097544 -0.214494
v 0.434436 -0.093251 -0.215859
v -0.142129 -0.039471 -0.494980
v -0.144398 -0.047322 -0.424839
v -0.031723 0.850337 -0.480824
v -0.044538 0.859589 -0.440780
v -0.083153 0.856108 -0.478267
v 0.860717 0.452446 1.530014
v 0.900591 0.477137 1.537111
v 0.889509 0.441821 1.569364
v -0.117918 0.876733 -0.274816
v -0.075369 0.861411 -0.290288
v -0.081986 0.863938 -0.259422
v 1.383249 0.171127 -0.788100
v 1.387747 0.059692 -0.774243
v 1.499367 0.148227 -0.786465
v -1.142420 0.125818 0.615799
v -1.148896 0.165641 0.593760
v -0.782350 0.114463 0.641401
v -0.624171 0.705731 0.673039
v -0.682788 0.753457 0.665668
v -0.637339 0.745553 0.641292
v -0.985373 0.882546 -0.389367
v -1.015968 0.872768 -0.368715
v 0.128824 0.858176 -0.050299
v 0.151551 0.852508 -0.039458
v 0.125037 0.855250 -0.022623
v 0.459524 0.729594 0.317273
v 0.486106 0.729477 0.361905
v 0.458932 0.756916 0.364662
v -1.058387 0.198751 0.859374
v -1.053077 0.217257 0.892013
v 0.307787 0.018790 0.343461
v 0.296602 -0.005475 0.301063
v 0.268778 0.030655 0.324065
v -1.089881 0.817641 -0.339766
v -1.075893 0.860162 -0.391381
v -1.068190 0.823741 -0.334498
v -0.419078 -0.027331 -0.642080
v -0.438165 -0.039731 -0.588081
v -0.359773 -0.059681 -0.592355
v 0.124765 0.750580 -0.853214
v 0.099749 0.766362 -0.878023
v 0.122348 0.718002 -0.887456
v 0.054403 0.134321 -1.655534
v 0.104390 0.132011 -1.608745
v 0.209963 0.763836 -0.392606
v 0.205208 0.760296 -0.426718
v -0.402793 0.817696 0.398331
v -0.428182 0.837756 0.358693
v -0.391826 0.836035 0.368545
v -0.294824 0.909939 0.011185
v -0.321933 0.894448 0.036319
v 0.666220 0.758353 0.745397
v 0.682739 0.709875 0.718768
v 1.525243 0.464102 -0.657751
v 1.549204 0.481138 -0.638879
v 1.529197 0.483808 -0.624278
v -0.642529 0.759113 -0.502156
v -0.619288 0.717781 -0.531221
v -0.958629 0.893122 -0.457900
v -0.912074 0.899554 -0.440707
v -0.946265 0.893440 -0.412739
v -1.414776 0.700142 1.651998
v -1.380619 0.720942 1.635626
v -2.239438 0.498734 -0.607954
v -2.199609 0.448384 -0.637651
v -2.298950 0.510258 -0.644589
v 0.201244 -0.004536 -0.672514
v 0.184712 0.006118 -0.727087
v 0.155629 -0.020752 -0.683577
v 1.542822 0.344713 -0.756058
v 1.549628 0.291518 -0.780360
v 0.516295 0.700186 0.339646
v 0.522673 0.717399 0.385905
v 0.006373 0.770031 -0.849955
v 0.003460 0.769495 -0.803557
v -0.018138 0.753998 -0.860723
v 0.127308 0.555965 0.634084
v 0.144137 0.514564 0.673718
v -0.212981 0.546026 -0.975492
v 0.842410 0.372098 1.581744
v 0.797733 0.370380 1.539855
v 0.824772 0.422747 1.526233
v 0.877149 0.394592 1.600651
v 0.305113 0.520414 -0.585240
v 0.288109 0.587373 -0.563371
v 0.279261 0.550531 -0.584939
v 0.231795 -0.012822 -0.627118
v 0.247138 -0.039585 -0.554333
v 0.294581 0.014980 -0.618496
v 0.301209 0.438789 -1.163616
v 0.294148 0.447562 -1.258573
v 0.321366 0.388134 -1.202430
v 1.293744 -0.117094 1.729912
v 1.365559 -0.119251 1.725533
v 1.307386 -0.102698 1.685317
v 0.299332 0.864991 0.361579
v 0.274296 0.879954 0.353842
v 0.264858 0.890468 0.302407
v -1.024852 0.479702 1.308997
v -1.034218 0.372564 1.330701
v -1.071351 0.437945 1.421248
v -0.980849 0.057484 -0.307317
v -0.956971 0.049826 -0.279262
v -0.952611 0.052442 -0.334710
v 0.537865 0.034745 1.093065
v 0.581091 0.021868 1.081189
v 0.532082 0.033693 0.993786
v 0.081253 0.654546 -1.385918
v 0.114067 0.652067 -1.362138
v 1.041208 -0.022181 -0.185673
v -1.108011 0.821576 -0.357103
v 0.302031 0.772373 -0.317180
v 0.524687 0.764159 0.460132
v 0.533559 0.726574 0.431028
v 0.550204 0.741353 0.470434
v 1.612411 -0.071049 -0.393874
v 1.613358 -0.113649 -0.446721
v 1.582837 -0.096037 -0.425175
v -0.145188 0.522257 -1.639956
v -0.171244 0.496149 -1.668583
v -0.138746 0.536187 -1.733609
v -0.650408 0.061478 0.569684
v -0.689384 0.068206 0.563530
v -0.681858 0.083068 0.615580
v 1.299010 -0.182899 1.963870
v 1.337279 -0.188507 1.954436
v -0.464914 0.049435 -0.738338
v -0.487656 0.108220 -0.759747
v -0.543232 0.095788 -0.721304
v -0.251398 0.185672 -2.178135
v -0.295389 0.203384 -2.159163
v -0.667105 0.807822 -0.470693
v -0.654553 0.847452 -0.440503
v -0.853900 0.111203 0.125666
v -0.833452 0.049844 0.164301
v -0.803972 0.068729 0.081570
v -1.128832 0.855264 -0.475542
v -1.160622 0.857699 -0.486151
v 1.812336 0.283329 -0.429267
v 1.765511 0.314072 -0.442300
v 1.814338 0.332026 -0.469864
v -0.308630 0.147326 -1.567493
v -0.303502 0.157290 -1.688851
v -0.322199 0.189761 -1.621010
v -0.957925 0.060023 0.315232
v -0.942678 0.048750 0.339749
v -0.913638 0.046139 0.290075
v 2.344682 0.076659 -0.797770
v 2.272247 0.084258 -0.793483
v 2.341098 0.039564 -0.805870
v -1.014849 0.840752 -0.604466
v -1.035873 0.859820 -0.603831
v -1.033355 0.823292 -0.624791
v -0.006173 0.085948 -1.414939
v -1.092781 0.173809 0.844889
v -1.111141 0.195659 0.882868
v 0.631841 0.524282 1.189137
v 0.671893 0.536915 1.194526
v 0.605432 0.498838 0.121719
v 0.581562 0.537023 0.172096
v 0.565569 0.570687 0.133768
v 0.919816 -0.108501 -0.596576
v 0.963479 -0.089871 -0.621158
v 0.918382 -0.087209 -0.635318
v 0.407695 0.044339 -0.573156
v 0.339223 0.054551 -0.608355
v -1.095189 0.604066 -0.794663
v -1.057995 0.596854 -0.777617
v -1.262210 0.210551 -0.425225
v -1.222010 0.176505 -0.463959
v -1.273754 0.205581 -0.467746
v 0.820216 -0.001014 1.353689
v 0.785119 0.008214 1.400229
v -0.228552 -0.104850 -0.273677
v -0.214802 -0.088887 -0.237749
v -0.936217 0.634322 -0.700190
v -0.895586 0.614477 -0.696167
v -0.931482 0.674395 -0.672557
v -1.112342 0.801163 0.803905
v -1.144199 0.748686 0.784899
v -1.111217 0.766696 0.765587
v -0.032338 0.181164 0.568315
v 0.005596 0.139589 0.539088
v -0.078643 0.136208 0.502035
v -0.913281 0.576299 -0.737102
v -0.933391 0.599475 -0.723978
v -0.927158 0.573498 -0.745141
v -0.206671 0.445566 -1.993649
v -0.201346 0.459604 -1.954092
v 0.142758 0.806002 -0.325732
v 0.154529 0.802473 -0.366272
v -1.040978 0.587290 1.285368
v -0.995846 0.532250 1.216416
v 1.041961 0.442845 -0.664338
v 1.042087 0.489622 -0.616880
v -0.511227 -0.061081 -0.155996
v -0.470768 -0.067382 -0.172199
v -0.506071 -0.051386 -0.201602
v -1.948933 0.858423 -0.626064
v -2.000235 0.851459 -0.617615
v -2.020547 0.870903 -0.657369
v 0.475785 0.003839 0.428864
v 0.468117 -0.006795 0.359989
v 0.434935 -0.004035 0.394480
v 0.161974 0.617892 0.635816
v 0.188492 0.685916 0.613795
v 0.216684 0.655051 0.654666
v -0.620092 0.558503 -0.643758
v -0.642260 0.570865 -0.635434
v -0.642821 0.529594 -0.666119
v -0.330589 -0.066097 -0.046140
v -0.361231 -0.070148 -0.037490
v -0.657412 0.617374 -0.613231
v -0.671179 0.573376 -0.638934
v -0.224326 0.426351 -2.503192
v -0.243711 0.401064 -2.466915
v -0.242565 0.399721 -2.508237
v 0.629240 0.635868 -0.443367
v 0.595329 0.612906 -0.454128
v 0.616421 0.602545 -0.474368
v -0.654156 0.915999 -0.322310
v -0.690626 0.917747 -0.333035
v -0.653974 0.915703 -0.355566
v -0.009877 0.815732 -0.669764
v -0.015485 0.812875 -0.690197
v 0.740991 0.611840 -0.098438
v 0.749131 0.632121 -0.138957
v 0.769122 0.596029 -0.106889
v -1.763471 0.276102 -0.805210
v -1.848410 0.304668 -0.815025
v -1.793403 0.302812 -0.778205
v 1.789835 0.370932 -0.729321
v 1.751782 0.376041 -0.735257
v 1.778654 0.338585 -0.742450
v 1.716731 0.294672 -0.417744
v 1.721155 0.357001 -0.456559
v -0.028242 0.171690 -1.920596
v -0.059739 0.164367 -1.944240
v 0.443218 0.584270 0.904933
v 0.481244 0.613350 0.903374
v -0.200766 0.483755 -1.272018
v 0.600548 -0.085652 -0.424041
v 0.645367 -0.082771 -0.445226
v -0.949961 0.749844 0.549407
v -0.956417 0.760808 0.570712
v -0.968542 0.739129 0.542121
v -1.245376 0.690316 1.686192
v -1.268085 0.713084 1.674442
v 1.104738 0.487010 1.478638
v 1.117524 0.460397 1.459169
v 1.040182 0.397291 1.211112
v 1.054078 0.344841 1.171619
v 1.086254 0.321984 1.222442
v 0.107901 0.818458 -0.433358
v -0.643429 0.901276 -0.387543
v -0.637027 0.881020 -0.414393
v -0.612816 0.906092 -0.394366
v -0.245616 0.864218 -0.318593
v -0.250190 0.879935 -0.289559
v -0.296328 0.879872 -0.287481
v 1.008949 0.188410 -0.038787
v 0.953423 0.313789 -0.042092
v -0.078894 0.013362 -0.878455
v -0.122137 0.003019 -0.831857
v -0.104678 0.042906 -1.530274
v -0.088235 0.052562 -1.562550
v 1.458638 0.109365 2.252533
v 1.522536 0.058757 2.258955
v -0.196008 0.812243 0.321336
v -0.165200 0.802464 0.333555
v -0.196312 0.792555 0.352716
v 0.062367 0.675072 -1.104199
v 0.053014 0.669319 -1.142186
v -0.936129 0.850909 0.689551
v -0.955532 0.830269 0.652091
v 0.068429 0.864357 -0.031124
v 0.076300 0.860116 -0.065359
v -0.237989 0.419945 -1.478598
v -0.777773 0.846589 -0.208139
v -0.750739 0.861608 -0.211290
v -0.758218 0.829153 -0.179470
v 0.714468 0.597039 0.547263
v 0.695525 0.636521 0.580471
v 0.681883 0.637854 0.543154
v 0.073166 0.663765 -1.582014
v 0.081571 0.666784 -1.537818
v 0.055781 0.671442 -1.540782
v 0.573679 0.025450 0.845649
v 0.517646 0.037165 0.830140
v 1.130227 0.289421 1.275274
v 1.128987 0.247292 1.238604
v -1.096893 0.088613 0.575379
v -1.056831 0.076213 0.601777
v -1.061372 0.082882 0.559345
v -0.483109 0.288444 -0.784432
v -0.457646 0.238055 -0.848387
v -0.441984 0.293832 -0.867054
v 1.202437 0.305098 1.437344
v 1.174692 0.347407 1.450365
v 1.178369 0.327136 1.416972
v -1.458612 0.484471 1.342172
v -1.461208 0.539468 1.428535
v -1.509912 0.470533 1.446682
v -1.474384 0.842444 -0.612191
v -1.501910 0.843669 -0.647233
v -0.246344 0.409929 -1.543284
v -0.209526 0.453800 -1.595425
v -0.224017 0.435657 -1.534052
v -1.530048 0.734895 -0.829798
v -1.470407 0.719037 -0.821082
v -1.518878 0.760558 -0.806021
v -0.279138 0.411191 -1.314858
v 0.571641 0.804851 0.613591
v 0.581783 0.790190 0.593200
v -0.181812 0.471929 -2.120800
v -0.160370 0.500850 -2.195168
v 0.189863 0.654947 -0.698666
v 0.213732 0.602670 -0.669801
v 0.516634 0.641572 0.899712
v 0.509587 0.609713 0.941773
v 1.519299 -0.121105 -0.566145
v 1.542918 -0.116625 -0.609289
v 1.499671 -0.115371 -0.596512
v 0.924881 0.484542 0.918771
v 0.897146 0.505341 0.871025
v 0.923170 0.474471 0.864881
v -0.242277 0.822742 0.274861
v -0.249659 0.846005 0.237593
v 0.667507 0.646781 -0.434543
v -0.687541 0.636225 0.144188
v -0.698733 0.570866 0.118271
v -0.663483 0.631003 0.129867
v -0.007358 0.605164 -1.265849
v 0.008474 0.619340 -1.231280
v -0.020822 0.595541 -1.238041
v 0.116408 0.637203 -1.270389
v -1.320168 0.585378 1.848589
v -1.289803 0.539782 1.827191
v -1.327806 0.518819 1.865211
v -0.830920 0.090599 0.536115
v 1.549390 -0.107841 2.091599
v 0.111552 0.627119 -1.754519
v 0.149151 0.606360 -1.724632
v -0.305705 0.141550 0.583623
v -0.229300 0.202129 0.592212
v -0.238153 0.122640 0.535373
v -2.410942 0.848958 -0.796058
v -2.445591 0.832071 -0.780372
v 0.164727 0.800610 -0.306260
v -1.343107 0.232496 -0.550393
v -1.308881 0.212363 -0.544648
v -1.329193 0.210831 -0.587317
v -1.267656 0.643986 1.767380
v -1.306440 0.673352 1.789279
v -1.285866 0.682247 1.760950
v -0.853299 0.029622 -0.299528
v -1.383019 0.685117 1.489328
v -1.370545 0.712690 1.534790
v -2.159539 0.595762 -0.531692
v -2.152489 0.537999 -0.546610
v -2.223459 0.581581 -0.549333
v -0.209469 0.434796 -2.597802
v 0.244763 0.524418 -0.771215
v -1.067831 0.229234 0.950030
v 0.101464 0.003515 -0.834165
v 0.157345 0.016479 -0.829298
v 0.134713 0.014431 -0.873154
v -0.184077 0.719531 -0.664121
v -0.214098 0.717297 -0.629553
v -0.215906 0.696355 -0.660914
v 0.645863 0.778573 0.723836
v 0.646789 0.783384 0.768489
v -1.379127 0.810558 -0.525458
v -1.359303 0.827860 -0.554067
v -0.148001 0.828462 -0.496941
v -0.121088 0.846658 -0.485402
v -0.132772 0.853466 -0.460237
v -0.065972 0.561221 -1.275857
v -0.078686 0.558703 -1.235700
v -0.099654 0.539226 -1.257439
v 1.075613 0.079708 1.193054
v 1.053272 0.037704 1.198788
v -2.495936 0.772749 -0.743586
v -2.496352 0.719331 -0.730679
v -2.487934 0.712731 -0.674116
v -2.498997 0.708523 -0.697077
v 0.341111 0.059988 0.709041
v 0.370531 0.066940 0.683852
v 0.327242 0.062728 0.666824
v -1.477606 0.821771 -0.570501
v -0.228152 0.550320 -0.912478
v -0.247260 0.553900 -0.848149
v -0.271572 0.543223 -0.851430
v 0.153350 0.614317 -1.280393
v 0.195890 0.586283 -1.288394
v 0.243297 0.520738 -1.381946
v 0.239631 0.533540 -1.345627
v -0.021177 0.657264 -1.998121
v 0.015705 0.661252 -2.045027
v 0.007925 0.665769 -1.964672
v -0.031787 0.584243 -1.287254
v 0.002891 0.610097 -1.297308
v 0.347556 0.718972 -0.403591
v 0.384684 0.701571 -0.407872
v 0.373735 0.737518 -0.377554
v 1.862732 0.369384 -0.708473
v 1.859502 0.333077 -0.729004
v 1.891880 0.355543 -0.718955
v -0.916516 0.728573 0.908215
v -0.955735 0.750514 0.948232
v -1.286456 0.752173 1.626333
v 0.074943 -0.008235 -0.081807
v 0.047826 -0.016732 -0.144644
v 0.006392 0.016862 -0.107503
v -0.316730 0.232650 -1.661113
v 2.031034 -0.006408 -0.400293
v 2.026791 0.082000 -0.403126
v 0.645718 0.260553 0.325585
v -0.984634 0.144347 0.727605
v -0.950585 0.145162 0.708509
v -0.988036 0.117642 0.676256
v 0.883291 0.602461 1.104062
v 0.910264 0.587953 1.166178
v 0.880667 0.612706 1.141508
v -0.025021 0.742392 -0.908939
v -1.305086 0.750879 -0.749895
v -1.289449 0.718469 -0.782643
v 1.577877 0.476657 -0.654724
v 1.585386 0.463639 -0.680892
v 1.612377 0.470736 -0.654023
v -2.046347 0.437803 -0.909985
v -2.165426 0.433096 -0.875256
v -2.004490 0.367171 -0.881873
v 1.084553 -0.038523 1.632897
v 1.049868 -0.028623 1.659420
v 1.082725 -0.039709 1.682143
v 1.639418 0.116092 -0.340226
v 1.549728 0.132037 -0.319231
v 1.554560 0.205314 -0.342123
v -0.133669 -0.003712 0.269534
v -0.100337 -0.000050 0.232104
v -0.158008 -0.013684 0.227052
v 1.518908 -0.015072 1.858438
v 1.488353 -0.044484 1.771079
v -1.431811 0.704403 1.695716
v -1.457114 0.708923 1.741957
v -1.444565 0.769590 -0.778305
v -1.440347 0.808773 -0.736655
v -1.475386 0.798103 -0.747552
v -1.097431 0.104142 0.728653
v -1.080719 0.139550 0.787157
v -0.490023 0.873587 -0.086129
v -0.514006 0.841308 -0.045974
v -0.521976 0.861870 -0.078802
v 0.995338 -0.106130 -0.523253
v 1.017364 -0.097269 -0.466702
v 0.648998 0.010767 0.586031
v 0.715640 0.045895 0.605612
v 0.675354 0.066140 0.538380
v 0.075933 0.652494 -1.618381
v -0.166633 0.439351 0.585629
v -0.240726 0.423046 0.613271
v 0.925746 0.088987 0.883385
v -0.155318 0.527014 -1.846943
v -0.185313 0.489706 -1.779302
v 0.098396 0.623248 -1.972047
v 0.065050 0.647300 -1.971180
v -0.138275 0.546958 -2.317621
v -0.152492 0.521253 -2.269999
v -0.151448 0.530761 -2.346486
v 0.387148 0.775782 0.034311
v 0.377092 0.787592 0.062249
v 0.367595 0.798444 0.029344
v 0.555541 -0.002326 0.686093
v 0.594330 -0.016706 0.686402
v 0.561410 -0.011652 0.632972
v 2.253923 -0.187107 -0.663273
v 2.218167 -0.184125 -0.614429
v -0.795986 0.855792 0.471882
v -0.766533 0.866959 0.453704
v -0.765617 0.888597 0.494933
v -1.705909 0.363363 -0.654258
v -1.725982 0.346030 -0.700458
v 1.341538 0.287096 2.089109
v 1.355708 0.301453 2.038868
v -1.767520 0.843919 -0.630111
v -1.750033 0.822741 -0.605828
v -1.808938 0.828650 -0.603787
v -0.049727 0.568539 -1.311917
v -0.057875 0.565727 -1.347428
v -0.023543 0.590078 -1.350876
v -0.320225 0.493646 -0.857209
v -0.365050 0.473607 -0.812578
v -0.354914 0.454598 -0.864267
v -1.990918 0.464411 -0.931048
v -2.170668 0.523203 -0.916456
v -0.226094 0.896502 0.154829
v -0.207311 0.888206 0.185367
v -0.242367 0.873391 0.195282
v -0.215119 -0.021505 -0.775538
v -0.173922 -0.007533 -0.798955
v -0.798141 0.801977 0.407452
v -0.757952 0.805764 0.361240
v -0.767461 0.834229 0.406063
v 0.240662 0.572855 -0.912744
v 0.238071 0.575566 -0.887921
v -0.378520 0.851172 0.257560
v -0.351034 0.846194 0.279393
v -0.150456 0.814784 0.296753
v -0.487803 0.733543 0.588800
v -0.467709 0.686399 0.623746
v -0.217048 0.571037 -0.847456
v 0.303877 0.095108 -0.686410
v 0.968846 0.501583 1.562067
v 1.002433 0.487628 1.594759
v 0.959651 0.457445 1.601924
v 0.311303 -0.082373 -0.179758
v 0.269133 -0.076966 -0.135913
v 0.315705 -0.087818 -0.138405
v 0.509244 -0.091609 -0.163685
v 0.471410 -0.089594 -0.190911
v 0.464975 -0.093663 -0.140430
v 0.044442 0.657652 -1.405366
v 0.080874 0.666923 -1.416658
v 1.557649 -0.122150 -0.479694
v 1.546471 -0.098982 -0.431511
v 0.577962 0.637644 0.930098
v 0.599499 0.671891 0.902677
v 0.591511 0.628703 0.956661
v 0.847443 0.484619 0.668278
v 0.872213 0.489250 0.734156
v 0.608498 0.488202 1.241720
v 0.563236 0.501192 1.162373
v 0.597985 0.514039 1.176285
v 0.048138 0.670589 0.492846
v 0.019934 0.663748 0.485722
v 0.031537 0.708852 0.470449
v 0.159475 0.625354 -1.147775
v 0.135164 0.654173 -1.156569
v 0.165505 0.627157 -1.180845
v 0.222146 -0.067562 -0.144783
v 0.223244 -0.085301 -0.184642
v 0.851842 0.604021 1.032928
v 0.334585 -0.098762 -0.099270
v 0.365213 -0.094051 -0.145214
v 0.502775 0.576391 0.980591
v 0.479059 0.547017 1.000069
v 0.457836 0.565013 0.952860
v -1.822563 0.339889 -0.751516
v -1.899699 0.362115 -0.746260
v -1.832944 0.375090 -0.721275
v -0.217568 0.020520 -1.028612
v -0.227663 0.031398 -1.084602
v -0.263530 0.044656 -1.058401
v -0.905453 0.288956 -0.054715
v -0.848362 0.251188 -0.016725
v -0.898120 0.169413 -0.074113
v 0.936700 0.495957 1.129840
v 0.948842 0.481447 1.095260
v 0.964023 0.467369 1.134088
v 0.326155 -0.033365 0.280141
v 0.293756 -0.032430 0.254757
v -1.009081 0.110008 -0.198435
v -1.069114 0.115047 -0.265879
v 1.412887 -0.141571 1.787795
v 1.439904 -0.094794 1.733818
v -0.899333 0.717979 -0.159636
v -0.893236 0.783340 -0.198707
v -0.864181 0.733997 -0.150954
v 1.154470 0.547789 -0.555901
v 1.154882 0.499433 -0.603265
v 1.192341 0.503264 -0.607713
v 0.628235 0.131733 0.128859
v 0.560317 0.090049 0.175820
v 0.595003 0.158011 0.173846
v 0.696560 0.591030 1.137568
v 0.680181 0.568345 1.161710
v 0.641101 0.750140 -0.213754
v 0.324534 -0.060983 -0.463666
v 0.381482 -0.077940 -0.421432
v 0.402524 -0.062816 -0.454805
v 0.136991 0.848353 0.393802
v 0.168609 0.850989 0.400075
v 0.151624 0.838242 0.420141
v -0.691157 0.766638 0.236392
v -0.669686 0.749534 0.212469
v -0.655249 0.790862 0.233404
v 2.185469 0.223902 -0.739369
v 2.217644 0.152588 -0.772552
v 2.233340 0.174763 -0.753443
v -1.158344 0.541102 0.537076
v -0.241834 0.000974 0.373124
v -0.281689 -0.008343 0.363027
v -0.301767 0.008489 0.422405
v 0.707217 0.664499 0.703534
v 0.680172 0.693647 0.669127
v -1.600497 0.329254 -0.627550
v -1.631393 0.360473 -0.600802
v -1.591352 0.345999 -0.593963
v -0.235833 0.405287 -2.563913
v -1.895122 0.878766 -0.666640
v -1.923320 0.888816 -0.696209
v -1.869486 0.880837 -0.701206
v -1.038385 0.795400 0.741808
v 0.377824 -0.103871 -0.032398
v 0.352382 -0.105620 0.006025
v 0.398701 -0.100817 -0.002915
v 0.341449 0.805879 0.039683
v 0.341529 0.801690 -0.000470
v -1.281290 0.123935 -0.680459
v -1.236049 0.127021 -0.642104
v 0.189813 0.500114 -1.969448
v -2.081161 0.783314 -0.549157
v -2.142217 0.784541 -0.553801
v 0.556715 0.777379 -0.138372
v 0.526821 0.794391 -0.134704
v -0.279320 0.321336 -1.685701
v -0.300319 0.273341 -1.700309
v -0.279166 0.313812 -1.749253
v 0.770483 0.689638 -0.377483
v -0.765925 0.020364 -0.354429
v -0.801428 0.024622 -0.340653
v -0.767471 0.016966 -0.318516
v 0.440619 0.825959 -0.123718
v 0.471338 0.820245 -0.135098
v 0.461143 0.808794 -0.103521
v -0.005196 0.874563 -0.167950
v 0.025133 0.863704 -0.172407
v -1.311477 0.754735 1.516454
v -1.309018 0.755837 1.471555
v -1.287722 0.782184 1.482489
v -0.882150 0.736856 -0.617541
v -0.920895 0.782920 -0.598710
v -0.903095 0.727243 -0.630571
v -0.311133 0.239339 -1.755418
v -0.315170 0.233423 -1.824626
v -0.302339 0.275741 -1.824779
v -0.153966 0.527154 -2.402335
v -0.150024 0.538857 -2.454843
v -1.368957 0.630913 1.258337
v -1.351838 0.644621 1.185485
v -1.341717 0.683017 1.269396
v 0.659973 -0.075653 -0.239516
v 0.718479 -0.077991 -0.272965
v 0.015235 0.475064 -2.647648
v -0.023805 0.455977 -2.664821
v 0.155253 0.631634 -1.120586
v 0.185543 0.596225 -1.136560
v 1.056453 0.637126 -0.433288
v 1.083380 0.629670 -0.465424
v 1.101976 0.627428 -0.447585
v 0.618628 -0.016419 0.779936
v 0.598822 0.002762 0.817855
v 0.284221 0.720599 -0.419920
v -1.297287 0.199865 1.144774
v -1.273788 0.206274 1.161476
v -1.268475 0.200446 1.096197
v -0.735982 -0.002116 -0.262215
v -0.724465 -0.011529 -0.222154
v -0.698405 -0.011835 -0.259303
v 0.611551 0.778277 0.773163
v 0.626350 0.766538 0.800014
v -1.016294 0.326068 1.268430
v -0.963443 0.323612 1.182978
v -0.447257 0.860684 0.246057
v -0.429037 0.873563 0.200406
v -0.386949 0.860059 0.203719
v -0.843172 0.874394 0.605209
v -0.845028 0.882884 0.640353
v -0.867066 0.873699 0.641352
v -0.747711 0.128891 0.702045
v -0.788970 0.145026 0.736970
v -0.721185 0.147565 0.739632
v -0.256264 0.082184 -1.506755
v -0.225557 0.063058 -1.498874
v 0.400745 -0.034037 0.290919
v 0.449460 -0.012342 0.273360
v 0.412876 -0.025387 0.235140
v -1.286825 0.683343 -0.356756
v -1.336665 0.658844 -0.371214
v -1.320655 0.706604 -0.395106
v -1.508436 0.791099 -0.766742
v -1.506093 0.822458 -0.724090
v -1.826408 0.780084 -0.843124
v -1.784095 0.794430 -0.819136
v -1.839412 0.829250 -0.801710
v -0.073117 0.030058 -1.022974
v -0.095280 0.015466 -0.971333
v -0.037119 0.036813 -0.997446
v -1.333544 0.374149 0.905307
v -0.002681 0.131568 -1.682964
v -0.026340 0.131209 -1.733823
v -0.052316 0.116623 -1.696686
v -2.287409 0.809787 -0.792454
v 0.765883 0.647782 -0.180254
v 0.789912 0.658047 -0.225693
v 0.801170 0.623082 -0.177679
v -0.104095 0.565648 -2.209985
v -0.116549 0.560892 -2.289202
v -0.771785 0.918090 -0.395697
v -0.715221 0.914099 -0.389018
v -0.728713 0.919690 -0.362440
v 1.378851 0.165210 1.628617
v 1.316234 0.173251 1.539612
v 1.361823 0.099812 1.594864
v 0.941477 0.505934 -0.612811
v 0.909253 0.498511 -0.613777
v 1.023527 0.000947 1.205451
v 1.054509 0.004344 1.248102
v -0.316606 -0.014201 -0.791742
v -0.320755 -0.026544 -0.753968
v -0.279099 -0.026627 -0.777624
v -0.738205 -0.003920 -0.174525
v 1.748707 0.450926 -0.673562
v 1.748105 0.420410 -0.711260
v 1.765147 0.424870 -0.710111
v 0.268051 0.453597 -0.795630
v 0.252946 0.522172 -0.809223
v 0.612454 -0.080702 -0.123260
v 0.663490 -0.075067 -0.133248
v 0.630602 -0.082511 -0.165442
v 1.976783 -0.070097 -0.721334
v 2.021789 -0.084729 -0.715532
v 2.035516 -0.049252 -0.747641
v 0.218960 0.525456 -1.682084
v 0.227792 0.500054 -1.736351
v 1.533408 0.435889 -0.693511
v 1.550179 0.402057 -0.728143
v 1.560243 0.443089 -0.701933
v -1.767565 0.855680 -0.688361
v -1.804321 0.859644 -0.684895
v 2.499547 -0.109282 -0.613139
v 2.478978 -0.167150 -0.609809
v -1.205300 0.171343 0.875897
v -1.218709 0.185566 0.937939
v -1.182296 0.194333 0.944022
v 0.069405 0.050294 0.277611
v 0.108986 0.061657 0.269527
v 1.241969 0.578829 -0.495857
v 1.186029 0.593222 -0.471790
v 1.221254 0.590037 -0.516334
v 1.724575 0.402904 -0.716277
v 1.693139 0.429836 -0.703866
v 1.687603 0.380122 -0.734343
v 0.534837 0.028611 0.335622
v 0.519997 0.044391 0.219826
v 0.493959 0.013203 0.289868
v 0.397556 0.522180 0.962531
v 0.444449 0.516286 1.011322
v 0.439588 0.680920 -0.407139
v 0.462286 0.652976 -0.427851
v 0.989652 0.545410 -0.206553
v 0.952647 0.520409 -0.157604
v -0.299861 0.320046 -1.929367
v -0.269784 0.357733 -1.899153
v -0.285933 0.323302 -1.865663
v 1.057538 0.569584 -0.295979
v 1.060728 0.588760 -0.341507
v 1.083954 0.581262 -0.348154
v -0.138230 0.885093 -0.221836
v -0.104947 0.874521 -0.224665
v -0.117335 0.878100 -0.202629
v 0.803114 0.516457 0.627138
v 0.757235 0.550206 0.578062
v -0.259265 0.386673 -2.115229
v 0.093859 0.605449 -2.196388
v 0.133951 0.593583 -2.164886
v 0.104834 0.608048 -2.134143
v -1.236069 0.747744 -0.366263
v -1.225972 0.809474 -0.412992
v -1.186213 0.131039 -0.595457
v 1.801656 -0.052952 -0.715023
v 1.742670 -0.068852 -0.698320
v 1.760321 -0.086540 -0.661407
v -1.286408 0.647456 0.941432
v -1.291966 0.687582 1.028016
v -1.313120 0.641508 1.022677
v 1.950471 0.300552 -0.464451
v 1.933565 0.231988 -0.416526
v -2.098689 0.610566 -0.526833
v 0.511348 0.718089 -0.004255
v 0.483632 0.741080 -0.010891
v 0.515614 0.748096 -0.042037
v -0.349587 0.762293 0.455505
v -0.325010 0.793663 0.412325
v -0.315432 0.756758 0.441363
v 1.753903 0.008774 -0.362981
v 1.740009 0.066289 -0.352614
v 1.831948 0.025508 -0.373454
v 0.152385 0.573822 -2.204862
v 0.127503 0.569592 -2.261058
v 0.155897 0.547842 -2.245794
v 0.050010 0.220235 -2.139432
v 0.001673 0.206941 -2.098015
v -1.274904 0.683285 -0.818917
v -1.207636 0.709087 -0.753213
v -1.182354 0.698278 -0.765464
v -1.183977 0.729020 -0.738307
v -0.822109 0.017885 -0.272332
v -0.809534 0.013377 -0.225281
v -0.782336 0.006694 -0.261132
v -1.164495 0.125189 0.756233
v -1.140007 0.102534 0.717030
v -1.166764 0.135268 0.685863
v 0.655621 0.747392 -0.256087
v 0.671483 0.744738 -0.295915
v 0.723440 0.728694 -0.278333
v -1.395786 0.372274 1.089729
v -1.356249 0.295177 0.985964
v 1.404880 0.491569 -0.631793
v 0.846773 0.541023 1.389534
v 0.837190 0.565767 1.335364
v 0.861423 0.567860 1.363782
v 0.372368 0.793782 -0.299090
v 0.382634 0.787412 -0.320298
v 0.419090 0.802655 -0.273878
v -0.254287 -0.095584 -0.398106
v 2.462211 -0.026287 -0.756354
v 2.414360 -0.012561 -0.793933
v 2.461601 -0.094183 -0.738374
v -0.127772 0.236012 -2.502630
v -0.203567 0.274707 -2.487656
v -1.228578 0.814965 1.286364
v -1.248729 0.798795 1.263849
v -1.230198 0.809018 1.222188
v -0.957553 0.058999 -0.572193
v -0.996268 0.076484 -0.551371
v -0.944177 0.063733 -0.527404
v -0.549145 0.654132 0.676715
v -0.602103 0.649026 0.707541
v -0.353782 0.891813 -0.269124
v -0.350607 0.904168 -0.239381
v -0.387460 0.898159 -0.250580
v 1.644956 0.369993 -0.745951
v 1.674204 0.342645 -0.755635
v 0.591951 0.397807 -0.600582
v -1.716245 0.661076 -0.524127
v -1.827708 0.659039 -0.536168
v -1.812069 0.725685 -0.546102
v -1.433364 0.727278 -0.810947
v -1.416103 0.688684 -0.836549
v -0.189371 0.008625 -0.987937
v -0.203166 0.006001 -0.954400
v -0.149991 0.002784 -0.958353
v 2.371558 -0.193944 -0.540848
v 2.319812 -0.164304 -0.490718
v -0.057246 0.599365 -1.694657
v -0.083034 0.590479 -1.753904
v -0.038642 0.619102 -1.749050
v -0.198650 0.902212 -0.136775
v -0.239491 0.900055 -0.140655
v -0.223591 0.900083 -0.171824
v 0.651058 0.016056 0.964681
v 0.719215 -0.004545 1.008112
v 0.679709 0.002814 0.936314
v -0.658667 0.866415 0.417174
v -0.664897 0.872332 0.459267
v 1.202117 -0.110778 1.793242
v 1.220677 -0.132280 1.834929
v 1.241189 -0.121471 1.794638
v -0.267856 0.907370 0.112824
v -0.243225 0.901092 0.128450
v -0.279128 0.893470 0.142091
v -0.805783 0.846311 0.648094
v -0.785211 0.863530 0.618736
v 0.108822 0.790812 -0.702383
v 0.092859 0.812536 -0.659833
v -0.854245 0.578869 -0.704511
v 0.012201 0.589555 -2.338495
v 0.055297 0.584572 -2.313583
v 1.653093 0.331316 -0.767172
v 1.690900 0.328415 -0.765109
v 0.711520 0.638795 -0.082866
v 0.683107 0.653631 -0.056203
v 0.678194 0.683188 -0.088377
v 0.099580 0.031101 -1.003509
v 0.134441 0.025303 -0.970881
v -0.287310 0.323706 -1.568758
v -0.271354 0.342318 -1.643853
v -0.261207 0.366272 -1.610590
v -0.417386 0.777588 -0.467317
v -0.409792 0.804948 -0.438596
v -0.438636 0.810020 -0.442234
v -0.140827 0.130453 -1.882683
v -0.163482 0.121179 -1.847602
v -0.117783 0.124421 -1.841077
v 0.197642 -0.133209 -0.307823
v 0.196294 -0.129452 -0.266363
v 0.254813 -0.124806 -0.289915
v -0.137977 0.898969 0.134702
v -0.129406 0.913235 0.098107
v -0.365896 0.353539 -1.089924
v 0.117655 -0.115046 -0.417952
v 0.099817 -0.121644 -0.391845
v 0.154021 -0.127088 -0.378112
v -0.385594 -0.106695 -0.381661
v -1.000441 0.717028 1.030811
v -1.022302 0.777283 1.000081
v -0.982817 0.745681 0.988553
v -2.124711 0.731416 -0.865119
v -2.080686 0.733357 -0.865365
v -2.132688 0.754320 -0.835584
v -1.553562 0.666504 1.846079
v -1.571095 0.670524 1.814590
v -0.058857 0.626350 -1.980080
v -1.435499 0.433646 1.216512
v -1.442683 0.335391 1.245236
v -0.077588 0.590260 -2.382825
v -0.038954 0.596078 -2.355916
v -0.064125 0.599791 -2.324393
v 2.073480 0.338808 -0.574789
v 2.084738 0.348709 -0.626686
v -1.300792 0.237142 1.532283
v -1.283393 0.235913 1.472469
v 0.029292 0.882571 0.184036
v 0.121201 0.323183 0.746409
v 0.167305 0.365673 0.802017
v 0.171119 0.853067 -0.031156
v 0.175729 0.849446 -0.064409
v 0.304811 0.297824 -0.744272
v 0.281958 0.388607 -0.724070
v 0.284663 0.375655 -0.777614
v 2.373906 0.049386 -0.607435
v 2.407583 0.004579 -0.583760
v 2.339730 0.039158 -0.559692
v 0.552269 0.745722 -0.070078
v -1.058419 0.080513 0.648657
v -1.021283 0.090221 0.639494
v -0.072130 0.196052 -2.132932
v -0.040277 0.199334 -2.110448
v -0.022691 0.211298 -2.173114
v 0.053289 -0.041172 -0.624268
v 0.098242 -0.045863 -0.607263
v 0.110772 -0.039767 -0.640083
v -0.357451 0.428359 -0.940706
v -0.351340 0.421281 -0.981888
v -0.321894 0.448330 -0.976511
v -1.340175 0.232309 1.560658
v 0.704625 -0.013212 0.909307
v 0.892285 0.587972 1.284309
v 0.938571 0.580118 1.292984
v 0.452764 0.250395 -0.623505
v 0.543786 0.296162 -0.616683
v -0.308881 0.914418 -0.151989
v -0.277246 0.905738 -0.147599
v -1.248389 0.199904 1.052835
v -1.221407 0.212002 1.079334
v -1.232048 0.195587 0.999992
v -1.575255 0.835419 -0.742735
v -1.552987 0.842598 -0.711631
v -1.599506 0.856426 -0.700895
v 0.558007 0.550398 -0.521762
v 0.508799 0.548359 -0.522838
v 0.806761 0.526291 -0.052851
v 0.787247 0.561998 -0.073599
v -0.345373 0.606673 -0.661314
v -0.379347 0.623414 -0.630225
v -0.374176 0.579605 -0.675685
v 0.937380 -0.092985 -0.337920
v 0.116118 0.071524 0.425344
v 0.068215 0.072906 0.426737
v -0.479022 -0.062239 -0.020122
v -0.469529 -0.076368 -0.076264
v -0.508067 -0.059045 -0.060389
v 0.127806 0.759067 -0.739021
v 0.768232 0.465566 1.425251
v 0.735528 0.427713 1.447995
v 0.734526 0.457579 1.408472
v -1.008823 0.663286 0.473733
v -0.989592 0.693922 0.496972
v -1.029391 0.679825 0.527817
v 0.102654 0.345354 -2.512364
v 0.090618 0.384651 -2.552963
v 0.053796 0.344703 -2.576043
v 0.034979 0.822633 0.375986
v 0.054511 0.828595 0.370696
v 0.054915 0.807806 0.403336
v -1.147429 0.742608 1.348905
v -1.115319 0.689567 1.375465
v -1.147574 0.715628 1.412217
v -0.618613 0.813695 0.552200
v -0.616977 0.828926 0.522685
v -0.037856 0.189532 -2.015030
v -0.043572 0.192439 -2.059379
v -0.072379 0.176772 -2.018407
v 0.545007 0.666382 0.309571
v 0.518380 0.672491 0.288702
v -0.617202 0.785128 -0.059867
v -0.578257 0.812145 -0.060637
v -1.824133 0.445345 -0.945463
v -1.637982 0.396899 -0.942858
v 0.528720 0.804195 -0.151011
v 0.517619 0.810137 -0.169324
v 1.341321 -0.056867 1.629283
v 1.289373 -0.086824 1.641532
v -1.855745 0.522178 -0.552500
v -1.848305 0.587719 -0.538433
v 0.487010 -0.057959 -0.482950
v 0.449970 -0.064588 -0.458939
v 0.519998 -0.078834 -0.438212
v 1.368146 0.297725 1.983504
v 1.364625 0.294089 1.915267
v 1.297366 0.421815 -0.361574
v 1.268580 0.467599 -0.386305
v 1.311522 0.459529 -0.410726
v -0.103296 0.041864 0.369492
v -0.103179 0.067235 0.407970
v -0.045585 0.065118 0.389752
v -2.289312 0.722574 -0.863948
v -2.267446 0.652083 -0.892184
v -2.219462 0.650614 -0.891444
v 1.047412 -0.026898 1.544944
v 1.085729 -0.038157 1.573350
v 1.075989 -0.035406 1.506990
v 0.271462 0.490251 -1.298142
v 0.289295 0.455819 -1.337224
v -0.734236 0.627150 0.170745
v -0.760947 0.602002 0.172255
v 0.669941 0.012886 1.260417
v 0.554115 0.038183 1.192324
v -1.247915 0.840678 -0.613576
v -1.259644 0.818029 -0.649453
v -1.224883 0.821654 -0.644195
v -1.377974 0.755917 -0.462833
v -1.415206 0.714616 -0.457973
v 1.000708 0.452253 1.206853
v 0.977162 0.462259 1.169377
v -0.093312 0.012291 -0.135864
v -0.044037 0.025963 -0.121279
v -0.047200 -0.010289 -0.199377
v 1.268352 -0.120868 1.763137
v 1.018738 -0.108968 -0.555319
v 1.064585 -0.110033 -0.544253
v -0.635366 0.861966 -0.176892
v -0.670284 0.867413 -0.201387
v -0.633352 0.885342 -0.217286
v -1.607475 0.233950 -0.749053
v -1.647557 0.235289 -0.771627
v -1.643906 0.267567 -0.735780
v -0.246307 0.398835 -2.369791
v -0.220939 0.430047 -2.400136
v -0.228786 0.416535 -2.348701
v -0.043246 0.205843 -2.300959
v -0.002858 0.216496 -2.248414
v -0.222487 0.814602 0.304104
v -0.181407 0.813345 0.306035
v 1.232247 0.218872 -0.198848
v 1.265245 0.310678 -0.252134
v 1.311374 0.238005 -0.253446
v 1.385037 -0.114669 -0.603193
v 1.344747 -0.118028 -0.572483
v 1.375550 -0.120230 -0.547657
v -0.761277 0.879484 -0.235965
v -0.793507 0.846830 -0.221995
v -0.791769 0.869629 -0.242062
v -0.695657 -0.028216 -0.461003
v -0.727506 -0.024316 -0.490811
v -0.738873 -0.010948 -0.446429
v -0.821338 0.183217 0.842111
v -0.854032 0.172011 0.801396
v -0.879344 0.184348 0.841092
v 1.054885 0.454394 -0.187717
v 1.095160 0.446576 -0.214425
v 1.674692 -0.115148 -0.518874
v 1.648515 -0.120339 -0.473480
v -0.082100 0.868158 -0.230503
v -0.080183 0.868186 -0.208181
v 0.757546 0.665685 0.919056
v 0.759238 0.662203 0.954939
v 0.735234 0.676674 0.931342
v 0.811068 0.568804 1.294403
v 0.419971 0.748164 0.273648
v 0.434331 0.719412 0.223356
v 0.446913 0.721687 0.261876
v -0.626770 -0.015779 -0.262100
v -0.600664 -0.026584 -0.230009
v -0.565428 -0.046821 -0.097304
v -0.544860 -0.054322 -0.126749
v -0.575163 -0.044774 -0.152538
v -0.107800 0.653271 -0.883052
v -0.070568 0.683160 -0.913169
v 0.870171 -0.109037 -0.586112
v 0.853968 -0.087298 -0.614350
v 0.825644 -0.090205 -0.575750
v 0.106076 0.750256 0.487136
v 0.076089 0.778802 0.438988
v 0.101917 0.793049 0.441806
v -1.227685 0.574298 1.735784
v 0.136602 0.586676 -1.940095
v 0.121566 0.605842 -1.910387
v -0.110380 0.550297 -1.603195
v 1.299526 -0.107595 -0.458104
v 1.257027 -0.096996 -0.426288
v -0.516332 -0.029443 -0.563070
v -0.575191 -0.040978 -0.514140
v 0.410495 0.059270 0.972717
v 0.390596 0.078995 1.058184
v 0.464934 0.055815 1.086342
v 0.163676 0.555754 -2.008955
v 1.381973 -0.185874 1.939879
v 0.718012 0.604573 1.120060
v -0.871173 0.680305 0.901403
v -0.875849 0.742746 0.841387
v -0.070668 0.557542 -1.385190
v -0.093636 0.540037 -1.339884
v 2.138249 -0.141725 -0.718269
v 2.133801 -0.117778 -0.739170
v -0.132341 0.501890 -1.410499
v -0.178463 0.466013 -1.415754
v -0.141733 0.496456 -1.455671
v -1.304049 0.307531 1.735579
v -1.317230 0.352044 1.798796
v -1.266083 0.345888 1.741496
v 0.074901 0.371682 0.658499
v -0.001500 0.320398 0.611643
v -0.673277 0.057381 0.433486
v 0.078543 0.110124 -1.521799
v 0.031188 0.100610 -1.513191
v -0.325167 0.906392 -0.079755
v -0.363162 0.894291 -0.086901
v -0.004583 0.905659 -0.016778
v 0.028195 0.890344 0.002213
v -2.324867 0.843634 -0.585271
v -2.385278 0.845942 -0.607541
v -2.354765 0.862785 -0.613266
v -0.614454 0.048790 0.533539
v -0.571335 0.036587 0.500459
v -0.614197 0.036536 0.479124
v -0.101464 0.802656 -0.636671
v -0.142987 0.779130 -0.622968
v -0.119467 0.774040 -0.659390
v -0.665173 -0.010492 -0.276110
v 0.644411 0.717269 0.871461
v 0.637870 0.686679 0.915782
v 0.621962 0.696814 0.884597
v -0.278357 0.319234 -1.809537
v -2.252719 0.434811 -0.828289
v -0.069694 0.582977 -2.614678
v -0.086079 0.596420 -2.605607
v 0.242699 0.675842 -0.525433
v 0.242382 0.694025 -0.496471
v 0.219963 0.715121 -0.509332
v -0.842497 0.026444 -0.192461
v -0.890641 0.052243 -0.169326
v -0.290801 -0.058091 -0.645386
v -0.298017 -0.063522 -0.604826
v -0.243111 -0.054704 -0.626744
v -0.974713 0.882943 -0.538105
v -0.930259 0.885732 -0.502933
v -0.969582 0.892018 -0.506081
v 0.651422 0.677930 0.544819
v 0.668514 0.645998 0.514147
v -0.485301 0.627567 0.673720
v 0.104872 0.817891 -0.565537
v -0.786323 0.018745 0.187876
v -0.747314 0.006698 0.217757
v -0.742316 0.011009 0.156663
v -0.659753 -0.033744 -0.436721
v -0.650801 -0.029318 -0.402343
v -0.612168 -0.044331 -0.433372
v -0.008195 0.617400 -1.441021
v 0.025318 0.658874 -1.458720
v 0.014237 0.643747 -1.421121
v -0.284397 0.027503 -0.949121
v -0.244498 0.006016 -0.931640
v -0.737115 0.010941 0.094539
v -0.721228 0.005948 0.034330
v -0.756370 0.030631 0.035443
v -0.116038 0.178960 -2.107080
v -0.097250 0.191443 -2.181279
v 1.931478 -0.012743 -0.399062
v 2.065708 -0.083817 -0.434027
v -0.670404 0.666966 -0.594398
v -0.163576 0.519296 -1.958348
v -0.139590 0.540570 -2.036261
v -0.487765 0.887560 -0.146919
v -0.510124 0.894777 -0.168001
v -0.475855 0.905721 -0.174485
v 0.779377 0.067168 1.510178
v 0.806983 0.111510 1.576894
v 0.630295 -0.011387 0.625265
v 0.599689 -0.009027 0.583115
v 0.157584 0.645044 -1.093996
v 0.191437 0.608064 -1.084748
v 0.165810 0.645855 -1.061340
v 0.229201 0.849470 -0.075579
v 0.204736 0.846819 -0.029875
v 0.144738 0.022664 -0.919137
v 0.174631 0.032782 -0.930524
v -0.456199 0.142913 0.668234
v -0.435847 0.192685 0.702781
v -0.371148 0.151026 0.627291
v -0.253116 0.392040 -2.418556
v -0.269935 0.359879 -2.365392
v -1.027867 0.227620 1.122262
v -0.982279 0.218609 1.092934
v 0.587245 0.734229 -0.089750
v 0.574720 0.719762 -0.056507
v -0.397027 -0.089295 -0.253629
v -1.715802 0.508058 1.848719
v -1.676376 0.441219 1.838940
v -1.599814 0.598846 1.920507
v -1.541071 0.608981 1.906165
v -0.260285 0.903584 -0.224812
v -0.235475 0.900187 -0.204426
v 0.058789 0.056618 -1.094004
v 0.086951 0.069495 -1.159887
v 0.027666 0.068313 -1.125645
v 0.800409 0.508251 -0.579473
v 0.813558 0.474775 -0.609127
v 0.836395 0.498937 -0.595709
v 0.610791 0.734996 0.828053
v 0.644057 0.746962 0.830655
v -2.277812 0.598021 -0.899619
v -2.299926 0.561655 -0.886195
v 0.011182 0.034065 0.168328
v -0.046319 0.040846 0.103985
v -0.198483 0.880852 -0.286182
v -0.153980 0.883063 -0.279876
v 0.210539 0.699253 -0.539162
v 0.958817 0.375282 1.684129
v 0.950091 0.414715 1.638600
v 1.712153 0.213324 -0.381610
v 1.659853 0.280533 -0.402567
v 0.001159 0.166799 -1.864901
v 0.003916 0.157087 -1.815415
v 1.130334 0.021007 -0.740096
v 1.157738 -0.054141 -0.695401
v 1.267414 -0.004277 -0.741202
v -2.029744 0.393410 -0.707695
v -1.944486 0.406424 -0.695057
v -1.980743 0.377904 -0.730148
v 1.845779 0.406229 -0.562002
v 0.888624 -0.042308 1.134455
v 0.924700 -0.037795 1.135492
v 1.131458 0.283325 -0.768893
v 1.194130 0.309931 -0.765115
v 1.146547 0.339502 -0.747293
v -1.187489 0.152380 0.813838
v -1.136324 0.143243 0.810257
v -0.006975 0.660131 -1.878795
v -0.023548 0.642091 -1.806998
v -0.642713 0.854713 0.369955
v 0.499714 0.654888 0.192614
v 0.488534 0.659497 0.155378
v 0.524428 0.622894 0.149214
v -0.290164 0.329916 -1.507235
v 0.007132 0.549465 -2.507170
v -0.027813 0.566072 -2.534551
v -0.638574 0.831610 0.274207
v -0.671297 0.824164 0.281197
v -0.641253 0.819827 0.248709
v 0.382058 0.125557 1.126101
v 0.329006 0.117113 1.018191
v -0.178815 0.904318 0.127336
v -0.159284 0.890302 0.143472
v -0.178980 0.890877 0.164180
v -2.169219 0.781126 -0.796186
v 0.289337 -0.099017 -0.389145
v 0.245895 -0.079814 -0.444879
v 0.209155 -0.102117 -0.411431
v -2.422100 0.681304 -0.617298
v -2.465006 0.723883 -0.649405
v -2.431657 0.762000 -0.611000
v -1.157097 0.797319 -0.353510
v -1.146130 0.766790 -0.312799
v -0.615033 0.773918 0.191465
v -0.586987 0.811360 0.198406
v -0.620959 0.805294 0.224942
v 1.415338 -0.110493 2.133832
v 1.337780 -0.109068 2.068995
v 0.693125 0.569180 0.466594
v 0.671041 0.624222 0.474888
v 0.660383 0.603896 0.438135
v 0.565444 -0.009865 0.582211
v 0.530062 -0.000422 0.586001
v -0.142839 0.015429 -0.088336
v -0.187539 0.016181 -0.044272
v -0.109992 0.046790 -0.020782
v -0.984804 0.524509 0.293039
v -1.036959 0.499415 0.333912
v -0.777708 0.093253 0.543686
v -0.900107 0.756761 0.470213
v -0.839114 0.816535 0.473703
v 0.030953 0.662790 -1.928860
v -1.333544 0.722409 1.447285
v -1.317378 0.746456 1.421822
v 0.916170 0.424895 1.606771
v -0.065254 0.877087 -0.353714
v -0.065386 0.866760 -0.319872
v -0.095525 0.884780 -0.334709
v -1.098736 0.217057 0.913968
v -1.142577 0.206318 0.933297
v -0.250074 0.374663 -1.717496
v 0.104317 -0.074262 -0.194475
v 0.125694 -0.100868 -0.216614
v 0.095775 -0.100757 -0.252778
v 1.503168 -0.117755 -0.469161
v 1.504611 -0.126840 -0.519883
v -2.327792 0.476857 -0.712349
v 1.786895 0.428835 -0.680076
v 1.780958 0.443502 -0.628207
v -0.272377 0.367420 -1.516047
v 1.676365 -0.111297 -0.578874
v 1.637163 -0.118792 -0.556418
v 0.573298 0.029764 0.947703
v 0.623921 0.019206 1.005812
v 0.227549 0.156693 -1.363280
v 0.200202 0.161188 -1.487405
v 0.175071 0.134447 -1.460824
v -1.339755 0.634432 1.105274
v -1.342387 0.587081 1.032059
v -0.375337 -0.029144 -0.684150
v -0.433174 0.005069 -0.705265
v 0.011135 0.566135 -2.431260
v -0.006066 0.581717 -2.393047
v -0.040467 0.580899 -2.444862
v 0.108755 0.866097 -0.067895
v 0.083414 0.864220 -0.091205
v 0.892184 0.630250 -0.252900
v 0.919788 0.651853 -0.290852
v 0.928286 0.618368 -0.245543
v 0.232631 0.558177 -1.304463
v 0.256083 0.524411 -1.315623
v 0.108815 0.213657 -1.894611
v 0.074668 0.202992 -1.951028
v 0.290947 0.623901 -0.536388
v 0.294851 0.661846 -0.504903
v 0.160668 0.518319 -2.278301
v 0.523066 0.627788 0.106163
v 0.548442 0.599497 0.113218
v -0.616974 0.916297 -0.310520
v -1.039967 0.849454 -0.340415
v -1.053331 0.798426 -0.291533
v 0.248218 0.535679 -1.177008
v 0.256274 0.527801 -1.141550
v 0.241887 0.545863 -1.146774
v 1.174991 -0.074745 1.680932
v 1.190273 -0.089173 1.736435
v 1.208055 -0.090317 1.694580
v 0.876392 0.539229 -0.131516
v 0.904517 0.512881 -0.120994
v 0.862833 0.517200 -0.095499
v -1.490543 0.379986 -0.936031
v -1.598852 0.314018 -0.912277
v -0.322573 0.433756 -1.037614
v -0.422194 0.008091 0.207094
v -0.414729 0.001298 0.244362
v -0.375144 -0.013509 0.234158
v -0.453310 0.728874 0.569052
v -0.408758 0.697541 0.576108
v -0.432149 0.679431 0.608760
v -0.483122 0.794919 0.478779
v -0.533121 0.799925 0.488434
v 1.900960 0.361249 -0.522521
v 1.862863 0.348967 -0.500993
v 0.121412 0.247091 -2.149464
v 0.092061 0.232961 -2.164368
v 0.094389 0.222900 -2.087617
v 0.251192 0.533822 -1.267812
v 0.225213 0.566327 -1.267080
v 1.412782 0.084298 2.223418
v 1.436080 -0.037687 2.191855
v 1.359001 0.066247 2.174438
v 0.811250 0.591683 -0.482748
v 1.166309 0.329193 1.815358
v 1.178009 0.262658 1.908000
v 1.122023 0.279777 1.840017
v -2.258537 0.551330 -0.576673
v -2.298943 0.617179 -0.567056
v -1.166979 0.679298 0.733616
v 0.009426 0.625065 -1.384338
v 0.007957 0.613826 -1.341884
v 0.466739 0.050099 0.736292
v 0.522197 0.023941 0.722128
v 0.036768 0.839239 -0.234369
v 0.037874 0.832051 -0.275803
v -0.935984 0.191005 0.843996
v -0.960222 0.185753 0.816459
v 1.199230 0.403722 -0.703143
v 1.150800 0.382286 -0.718384
v 0.950691 -0.094378 -0.385202
v 0.812723 0.638188 1.003814
v 0.800747 0.663614 1.027704
v 0.776875 0.662996 0.984867
v -0.836675 0.040178 -0.419968
v -0.788272 0.013929 -0.432784
v -0.816932 0.022131 -0.468095
v 2.040058 0.310225 -0.733696
v 2.083763 0.292976 -0.727158
v -2.119477 0.671417 -0.907108
v -2.057964 0.679326 -0.909285
v -2.119578 0.705267 -0.889240
v 0.227765 -0.072034 0.154576
v 0.208239 -0.057602 0.182965
v -0.172952 0.807687 -0.510998
v 0.405017 0.604647 -0.510276
v 0.432364 0.587520 -0.517350
v 0.424436 0.612360 -0.492525
v 0.081623 0.594445 -2.258884
v -0.145565 0.162552 -2.047920
v -0.110724 0.159865 -2.006534
v -0.370194 -0.081032 -0.102446
v -0.349475 -0.079613 -0.148289
v -0.384193 -0.081466 -0.156518
v 0.177294 0.623623 -1.492294
v 0.147283 0.632035 -1.454228
v 0.145717 0.638760 -1.504515
v 1.495571 0.069026 1.852476
v 1.474389 0.132613 1.866776
v 1.435332 0.143682 1.741022
v 1.131891 0.445167 -0.240383
v -0.338780 0.824936 0.378626
v 0.735479 0.533348 1.287094
v 0.730239 0.546144 1.233407
v 0.082487 0.120939 0.600842
v 0.146879 0.090668 0.653003
v 0.746558 0.652742 1.047308
v 0.762223 0.644920 1.081052
v 0.721985 0.638760 1.062650
v -1.413314 0.268415 -0.564456
v -1.454096 0.291688 -0.565133
v -1.414200 0.286405 -0.503841
v -0.955535 0.737652 -0.197993
v -0.940370 0.670961 -0.145185
v -0.605387 0.833949 -0.106674
v -0.576839 0.852564 -0.128916
v -0.567868 0.838666 -0.100680
v 0.267572 0.629915 -0.546175
v 0.584435 0.792830 0.688821
v 0.546620 0.794470 0.668078
v 0.560109 0.805929 0.636606
v 0.193339 0.073083 0.454798
v 0.231235 0.076035 0.473074
v -1.272132 0.609530 0.850105
v -1.256902 0.658265 0.879835
v 0.957792 -0.023831 1.140387
v -2.343332 0.680174 -0.874364
v 0.279227 0.824734 0.012450
v 0.277315 0.838440 -0.033105
v 0.302357 0.821230 -0.036440
v -0.832457 0.036830 -0.372576
v -0.829059 0.026340 -0.322874
v 1.976984 0.302420 -0.745276
v 1.923478 0.282155 -0.750276
v -0.568942 0.648964 -0.565831
v -0.570344 0.610608 -0.598725
v -0.412425 0.452674 -0.765789
v -0.384614 0.500878 -0.753840
v -0.877517 0.885986 -0.330355
v -0.890138 0.868399 -0.290631
v -1.374674 0.250026 -0.554742
v -1.351075 0.243390 -0.508674
v -0.060103 0.645987 -0.967301
v -0.062552 0.620384 -1.008771
v -0.034960 0.652164 -1.005966
v 1.418393 0.534546 -0.542068
v 1.404921 0.525013 -0.589583
v -0.240299 0.304749 0.620284
v -0.310600 0.377017 0.651692
v -1.169111 0.323245 -0.218965
v -1.063731 0.299881 -0.146059
v 0.746711 0.625060 1.104523
v 0.783618 0.628388 1.115083
v -1.182570 0.780813 1.340034
v 1.086273 0.521182 1.491928
v 1.059629 0.544280 1.505580
v 1.048409 0.544445 1.466577
v -0.330914 0.060047 -0.953035
v -0.360607 0.046981 -0.865447
v 0.154703 0.622842 -1.422294
v 0.114749 0.652492 -1.427136
v 0.521826 0.746178 -0.335340
v 0.487850 0.720541 -0.360544
v -0.833801 0.048358 0.425059
v -0.775616 0.040577 0.396051
v 0.104646 0.862446 0.001438
v -1.345888 0.231622 1.098593
v -1.313293 0.206121 1.023983
v -1.348878 0.240486 1.021942
v -1.077603 0.112753 0.478939
v -1.066016 0.148644 0.422371
v -0.451007 0.246460 0.743629
v -0.503380 0.336089 0.773634
v -0.397712 0.328715 0.712290
v -1.104630 0.739326 0.737094
v -1.093556 0.724008 0.708299
v -0.985204 0.762617 -0.228165
v -0.985445 0.797545 -0.262035
v -0.752343 0.008916 -0.400587
v -0.728819 0.007885 -0.363363
v 0.413957 0.689003 -0.409546
v 0.424003 0.718886 -0.374431
v -1.492036 0.174325 -0.768507
v -1.465955 0.165897 -0.790677
v -1.528913 0.185485 -0.798686
v 0.013376 0.846541 -0.294656
v 0.045415 0.838468 -0.306176
v -0.960913 0.050200 0.402426
v -0.925135 0.044641 0.381293
v -0.323207 -0.072277 -0.119564
v -0.322415 -0.079187 -0.169035
v -0.191669 0.551146 -0.974568
v -1.557546 0.409629 1.477212
v -1.557979 0.488549 1.518426
v -0.664923 0.785281 0.612372
v 0.865185 -0.049166 -0.650045
v -2.493181 0.783508 -0.674011
v 0.046394 0.531778 -2.486277
v 0.018875 0.552478 -2.464234
v -0.529237 0.825843 -0.426025
v -0.533283 0.876929 -0.399647
v 0.810641 0.594209 -0.137411
v 0.830503 0.605870 -0.169887
v 0.230761 0.593120 -1.039105
v 0.220757 0.582349 -1.075421
v -0.669768 0.493626 -0.691980
v -0.643134 0.482017 -0.698042
v -1.690453 0.273325 -0.881056
v -1.567569 0.243635 -0.874481
v -1.452675 0.712733 1.796321
v -1.499093 0.697155 1.825013
v -1.478992 0.709260 1.784154
v -0.918651 0.201027 0.944331
v -0.929778 0.201007 0.997713
v 0.295657 0.804074 0.536194
v 0.326224 0.795853 0.569867
v 0.291415 0.784157 0.575458
v -1.319342 0.207079 1.254437
v -1.299365 0.217146 1.281527
v -1.287387 0.210330 1.221410
v -0.067902 0.888861 0.151546
v -0.051382 0.887773 0.111397
v 0.314039 0.822950 -0.229733
v 0.284619 0.808748 -0.255154
v -1.286248 0.568128 0.837643
v -1.249915 0.588803 0.769114
v -0.270554 0.920720 -0.010707
v -0.286096 0.917647 -0.053661
v -0.115973 0.723745 -0.758798
v -0.084048 0.725607 -0.789381
v 0.318668 0.329246 -0.974924
v 0.330972 0.282344 -1.044746
v 0.269522 0.703391 0.651198
v 0.242543 0.634918 0.687505
v -0.393453 0.761659 -0.477775
v -0.366652 0.768791 -0.474491
v -0.384528 0.789481 -0.452849
v -0.487132 0.864489 0.289466
v -0.425456 0.854720 0.267870
v 1.622023 0.462209 -0.550345
v 1.605218 0.473207 -0.587031
v 1.622382 0.469588 -0.603865
v -0.198548 -0.028105 0.219263
v -0.240193 -0.035625 0.201178
v -0.244622 -0.028981 0.257797
v 0.601771 0.540260 1.133995
v 0.650196 0.605883 0.005633
v 0.642345 0.548021 0.042180
v 0.623335 0.598139 0.030295
v -0.493825 -0.069330 -0.385688
v -0.532195 -0.055831 -0.387859
v 0.023776 0.850572 0.282818
v 0.060898 0.853865 0.269587
v 0.062273 0.851335 0.298788
v 1.123266 0.489502 1.519188
v -0.597584 0.226186 -0.749147
v -0.527795 0.184795 -0.754680
v 1.949278 0.387077 -0.670660
v 1.952360 0.394789 -0.636999
v 0.071607 0.208474 -2.017785
v 1.484320 0.505819 -0.570829
v 1.474206 0.498306 -0.606510
v 1.506179 0.493493 -0.603896
v 0.484106 0.016225 0.521856
v 0.501459 0.013083 0.555864
v 0.518726 0.002795 0.506865
v 1.214532 -0.096292 -0.654716
v 1.261091 -0.114497 -0.620982
v 0.573846 0.712123 0.837834
v 0.606819 0.704852 0.862286
v 0.746322 0.667967 0.981713
v 0.083377 0.858841 0.325808
v 0.102593 0.861956 0.295320
v 0.298982 0.428388 -0.637202
v 0.312024 0.454994 -0.610868
v 1.048077 0.503047 -0.217766
v 1.049098 0.541782 -0.249284
v 0.991943 -0.007785 1.165639
v 0.973222 0.001597 1.108798
v 0.313772 -0.100655 -0.047915
v 0.358870 -0.103893 -0.066185
v 0.684673 0.667195 0.621811
v -0.076877 0.164978 -1.976948
v 0.224049 0.839925 -0.104795
v 0.195156 0.839825 -0.093344
v 0.210511 0.829940 -0.121369
v -0.255973 0.614092 -0.731684
v -0.264845 0.639041 -0.685619
v 0.622432 -0.016655 0.670614
v 0.658617 -0.014968 0.671957
v 1.095147 0.133748 1.192831
v 1.117965 0.093709 1.244296
v -1.004674 0.558729 -0.778266
v -0.942251 0.528820 -0.773874
v -1.259779 0.703225 -0.348301
v 0.013468 0.114813 -1.592754
v -0.031397 0.099671 -1.592583
v 0.002268 0.100455 -1.550760
v -0.063932 0.060819 -1.536854
v -0.078327 0.048732 -1.504533
v -0.048631 0.065507 -1.501211
v -0.476715 0.861596 0.168092
v -0.481556 0.834616 0.131839
v -0.449371 0.851249 0.130318
v 0.637649 0.601546 0.399444
v 0.639845 0.640482 0.441371
v 1.371992 0.013269 1.624882
v 1.422892 -0.026977 1.681658
v 1.705561 0.493125 -0.585364
v 1.670997 0.484904 -0.592000
v -1.229545 0.172001 0.815642
v -0.069300 0.869839 -0.179420
v -0.094623 0.871490 -0.190524
v -1.380091 0.842145 -0.586551
v -0.231744 0.419810 -2.436831
v 0.194810 0.793380 -0.293320
v 0.229391 0.787864 -0.283391
v 0.208077 0.800696 -0.256564
v 1.172544 -0.033581 1.932801
v 1.105933 -0.001351 1.860014
v -1.939460 0.437474 -0.634950
v -1.867950 0.439071 -0.614613
v -1.903827 0.423278 -0.655649
v -0.119048 0.883431 -0.171020
v -0.138189 0.897410 -0.151727
v 0.632694 0.333229 -0.626586
v -1.423467 0.208792 1.601534
v -1.461856 0.207626 1.619602
v 0.148877 0.073631 0.449072
v 0.963724 0.082702 0.978771
v 0.284213 0.410849 -0.674333
v -0.976411 0.099838 0.625342
v 2.418441 -0.199709 -0.593821
v 2.355973 -0.206442 -0.587726
v 0.883579 -0.087205 -0.419237
v 0.867822 -0.095512 -0.470981
v 0.832468 -0.090962 -0.440989
v 0.072769 0.038806 0.170289
v 0.143484 0.037411 0.216202
v 1.647904 0.439965 -0.707302
v 1.684853 0.463814 -0.676144
v 1.475080 -0.094632 2.178069
v -1.720925 0.534528 1.830254
v -1.707207 0.528838 1.778085
v -1.691038 0.571130 1.810158
v 0.531091 0.684276 0.843311
v 0.529507 0.663878 0.870690
v -1.222930 0.585310 0.704514
v -1.223912 0.626277 0.765162
v -1.311716 0.250853 -0.409767
v -1.254468 0.218725 -0.381827
v 1.912221 -0.087530 -0.458541
v 1.888773 -0.035889 -0.409634
v 1.656838 0.015649 -0.761016
v 1.720875 0.085708 -0.773874
v 1.615710 0.123501 -0.781761
v -0.145316 0.677600 -0.777602
v -0.146573 0.699963 -0.747623
v -0.182059 0.676380 -0.729451
v -0.569945 0.522687 -0.655674
v -0.567175 0.475326 -0.683227
v -0.547665 0.492271 -0.671842
v -0.456604 -0.058279 -0.524594
v 0.370888 0.618190 -0.504625
v 0.361474 0.657310 -0.482383
v -0.934217 0.176188 0.780188
v -0.974957 0.172236 0.779027
v 1.232565 0.219362 2.066701
v 1.192085 0.164904 2.017340
v 1.201923 0.233053 1.991753
v -0.629020 -0.001965 0.115356
v -0.679477 -0.001431 0.074889
v -0.669237 -0.000846 0.134722
v 0.159120 0.073403 0.400808
v -0.689017 -0.000128 0.001347
v 1.488800 0.431122 -0.693823
v 1.465408 0.470053 -0.646850
v 1.569365 0.480464 -0.530937
v 1.586560 0.448926 -0.502777
v -2.035636 0.841467 -0.600037
v -1.963490 0.817038 -0.579895
v -0.018464 0.890385 0.099234
v 0.006496 0.883758 0.128411
v 0.586223 -0.085926 -0.371435
v 0.566003 -0.079560 -0.322115
v 1.212068 0.244959 1.382757
v 1.217228 0.266464 1.417401
v 1.196142 0.290645 1.396058
v -0.791409 0.428378 -0.764889
v -0.781744 0.482534 -0.739344
v -0.745779 0.895974 0.511451
v -0.772198 0.895583 0.531039
v -0.922853 0.607882 1.044849
v -0.856651 0.624742 0.941882
v -0.857824 0.550302 0.990846
v -0.003859 0.858186 -0.340584
v -0.012139 0.856815 -0.391478
v 0.021013 0.855993 -0.382537
v -0.208439 0.496661 -1.124332
v -0.193165 0.495996 -1.177967
v -0.078277 0.602310 0.518153
v -0.108209 0.631559 0.510504
v 0.539430 0.700809 -0.370094
v 0.510299 0.688394 -0.385736
v 0.523508 0.671931 -0.402642
v 2.132257 0.282545 -0.708924
v 2.075371 0.337669 -0.688041
v -0.341435 0.009007 -0.817475
v -0.605410 0.842637 0.322027
v -0.627747 0.843038 0.340148
v -0.634880 0.833914 0.306363
v -0.216646 0.786125 -0.526724
v -0.193408 0.772436 -0.559752
v -0.197881 0.792913 -0.522137
v -0.047615 0.011765 0.258702
v -0.063249 0.018847 0.299359
v 1.999564 0.135666 -0.776997
v 0.143866 0.796979 -0.496320
v 0.167874 0.787841 -0.469984
v 1.440926 0.013391 -0.293419
v 1.523869 0.013755 -0.313054
v 1.478657 -0.034172 -0.330405
v 0.925801 0.551218 1.468773
v 0.960419 0.567726 1.454197
v 1.805406 -0.106994 -0.492565
v 1.852529 -0.098930 -0.531325
v 0.311006 0.825217 0.478785
v 0.295701 0.824047 0.499327
v 0.281351 0.837670 0.463874
v 0.422149 0.461230 -0.581257
v 0.412061 0.384803 -0.616092
v -0.466251 0.757779 -0.484528
v -1.322583 0.176327 -0.629002
v -1.285644 0.166969 -0.612860
v -1.312731 0.145317 -0.665852
v 0.452513 0.050509 0.632747
v 0.500534 0.026238 0.665811
v 0.489522 0.021985 0.606298
v -0.124544 0.023286 -1.070378
v -0.161727 0.010649 -1.021080
v -0.100057 0.021952 -1.044818
v -0.009364 0.853468 -0.300933
v -0.034332 0.854270 -0.307566
v -1.478634 0.681018 -0.467082
v -1.405711 0.657940 -0.418689
v 0.166642 0.560364 -2.152645
v -0.230100 0.493112 -1.072317
v -0.269212 0.469365 -1.065526
v -0.079014 0.587856 -2.438300
v -0.068299 0.583845 -2.483008
v -0.838620 0.629638 -0.080066
v -0.872553 0.557059 -0.056432
v -0.916532 0.608129 -0.094017
v -1.611497 0.345046 1.803718
v -1.539487 0.282229 1.771844
v -1.580189 0.288772 1.738585
v 2.419112 -0.052524 -0.543555
v 2.466713 -0.041027 -0.603470
v 0.962881 0.605884 -0.253295
v -0.936791 0.565980 0.277540
v -0.964768 0.580762 0.313929
v 0.817962 -0.026080 0.946171
v 0.857124 -0.007511 0.928854
v 0.828918 -0.013756 0.885073
v 0.542036 0.691771 -0.003083
v 0.520468 0.679483 0.027520
v -0.489469 0.924705 -0.223568
v -0.515885 0.933302 -0.284358
v -0.981564 0.360213 -0.091404
v -1.045753 0.423171 -0.117347
v 0.876939 0.555410 1.410665
v 0.888518 0.531228 1.462596
v 0.866512 0.524031 1.437056
v -1.998822 0.432200 -0.643736
v -1.961790 0.462076 -0.606606
v -0.868212 0.257910 1.024774
v -0.930700 0.235694 1.079911
v -0.910511 0.291836 1.097112
v -1.105368 0.081822 -0.669760
v 1.950280 0.165840 -0.400490
v 1.874206 0.179595 -0.391087
v -0.124613 0.040295 -1.219453
v -0.170819 0.036523 -1.217974
v 0.503013 0.609097 -0.458627
v 0.510352 0.639631 -0.431941
v 0.483428 0.631118 -0.441260
v -0.886000 0.843211 -0.525500
v -0.898134 0.874189 -0.502564
v -1.421542 0.605659 1.427851
v -1.390236 0.624132 1.352126
v -1.386224 0.658840 1.432654
v 1.497316 0.298431 -0.363744
v 1.559777 0.291739 -0.388196
v -1.048586 0.812896 0.766563
v -0.007066 0.880366 0.156697
v 0.023273 0.881850 0.153499
v 0.415699 0.064901 0.711227
v 0.422931 0.060141 0.750165
v -1.069417 0.577919 0.449684
v -1.035595 0.620973 0.454987
v -1.470974 0.633406 -0.883856
v -1.546205 0.672219 -0.869044
v -0.422827 0.387560 -0.803336
v -0.425550 0.345642 -0.863927
v -0.395878 0.403643 -0.867907
v -0.644943 -0.010948 -0.012364
v -1.043254 0.535582 0.366299
v -1.089472 0.489456 0.397449
v -1.574833 0.727626 -0.516219
v -1.588215 0.664295 -0.493434
v -1.341480 0.747642 1.605298
v -1.346293 0.740882 1.636329
v 0.198097 0.620162 -1.494456
v 0.205633 0.602903 -1.453902
v 1.544983 -0.007502 1.982749
v -1.340414 0.456804 1.869140
v -1.376751 0.498988 1.887260
v 0.905346 -0.109369 -0.551808
v 0.753098 0.578071 1.195349
v 0.786614 0.594260 1.187153
v 0.782478 0.579492 1.237009
v 0.100765 0.344840 0.700849
v -1.862819 0.410281 -0.672353
v 0.125386 0.833941 -0.191142
v 0.149025 0.828900 -0.201019
v -0.697654 0.756744 -0.512401
v -0.726656 0.796444 -0.491712
v -0.715331 0.734848 -0.532647
v -0.092006 0.454502 0.566008
v -1.806789 0.404652 -0.651472
v -1.827206 0.396436 -0.687360
v 0.202005 0.743748 0.577148
v 0.161849 0.724222 0.564534
v -0.504775 0.620529 -0.582827
v -0.480162 0.641289 -0.577438
v 1.181832 0.393546 1.529133
v 1.175491 0.371442 1.487872
v 0.982316 0.447417 1.072544
v 1.002955 0.412230 1.094162
v 0.988275 0.446588 1.121901
v 1.032939 0.616408 -0.489575
v 0.992373 0.629348 -0.481143
v 1.042177 0.572594 -0.529052
v -0.411207 0.862649 0.114262
v -0.433357 0.845590 0.093803
v 0.488780 -0.091707 -0.254799
v 0.511732 -0.085537 -0.274422
v 0.571304 0.763931 0.761509
v 0.531343 0.732685 0.779819
v -0.387968 0.886083 -0.013529
v -0.405500 0.882534 0.004508
v -0.242398 0.905200 0.047059
v -0.214125 0.904638 0.070961
v -0.260874 0.904226 0.070875
v 0.821365 0.604439 0.972122
v 0.796091 0.614811 0.917566
v 0.830889 0.577332 0.938718
v -1.240506 0.207942 0.753098
v -1.274369 0.206487 0.844414
v -1.182325 0.194280 0.636435
v -0.626083 0.186168 -0.742498
v -0.651992 0.138738 -0.720904
v 0.736538 0.046799 1.443398
v 1.452310 0.195775 1.878259
v 0.287779 -0.057601 0.208641
v 0.311360 -0.074131 0.165675
v 0.271126 -0.073066 0.163814
v 0.883315 -0.087980 -0.367870
v -1.942595 0.325167 -0.811777
v -1.980998 0.346825 -0.769015
v 0.380570 0.202090 1.160607
v 0.354948 0.276778 1.105046
v 0.422826 0.297009 1.198916
v 0.413179 0.730863 0.201973
v -0.696962 -0.003082 -0.569561
v -0.685768 0.018104 -0.602631
v -0.757654 0.017164 -0.585714
v 2.188626 -0.039680 -0.777142
v 2.269554 -0.047096 -0.785247
v 0.935807 0.478874 0.973361
v 0.951008 0.476576 1.027550
v 0.907735 0.516786 0.985302
v 0.190424 0.597453 -1.425635
v -0.935478 0.072026 -0.482073
v -0.973353 0.085921 -0.465167
v -0.923701 0.071019 -0.438668
v -0.060400 0.757692 0.418253
v -0.028413 0.782905 0.391531
v -0.025048 0.757477 0.421293
v -0.207451 0.908528 0.124344
v -0.191680 0.906776 0.097934
v -0.754015 0.191255 0.844903
v -1.037801 0.776646 0.671419
v -1.031152 0.759810 0.637720
v -0.193278 0.480957 -1.916601
v -0.874955 0.051348 0.435492
v -0.838583 0.039274 0.395452
v 1.391060 -0.122056 -0.510229
v 1.407477 -0.121268 -0.464546
v -0.066898 0.605570 -1.054837
v -0.095004 0.605092 -0.993965
v -0.095072 0.052289 -1.242913
v 1.344539 0.523680 -0.489206
v 1.352902 0.555491 -0.515484
v 0.009796 0.630507 -1.178977
v -0.002097 0.629903 -1.132272
v -0.012434 0.607286 -1.172883
v -1.085069 0.116815 -0.434801
v -1.059894 0.100535 -0.382627
v 0.435673 -0.106929 -0.309557
v 0.411489 -0.105360 -0.285475
v 0.446940 -0.100449 -0.273357
v -0.822727 0.024446 0.346976
v 2.186129 -0.150627 -0.732302
v 2.192622 -0.135872 -0.748460
v 1.004802 0.239208 0.958900
v -0.191587 -0.041898 -0.611586
v -1.523281 0.657667 1.867312
v -1.480709 0.642983 1.876451
v -0.262062 0.913055 0.022809
v -0.305195 0.903383 0.107268
v -0.282804 0.904414 0.089898
v 0.340557 0.371186 -0.652520
v 0.395630 0.317471 -0.644551
v 0.020738 0.746096 0.444600
v 0.049641 0.766174 0.443160
v 0.196096 0.787937 -0.331446
v -1.057213 0.847463 0.884895
v -1.067010 0.844889 0.929238
v -0.173791 0.053001 0.414552
v -0.213463 0.023023 0.397781
v -0.239393 0.039508 0.436757
v -0.303924 0.471096 -0.961703
v 0.524482 0.507921 1.098001
v 0.546959 0.481002 1.178364
v 0.200751 0.814793 -0.221042
v 1.566265 -0.066322 2.075351
v 1.562426 0.007445 2.099547
v 0.308961 0.196504 -0.731602
v 0.039567 0.784375 -0.844943
v 0.073758 0.790527 -0.858790
v 0.071943 0.791666 -0.824462
v -0.202279 0.318586 -2.551131
v -0.258520 0.328434 -2.498387
v -1.302183 0.233062 1.427126
v -1.320444 0.220861 1.387057
v 0.931100 0.555122 1.188165
v 0.931405 0.527563 1.163176
v 1.898747 -0.093147 -0.582250
v 1.950219 -0.096853 -0.633680
v 1.907306 -0.089201 -0.634290
v -1.334357 0.823629 -0.694459
v -1.364585 0.804850 -0.722308
v -1.324978 0.787694 -0.726036
v 0.538380 -0.087777 -0.345543
v 0.532120 -0.082824 -0.300236
v 0.181924 0.853184 0.092599
v 0.158137 0.859690 0.092356
v 0.439810 0.699246 0.759665
v 0.483835 0.701121 0.787480
v 0.433170 0.669086 0.791312
v 0.101912 0.521946 -2.412790
v 0.091213 0.512487 -2.461583
v 0.138376 0.497295 -2.406871
v 1.156132 0.469944 -0.636407
v -0.851666 0.874768 -0.296082
v -0.708447 0.003465 0.144669
v -1.417782 0.837752 -0.692716
v -1.377417 0.851493 -0.652429
v -0.362576 0.591595 0.631631
v -0.366187 0.656416 0.590603
v -0.070170 0.062715 -1.274425
v 0.089835 0.307108 -2.469756
v 0.017686 0.252881 -2.462358
v -1.171367 0.229872 1.160694
v -1.154387 0.228024 1.207211
v -1.136494 0.226621 1.160476
v -0.695406 0.687138 -0.571425
v 1.664034 0.396849 -0.468498
v 1.704682 0.408535 -0.489461
v -1.531274 0.466638 -0.470358
v -1.560465 0.530129 -0.469840
v -1.456308 0.523759 -0.411577
v 1.838048 -0.013823 -0.746609
v 1.848817 -0.043026 -0.721240
v 0.135054 0.863011 -0.076917
v 0.123322 0.857006 -0.112701
v -0.473298 -0.001262 0.347851
v -0.509275 0.008689 0.365964
v -0.205756 0.701153 0.466946
v -0.173499 0.717295 0.439117
v -0.597618 0.627200 -0.589222
v -0.610344 0.668663 -0.558902
v -0.744515 0.787295 -0.141458
v -0.712817 0.791140 -0.126441
v -0.735721 0.736292 -0.099280
v -0.514652 0.770590 -0.465101
v -0.495640 0.794404 -0.448127
v -0.319842 0.242886 -1.978272
v -0.319406 0.283476 -1.959597
v -0.316533 0.241323 -1.901126
v 0.506789 0.667562 0.062503
v 0.540502 0.648090 0.048349
v -0.388017 -0.003747 0.397124
v -0.439055 0.004913 0.419472
v -2.108703 0.837269 -0.752276
v 1.858287 -0.071199 -0.683036
v 1.894594 -0.044552 -0.722910
v 0.664848 0.614300 -0.462591
v -1.633265 0.551554 1.677579
v -1.629096 0.590528 1.731642
v 0.101492 0.779742 -0.821124
v -1.411279 0.516467 1.205273
v -0.865807 0.708333 0.369039
v -0.853327 0.736077 0.394384
v -1.160490 0.660514 -0.785369
v -1.174749 0.643331 -0.805793
v -1.133845 0.628874 -0.801371
v -0.479696 0.906051 -0.308947
v -0.471634 0.906349 -0.274233
v -0.499238 0.927262 -0.300293
v -1.084941 0.873146 -0.433350
v -0.704013 0.832962 0.361954
v -0.698170 0.827523 0.324053
v -1.245251 0.399247 1.760478
v -1.242660 0.702931 0.947320
v -1.234945 0.702673 0.901025
v -1.222773 0.716384 0.924811
v -0.083672 0.682648 0.473815
v 0.713953 0.622892 1.091357
v 0.678364 0.618120 1.065291
v -0.073066 0.923082 -0.046923
v -0.049987 0.906882 -0.067310
v -0.040363 0.919711 -0.038120
v 1.010009 0.569483 -0.258890
v 1.028043 0.553941 -0.245127
v -1.532274 0.391138 -0.507007
v 0.207530 0.579182 -1.109858
v -1.235150 0.740888 1.562075
v -1.206750 0.714457 1.579485
v -1.021926 0.813966 0.972248
v -0.380629 0.765872 0.477064
v -0.399028 0.752437 0.508131
v 0.819786 0.668612 -0.281078
v 0.847488 0.676815 -0.326143
v 0.856647 0.648305 -0.266247
v -0.544185 0.827169 0.425456
v -1.628812 0.208644 -0.798150
v -1.590123 0.207193 -0.772709
v -1.586065 0.194434 -0.803406
v 2.345201 -0.024584 -0.799430
v 0.614162 0.717838 0.528298
v 0.578915 0.735308 0.497648
v 0.603852 0.694252 0.486454
v 1.027559 0.586474 -0.312603
v 0.993798 0.590676 -0.278163
v 1.309354 0.330465 1.691307
v 1.351398 0.289079 1.733832
v 0.625547 0.585821 -0.499548
v 0.598610 0.569979 -0.502996
v 0.390585 0.813089 0.566239
v 0.359727 0.799686 0.571673
v -1.604168 0.853409 -0.658786
v -1.633446 0.856390 -0.684073
v 0.459686 0.626086 -0.454657
v 1.471049 -0.111304 -0.619665
v -1.295968 0.558372 -0.892869
v -1.359725 0.582714 -0.900905
v -0.610945 0.855077 0.382768
v -0.580294 0.844035 0.390861
v 0.148152 0.114388 -1.430343
v -1.200390 0.822879 1.277234
v -1.186731 0.833968 1.219756
v -1.167521 0.829505 1.241492
v -0.256598 -0.031078 0.153065
v -0.254040 0.896107 -0.256974
v -0.630040 0.712653 0.154012
v -0.646440 0.734452 0.183972
v -0.171351 0.495081 -1.301913
v -0.178847 0.497959 -1.241189
v 0.432887 0.784811 0.350782
v 0.396529 0.809223 0.324408
v 0.407936 0.782564 0.307068
v -0.031723 0.155513 -1.864611
v -0.003374 0.174199 -1.898748
v -1.334447 0.547753 0.957456
v -0.034457 0.842724 -0.551601
v 0.753471 -0.011850 0.748272
v 0.742398 0.014409 0.674922
v 0.705151 -0.015268 0.705084
v -0.455003 0.410241 -0.739940
v -0.493611 0.361143 -0.739171
v 0.147912 0.621549 -1.236888
v -0.482764 0.785678 0.508486
v -0.505759 0.773741 0.542647
v -0.531409 0.789795 0.532576
v 1.296212 0.058374 2.112016
v 1.291299 -0.021829 2.064958
v 1.227166 0.082015 2.043661
v 1.095721 -0.089571 -0.651467
v -1.578618 0.521985 1.569924
v -1.530718 0.544457 1.543087
v 0.231659 0.865389 0.174930
v 0.204744 0.862499 0.160250
v 0.219152 0.851494 0.133276
v 1.454243 0.358262 -0.754683
v -0.922012 0.050715 -0.588376
v -0.212644 0.043476 -1.217773
v 0.105068 0.474220 -2.519918
v 0.109309 0.430449 -2.529937
v 0.138858 0.443030 -2.461297
v -0.095136 0.535208 -1.405563
v -0.051293 0.573408 -1.424020
v -0.696861 0.834447 -0.165844
v -0.701745 0.872231 -0.211595
v 0.176107 0.840819 -0.089841
v 1.211319 0.273687 -0.777119
v -2.495844 0.815671 -0.709146
v -2.477291 0.808971 -0.762222
v 0.669327 0.735946 0.857620
v 0.704888 0.725839 0.855066
v 0.699395 0.705065 0.898222
v 0.804958 -0.025638 -0.080696
v 1.164369 0.446482 1.549867
v 1.143099 0.493042 1.561302
v -1.401675 0.245409 -0.611705
v 1.099022 0.055498 -0.096578
v 1.125198 0.021188 -0.153713
v -0.034055 0.052335 0.014813
v -0.069351 0.051031 0.040568
v 1.619189 0.412049 -0.731018
v 1.604069 0.367152 -0.751200
v -0.120419 0.566660 -2.373229
v -0.376235 0.850195 0.227816
v 0.450248 -0.091418 -0.023878
v 0.502035 -0.085038 -0.058878
v 0.459283 -0.094891 -0.078486
v -0.679860 0.529065 -0.672526
v -0.641299 -0.027149 -0.149501
v -0.911767 0.541202 -0.759585
v -0.254953 0.904325 -0.116050
v 1.028443 0.450222 1.288372
v 1.032650 0.425976 1.251880
v 0.291180 -0.092326 0.083683
v 0.246477 -0.086159 0.057302
v -0.541769 -0.048661 -0.055167
v -0.523165 -0.060138 -0.098088
v 0.744057 0.623598 0.708880
v 0.737207 0.639223 0.745141
v -0.537187 0.802559 -0.002115
v -0.552089 0.767413 0.037707
v 2.240409 0.180619 -0.712846
v 2.273091 0.152954 -0.671263
v 0.151120 -0.044412 0.100307
v 0.102415 -0.011181 0.070726
v -0.309760 0.193076 -1.809700
v 1.414417 0.280856 2.036044
v -0.184938 0.047687 -1.355707
v -0.121839 0.049868 -1.351094
v 0.698932 0.470065 1.361463
v 0.739366 0.485407 1.368901
v -1.561766 0.380024 -0.538707
v -1.576217 0.360734 -0.567393
v -0.188678 0.027890 -1.111602
v -0.139662 0.026989 -1.103877
v 0.624927 0.665892 0.464899
v 0.651283 0.656269 0.482309
v -0.805951 0.533884 -0.713865
v -0.153204 0.407353 -2.656411
v -0.086583 0.436886 -2.669375
v -0.160570 0.065716 -1.657745
v -0.174874 0.080945 -1.711403
v -0.202979 0.080788 -1.682820
v -0.391454 0.897059 -0.113660
v -0.399770 0.895580 -0.146204
v 0.991910 0.427869 -0.679264
v 0.966416 0.379122 -0.705286
v 0.030717 -0.088111 -0.349601
v -0.024305 -0.055398 -0.336593
v -1.178921 0.251972 1.445631
v 1.285078 0.549023 -0.494100
v 1.245420 0.549019 -0.459632
v -0.841646 0.594341 -0.687012
v -1.027236 0.080652 -0.331016
v -1.003688 0.068120 -0.313902
v -1.239591 0.151944 -0.600534
v -1.247527 0.174845 -0.562935
v -0.843343 0.676189 -0.637713
v -0.856325 0.742567 -0.597699
v -1.493881 0.643285 1.652280
v -0.596054 0.514296 -0.666131
v -0.595803 0.471490 -0.695199
v -2.342902 0.775820 -0.848809
v -2.380437 0.814040 -0.829833
v -2.373929 0.759115 -0.852433
v -1.226871 0.671756 -0.805321
v -1.212828 0.625093 -0.833435
v -1.203511 0.639504 -0.815749
v 0.111390 0.653395 -1.520055
v 0.079723 0.670974 -1.483729
v -0.150680 0.723522 -0.708986
v -0.143377 0.746661 -0.678236
v -0.724815 0.029661 0.352157
v -0.757744 0.023974 0.339756
v 0.402756 0.775685 -0.002191
v 0.429399 0.784420 -0.039192
v 1.031183 0.528439 1.379156
v 1.029912 0.487322 1.330153
v -0.805636 0.021955 -0.557760
v -0.855353 0.040259 -0.523601
v -0.816261 0.022882 -0.511641
v 0.074592 0.642004 0.530038
v -1.317437 0.715318 1.712378
v -1.300172 0.723248 1.685235
v 0.095026 0.837522 -0.178121
v -0.639427 0.861109 0.469911
v -0.683399 0.873574 0.497159
v -0.664888 0.099706 0.649488
v -0.712896 0.108581 0.661461
v 0.541509 0.653717 -0.420717
v 0.566066 0.631280 -0.437573
v -0.176350 0.106935 -1.796738
v -0.174895 0.091239 -1.748207
v -0.146824 0.098646 -1.764862
v -0.654319 0.783133 -0.088424
v -0.634253 0.816048 -0.105033
v 0.482255 -0.097886 -0.308444
v 1.442207 -0.156352 2.069441
v -0.508922 0.807884 0.124529
v -0.480154 0.811341 0.092289
v -0.843332 0.778949 0.767552
v -0.822823 0.818091 0.698768
v -0.813309 0.753540 0.757717
v -0.464030 0.894986 -0.341736
v -0.431885 0.870418 -0.369557
v 0.477443 0.567548 -0.505455
v 0.499710 0.575782 -0.490600
v -2.182106 0.501538 -0.574113
v -2.301339 0.776206 -0.831006
v 0.442697 0.836858 0.533081
v 0.472485 0.835751 0.538560
v 0.454432 0.834462 0.563198
v 0.164339 0.623611 -1.211570
v 0.163801 -0.037177 -0.612876
v 0.098729 -0.056120 -0.576738
v -1.149401 0.692531 -0.761056
v 0.163212 0.497862 -2.330559
v 0.158370 0.471180 -2.382528
v 0.213660 0.784660 0.533516
v 0.250356 0.764327 0.581226
v 0.753112 -0.074694 -0.539616
v 0.796388 -0.083535 -0.544975
v 0.767608 -0.090388 -0.264592
v 0.788588 -0.090934 -0.233313
v -0.033249 0.803455 -0.709797
v 0.000097 0.808232 -0.724031
v 0.274385 0.824134 0.055330
v 0.280168 0.817639 0.097647
v 0.258926 0.824695 0.071017
v 0.267446 0.822612 0.501000
v -0.036826 0.886120 0.170984
v -0.072384 0.888475 0.186475
v -0.998406 0.729823 0.562163
v -1.020956 0.740924 0.602844
v -1.036380 0.705480 0.577164
v -0.546050 0.898757 -0.190691
v -0.556225 0.876155 -0.162972
v 0.355334 0.797233 -0.285830
v 0.363822 0.818368 -0.254309
v -0.195306 0.457331 -2.335648
v -0.179882 0.478848 -2.334198
v -0.629935 0.110376 0.663441
v 2.336566 -0.201546 -0.687712
v 2.350185 -0.208989 -0.644865
v 1.195833 0.464166 -0.314937
v 1.206734 0.407549 -0.277501
v 1.171984 0.434520 -0.268823
v 0.833043 0.436552 -0.641650
v 0.780888 0.452363 -0.617590
v -0.777645 0.683410 -0.608419
v 0.274544 0.479233 -1.389574
v 0.298658 0.435620 -1.378732
v -0.767085 -0.006482 -0.509147
v -0.710995 -0.021740 -0.532529
v 1.407955 -0.073780 -0.355072
v 1.340659 -0.061310 -0.336660
v 0.997728 0.569699 1.438489
v -1.265686 0.190118 -0.536765
v 0.766706 0.653709 -0.413034
v -1.250202 0.746834 1.053089
v -1.233955 0.771739 1.098817
v -1.262159 0.755209 1.115782
v 1.683840 -0.049886 -0.723448
v 1.675363 -0.086710 -0.676694
v -0.750937 0.838594 -0.471226
v 0.202769 0.034779 -0.834649
v 0.182166 0.018351 -0.772884
v 0.111850 0.681549 -1.039421
v 0.089995 0.677458 -1.044647
v 0.106929 0.679980 -1.069121
v 1.132763 0.351476 1.371063
v 1.103941 0.394414 1.377167
v 0.840839 -0.098212 -0.526552
v 0.619394 0.789512 0.706827
v 0.602355 0.786733 0.736487
v -1.014074 0.877859 -0.575060
v -1.048564 0.871985 -0.598192
v -0.235377 0.403412 -1.781884
v 0.955224 -0.032589 1.251217
v 0.999445 -0.038781 1.297712
v -1.342974 0.842980 -0.579151
v -0.531905 0.933427 -0.334862
v -0.162377 0.904015 -0.140128
v -0.168396 0.899295 -0.176155
v -1.497500 0.700408 1.764878
v 0.106273 0.872910 0.087927
v 0.081509 0.878273 0.088802
v 0.090840 0.871251 0.042260
v 1.215055 -0.097278 -0.503314
v 1.256596 -0.102910 -0.524030
v 1.217046 -0.106670 -0.551830
v 1.600910 0.443656 -0.708415
v -1.318863 0.229653 -0.479649
v -1.341550 0.252384 -0.456687
v -1.344399 0.733706 1.543939
v -1.328584 0.750201 1.563918
v 1.374046 0.195836 2.211177
v -1.089860 0.078446 0.661126
v 0.309684 0.843299 0.206699
v 0.333759 0.806039 0.154927
v -0.850792 0.091562 -0.088975
v -0.910106 0.099444 -0.125044
v -2.044490 0.779166 -0.828978
v -2.057094 0.751236 -0.850345
v -1.362783 0.275479 -0.439845
v 2.000432 0.325715 -0.729502
v 0.961162 -0.015232 1.418623
v -0.836001 0.621618 -0.668394
v 0.409508 0.833234 -0.111320
v -0.900398 0.893749 -0.474466
v -0.871541 0.902594 -0.444577
v -1.605026 0.778133 -0.816992
v -1.573447 0.726214 -0.840828
v -0.255800 0.387232 -1.569976
v 0.139425 0.883632 0.205449
v 0.109043 0.879998 0.186322
v 0.731610 0.502616 0.486069
v 0.731452 0.547062 0.518293
v -1.390828 0.208517 -0.651065
v -1.355541 0.190339 -0.641490
v -1.377693 0.165924 -0.692169
v -2.417775 0.816742 -0.610358
v 0.433019 0.541425 -0.546381
v 0.456113 0.569166 -0.517861
v -0.233180 -0.100768 -0.324890
v -0.269066 -0.121225 -0.297309
v 0.792986 -0.029227 0.999772
v 0.772315 -0.022201 1.047060
v 0.816895 -0.032528 1.063462
v -0.708260 0.661714 0.173655
v -0.741746 0.676578 0.209355
v 0.627229 0.086415 0.438614
v -2.208680 0.844062 -0.712847
v -1.080716 0.643605 1.339075
v 0.945798 0.298223 -0.727779
v 0.141528 0.281054 -2.232098
v 0.149961 0.272571 -2.104939
v -0.169365 0.109550 0.485941
v -0.251321 0.067954 0.477524
v 0.962530 0.579280 1.281050
v 0.926819 0.593244 1.266975
v 1.791950 0.176670 -0.381965
v 1.833526 0.227047 -0.402870
v -1.554143 0.202431 -0.834673
v 0.840994 0.321229 -0.695059
v 0.864878 0.220175 -0.722066
v 2.050858 -0.127201 -0.520504
v 2.100809 -0.133547 -0.498816
v 2.133968 -0.158143 -0.558055
v -1.090624 0.838596 0.957743
v -0.283856 -0.079769 -0.171091
v 0.985739 0.275325 0.888134
v 0.959356 0.287806 0.818465
v -0.619559 0.422331 -0.722193
v -0.656832 0.362655 -0.743911
v 2.075738 0.353101 -0.655218
v 0.086263 -0.120574 -0.366878
v 0.060766 -0.103519 -0.421516
v -0.095356 0.193240 -2.276478
v -0.086487 0.189485 -2.365530
v -0.099257 0.046337 -1.436216
v -0.107315 0.040548 -1.487094
v -0.145644 0.040205 -1.462964
v -1.539973 0.685518 1.777734
v -1.578121 0.659849 1.772921
v 0.173306 0.605466 -1.587668
v 0.143876 0.637178 -1.561194
v 1.079245 0.193460 1.160073
v 1.064311 0.270265 1.139983
v 0.186817 0.879688 0.191010
v 0.457934 0.790869 -0.065773
v 0.048680 0.653862 -1.192598
v -1.148821 0.118487 -0.754359
v -1.218058 0.112070 -0.752977
v -1.166344 0.099531 -0.723658
v 2.039672 -0.000842 -0.766520
v 2.106876 -0.030117 -0.767802
v -0.062927 0.073621 -1.580866
v 0.108896 0.554527 -2.321695
v 0.107405 0.535522 -2.369281
v 0.139322 0.525435 -2.325732
v 0.882069 0.110881 -0.724940
v -0.736741 0.789766 0.315306
v -0.712131 0.815389 0.311091
v -0.131165 0.550908 -1.826459
v 0.184261 0.882123 0.307440
v 0.163219 0.875831 0.330311
v 0.044357 0.512043 -2.586569
v 0.068324 0.503738 -2.544724
v -1.077702 0.778310 0.749989
v -0.888481 0.645553 0.303460
v -0.894308 0.664277 0.338966
v -0.925954 0.643525 0.345781
v 1.425473 0.254823 1.894165
v 1.390734 0.262298 1.805318
v -0.014036 0.630855 0.500780
v -0.055869 0.559968 0.531117
v -1.038878 0.656231 -0.730478
v -1.054838 0.730163 -0.697134
v -0.195083 -0.074801 -0.375831
v 0.086872 0.860849 -0.118752
v -1.955166 0.772516 -0.550832
v -1.893605 0.777808 -0.560078
v 1.880102 0.278227 -0.749235
v 1.849912 0.295399 -0.748548
v -1.169921 0.726488 1.455590
v -1.447720 0.189375 -0.704093
v -1.424971 0.162120 -0.735470
v -1.465389 0.171877 -0.738631
v -0.363364 0.327523 -1.163165
v -0.357981 0.279467 -1.223147
v -0.331481 0.333497 -1.306010
v 0.710458 0.661614 0.979657
v 0.669371 0.669504 0.954866
v 0.701513 0.679536 0.939419
v 1.537805 -0.129803 -0.529865
v 0.100520 0.861055 0.264708
v 0.814441 0.563341 -0.093415
v 0.831136 0.513740 -0.066356
v 0.320157 0.695232 -0.444559
v 0.320310 0.715456 -0.414466
v -0.462417 0.822164 0.405674
v -0.427975 0.809360 0.417121
v 0.133025 0.864968 0.089308
v 0.161039 0.385276 -2.338141
v 0.153602 0.328151 -2.299700
v 0.179002 0.392934 -2.238016
v 0.322633 0.825688 0.224702
v 0.341223 0.804004 0.237480
v -0.790329 0.668124 0.240917
v -0.785897 0.637004 0.212891
v 0.417731 -0.095575 -0.374898
v 0.450777 -0.102393 -0.336797
v 0.470798 -0.092019 -0.372488
v -0.032352 0.593611 -1.471716
v -0.011067 0.620041 -1.530899
v -1.303700 0.841628 -0.553672
v -1.296748 0.834743 -0.514932
v 1.311493 0.032583 1.555179
v -0.243223 0.669498 -0.669584
v -0.270923 0.668436 -0.639735
v 0.888020 0.606867 1.192271
v 0.853705 0.626033 1.135899
v 0.436668 0.032800 0.504832
v 0.478343 0.011543 0.475498
v 1.076107 -0.092821 -0.412022
v 1.119630 -0.095748 -0.394230
v 0.072214 0.045689 -1.050159
v 0.118639 0.053682 -1.105928
v 0.316441 -0.117403 -0.295699
v 0.369608 -0.111673 -0.291786
v 0.335162 -0.111727 -0.337900
v -1.290919 0.206672 -0.509133
v 0.440591 0.619174 -0.473244
v 0.417031 0.637891 -0.466122
v 0.624467 0.316815 0.233653
v 0.628824 0.395798 0.241960
v -0.598626 0.034826 0.417267
v -0.643584 0.047302 0.451099
v 0.431472 0.792661 0.633717
v 0.433151 0.769609 0.668051
v 0.395290 0.767591 0.651313
v -0.670859 0.700151 -0.568662
v 0.308643 0.621555 0.754508
v 0.290360 0.570843 0.788905
v 1.434532 0.301928 -0.339032
v -1.350846 0.776607 -0.460133
v -1.319054 0.805159 -0.470590
v -1.335042 0.754702 -0.433006
v 0.327746 0.841984 0.392924
v 0.937277 0.510077 1.530165
v 1.515502 0.146239 2.087022
v 1.470432 0.219849 2.128274
v 0.175575 0.656477 -0.912706
v 0.202802 0.623271 -0.952022
v 0.712493 -0.062453 -0.548058
v 0.701363 -0.036769 -0.580412
v -0.783494 0.260799 0.955820
v 0.451507 0.822908 0.490138
v 0.425772 0.827931 0.512077
v 0.418176 0.822078 0.483215
v -1.045266 0.750299 -0.677567
v 0.562197 0.632380 0.273876
v 0.575491 0.646758 0.323782
v -0.307936 0.866244 -0.322890
v -0.309514 0.865050 -0.355493
v -0.493947 0.113108 0.648008
v -0.507452 0.095451 0.617012
v -0.562188 0.109903 0.654235
v 2.005981 -0.105052 -0.669768
v 0.410658 0.821690 0.439453
v -1.632545 0.508543 1.916834
v -1.639761 0.576771 1.928350
v -0.391169 0.717659 0.546278
v 1.789855 0.405623 -0.710679
v 1.825485 0.385845 -0.704632
v -0.547341 0.813235 0.161899
v -0.537173 0.783104 0.119664
v -0.940874 0.332352 0.201747
v -0.209945 0.649506 -0.733004
v -0.214608 0.671988 -0.697072
v 2.062385 0.156363 -0.430337
v -0.490992 0.761529 0.557472
v -1.217477 0.792822 1.367794
v -1.211574 0.808193 1.325157
v -2.189543 0.809890 -0.756025
v -0.195704 -0.011794 -0.873958
v -0.200749 -0.004495 -0.911065
v -0.308882 0.897000 0.065718
v -0.942679 0.839434 -0.273141
v -0.967072 0.839020 -0.291400
v 2.259345 0.075137 -0.515620
v 2.267981 0.097686 -0.554745
v 0.306488 0.426967 -1.048228
v 0.846834 0.556602 0.902372
v 0.868003 0.547152 0.955766
v -1.375404 0.372786 1.848134
v -1.334713 0.403416 1.845745
v -0.283810 0.743256 -0.525420
v 0.323924 0.822672 -0.087127
v 0.328766 0.809654 -0.043120
v -1.501163 0.329473 -0.550295
v -1.484378 0.295049 -0.600853
v 1.718090 -0.103419 -0.609566
v 1.668018 -0.105885 -0.630767
v -0.546971 0.210492 0.786028
v -0.657693 0.198908 0.826913
v -0.670235 0.235451 0.874660
v 0.271709 0.624493 0.722068
v 0.215423 0.571351 0.723794
v 0.794332 0.589399 -0.108472
v -0.054029 0.579218 -1.217966
v -0.089721 0.558977 -1.188304
v 0.033901 0.040597 -1.011056
v -0.070502 0.585791 -1.633535
v -0.988373 0.785667 0.620439
v 0.306228 0.829356 -0.118198
v 1.949775 0.391726 -0.608687
v -0.658016 0.647049 0.741870
v 1.293527 0.241560 2.136162
v 1.346340 0.255140 2.153026
v 1.613368 0.423885 -0.483045
v 1.628736 0.366153 -0.444745
v -0.104589 0.538712 -2.641425
v -0.129417 0.540489 -2.599815
v 0.081322 0.824572 -0.297180
v 0.066045 0.838090 -0.324658
v -0.192540 0.050649 -1.524235
v -1.188639 0.503308 0.557707
v -1.156240 0.502384 0.506815
v 0.775862 0.551862 1.300751
v 0.756852 0.517880 1.341718
v 0.198077 0.612655 -1.468113
v 0.742269 -0.023100 0.809014
v 0.788472 -0.007134 0.789230
v -1.401391 0.812610 -0.728255
v 1.167173 0.321395 1.388210
v -0.288065 0.108708 -1.498719
v 0.192102 0.103283 0.788744
v -0.417526 0.630810 -0.604673
v -0.449677 0.631705 -0.589936
v 0.078534 0.672765 -1.443955
v -0.669490 0.284022 -0.756386
v -0.728933 0.355039 -0.759672
v 0.597007 0.699021 -0.044023
v 0.620428 0.710423 -0.067814
v 0.618260 0.689100 -0.035627
v 0.288336 0.054555 0.673486
v 0.302688 0.050936 0.720381
v -0.328931 0.459787 -0.927253
v -0.362679 0.435421 -0.904426
v 0.350841 0.798310 0.077786
v 0.051437 0.678693 -1.469093
v 2.278372 -0.185909 -0.699385
v 2.343545 -0.101802 -0.775406
v 0.228295 0.819591 0.487239
v 0.185881 0.807010 0.485684
v -1.134356 0.486668 0.464008
v -1.107177 0.535313 0.458571
v -1.369624 0.677629 -0.845188
v -1.086328 0.225412 1.139761
v -1.120576 0.223646 1.104871
v -0.037911 0.023722 -0.921788
v 0.002476 0.031160 -0.963514
v 1.560174 0.042983 2.240127
v -0.382761 0.885644 0.005743
v -0.398239 0.872567 0.030972
v 0.583416 0.664078 0.377848
v 0.606354 0.621985 0.355031
v 0.700690 -0.026058 0.828729
v 0.677440 -0.029146 0.795985
v 2.138127 0.322398 -0.648347
v 2.168023 0.281907 -0.690968
v 2.372556 0.078470 -0.763654
v 2.356546 0.082698 -0.723416
v -2.044651 0.339335 -0.847038
v -1.908555 0.331729 -0.874895
v 0.111125 0.612002 0.587471
v 1.157536 0.482755 1.603533
v 1.106503 0.521227 1.563513
v 0.291286 0.420239 -1.443761
v 0.256444 0.482424 -1.515624
v 0.558386 0.695692 0.405976
v 0.592453 0.675362 0.433599
v -0.858405 0.503265 0.183153
v -0.811518 0.488110 0.141333
v -0.235865 0.620220 0.550787
v -0.237644 0.657961 0.524114
v 0.409255 0.066314 0.584470
v 0.414331 0.070597 0.635824
v -0.310225 0.372615 -1.319702
v -1.644672 0.609430 1.786234
v -1.602980 0.625450 1.750954
v 0.557330 0.782593 -0.231192
v 0.528752 0.796588 -0.231209
v -1.182794 0.772840 0.917091
v -1.195574 0.775677 0.987267
v -1.206273 0.745362 0.942358
v -0.543782 0.848066 -0.090730
v 0.784781 0.615219 0.822766
v 0.762548 0.629723 0.787012
v -0.838248 0.692752 0.318325
v -0.874671 0.685745 0.345888
v 0.190393 0.664032 -0.796247
v 0.198608 0.651013 -0.829265
v 0.890495 -0.101201 -0.508293
v 0.172918 0.069125 0.567007
v 0.188855 0.067288 0.621524
v 0.223907 0.059345 0.580400
v -0.134962 0.592654 -0.954353
v 0.885986 0.597061 1.251835
v 0.905519 0.602540 1.236230
v -1.362116 0.598731 1.868902
v -1.407381 0.554349 1.895338
v -1.411833 0.609503 1.882917
v -0.189035 0.172049 -2.204855
v -0.156117 0.167391 -2.121694
v -0.134460 0.177843 -2.220628
v -1.797236 0.605443 -0.948945
v -1.797974 0.657908 -0.925420
v -1.870828 0.640632 -0.938639
v -0.216782 0.434732 -2.328749
v 2.167133 -0.093488 -0.758695
v 1.604416 0.326607 -0.768386
v -1.329674 0.135401 -0.781280
v -1.409201 0.152788 -0.794552
v 1.182658 0.579321 -0.527708
v 1.242588 0.570340 -0.550231
v -1.118247 0.587784 -0.819839
v -1.151004 0.570566 -0.842022
v 1.009244 0.061972 -0.737320
v 0.877022 0.014277 -0.692923
v -1.126703 0.822308 0.935535
v -1.125087 0.826064 0.976158
v 0.011748 0.691601 -1.005974
v -0.011302 0.680483 -1.009381
v 1.361528 0.360571 -0.747816
v 1.321831 0.348789 -0.749004
v 0.326216 0.345599 -1.236214
v 0.335081 0.324184 -1.138260
v 0.848799 -0.038255 1.112772
v 0.862383 -0.038192 1.161500
v 0.410227 0.556025 0.919216
v 0.804468 0.608001 1.163913
v 0.005536 0.647009 -1.767092
v 0.043922 0.654572 -1.787330
v 0.488605 -0.020649 -0.528841
v 1.930465 0.099938 -0.763403
v 2.005701 0.052119 -0.770050
v -0.702915 0.640795 0.779949
v -0.724891 0.704138 0.739178
v 1.281886 0.030023 -0.238445
v 1.303136 -0.024282 -0.295073
v 1.246966 -0.030511 -0.285655
v 0.635545 0.488406 0.077790
v 0.681257 0.491220 0.038915
v -0.531728 0.030893 0.253068
v -0.547472 0.032706 0.308029
v -0.313662 -0.127348 -0.312984
v -0.795423 0.481511 0.939881
v -0.880039 0.452905 1.053651
v -0.919148 0.826411 -0.247822
v -0.895005 0.839906 -0.245292
v -1.286313 0.188648 0.968971
v -1.276363 0.193296 1.031161
v -0.434245 -0.010879 0.332379
v -0.456552 -0.002221 0.382526
v -0.399870 0.029333 -0.779229
v 0.776891 0.496059 1.388500
v -0.593984 0.896538 -0.220149
v 0.794562 0.543942 -0.538513
v 0.782808 0.598662 -0.473212
v 1.116452 0.428475 1.423232
v 0.067729 0.684135 -1.029037
v 0.073580 0.674063 -1.068009
v -2.022984 0.804588 -0.807308
v -1.987721 0.825109 -0.787657
v -2.056208 0.833804 -0.767403
v -1.061721 0.081289 0.519349
v -1.017315 0.072797 0.550232
v 0.605229 0.532375 0.239923
v 0.635910 0.482272 0.286671
v 0.628271 0.562518 0.331469
v -0.407719 0.541126 0.675277
v -0.389831 0.444744 0.690361
v 0.249076 0.841315 0.459981
v -0.752608 0.007901 -0.294315
v -0.195447 0.631944 -0.773256
v -0.152990 0.652658 -0.797713
v -0.329822 -0.035082 -0.715296
v -0.317450 -0.049818 -0.675130
v 1.824553 -0.087572 -0.625017
v 1.771267 -0.094446 -0.612772
v 0.400625 -0.102257 -0.079276
v 0.808767 0.588472 0.846556
v 0.837701 0.561762 0.855664
v 0.219600 0.601133 -0.999254
v 0.328263 0.036621 0.379893
v -1.094566 0.700701 0.668527
v -0.958573 0.055871 0.459149
v 0.598651 0.619331 0.030024
v -0.684404 0.791687 -0.113316
v -0.670398 0.727084 -0.050096
v -0.138305 0.882205 0.171310
v 0.841027 0.365330 0.010552
v 0.907685 0.414888 -0.051553
v -0.977430 0.716833 0.517679
v -2.347111 0.875598 -0.635145
v -2.391926 0.874842 -0.643585
v 0.562409 0.566596 -0.496163
v 0.434334 0.052974 0.899728
v 0.449781 0.048827 0.844059
v -0.780776 0.433794 0.054918
v -0.799071 0.444783 0.100712
v 0.028641 0.228192 0.627381
v -0.032518 0.239137 0.594431
v 0.404388 0.738263 0.127918
v 0.393169 0.745794 0.176696
v 0.525820 0.794434 -0.285653
v 0.548115 0.763444 -0.311844
v -1.233050 0.774829 1.473932
v -1.249277 0.762314 1.518913
v -1.264441 0.789521 1.480195
v -0.940495 0.776040 0.575138
v 0.271472 0.678775 -0.489100
v 0.303122 0.757654 -0.360852
v 0.336862 0.767463 -0.354531
v 0.309629 0.769169 -0.341546
v 0.459896 0.595814 -0.484916
v 0.431102 -0.096879 -0.107114
v 0.656673 0.471478 1.320641
v -1.388900 0.210521 1.269421
v -1.377393 0.234353 1.184239
v -1.420738 0.251155 1.259940
v -1.913964 0.883868 -0.735194
v -1.876900 0.862071 -0.769151
v -1.857062 0.872400 -0.740021
v -0.063080 0.249421 -2.534660
v -0.086692 0.276991 -2.568386
v -0.480575 -0.023244 0.064976
v -0.456652 -0.047230 0.029132
v 0.562220 0.595428 -0.467012
v 1.616896 0.448643 -0.513278
v -0.036837 0.916891 0.025997
v -0.032755 0.923562 -0.003948
v 0.741603 0.688099 0.867749
v 1.546093 0.073915 2.109857
v 1.565431 0.040353 2.183411
v -0.730004 0.882976 -0.223760
v 1.640146 0.471328 -0.624380
v -1.220130 0.801742 1.147364
v -1.204633 0.825163 1.187205
v -1.387047 0.149586 -0.732978
v -1.411466 0.147632 -0.767873
v -2.087823 0.623449 -0.925558
v -2.161704 0.669124 -0.901418
v -0.702861 0.826034 0.588053
v 0.366876 0.529627 0.911233
v -1.239868 0.229654 1.234653
v -1.223073 0.223425 1.162354
v -1.254215 0.217800 1.188245
v 0.982407 0.097259 -0.034221
v 1.041375 0.110991 -0.049180
v -1.974650 0.662295 -0.923581
v -1.989826 0.696957 -0.904828
v -0.427658 0.598798 0.665295
v -0.442048 0.640579 0.649622
v -0.042768 0.896560 0.073339
v -0.311511 0.727411 0.476129
v -0.313235 0.704685 0.513071
v 1.142035 0.009817 1.383779
v 1.115981 0.016445 1.335596
v 1.084005 -0.026508 1.357289
v -1.071776 0.692819 -0.215775
v -1.006455 0.641641 -0.152473
v -1.080872 0.641787 -0.185075
v -1.197325 0.692248 0.800723
v -1.224256 0.675059 0.832763
v -0.305821 0.906028 -0.233718
v -0.336288 0.912863 -0.212277
v 0.178790 0.528343 0.715136
v -0.258458 0.059316 -1.208076
v -0.224720 0.039759 -1.151493
v -0.053431 0.577367 -2.572053
v 1.242545 0.515822 -0.420780
v 1.204664 0.555679 -0.434946
v -0.544732 0.834095 0.393778
v -0.536557 0.842477 0.362414
v 0.908918 0.516324 1.498413
v 1.325464 0.334975 1.758249
v 1.162591 0.396299 1.737153
v 1.217127 0.352294 1.797917
v -1.594845 0.839404 -0.621122
v -1.583921 0.815323 -0.584423
v -1.102042 0.862015 -0.454194
v -1.107989 0.854987 -0.406130
v -1.348733 0.477837 -0.334020
v -1.259048 0.399163 -0.276061
v 1.366996 -0.005049 -0.289022
v 0.999162 0.342455 1.731925
v 2.256864 0.030350 -0.479644
v 2.341953 -0.057816 -0.492202
v -1.513018 0.192404 -0.739308
v -1.561801 0.219234 -0.739972
v -1.524655 0.225103 -0.708743
v -2.013289 0.766923 -0.542561
v -2.052449 0.813915 -0.568136
v 2.116297 -0.156616 -0.629220
v 0.400528 0.823527 -0.222237
v 0.432197 0.809870 -0.236212
v 0.358812 0.080008 0.528571
v 0.393410 0.060227 0.522542
v 1.063887 -0.036947 1.439366
v -1.896690 0.865551 -0.637966
v -1.873536 0.841439 -0.608338
v -0.938432 0.207914 0.905590
v -0.918975 0.198482 0.871856
v -0.825617 0.863096 -0.259021
v -0.853385 0.831608 -0.240048
v -0.236717 0.406681 -1.983085
v -0.254971 0.381348 -1.938186
v 0.311046 0.332823 -1.345079
v 0.315968 0.289516 -1.276004
v 1.181804 0.217670 -0.781457
v 1.144468 0.124578 -0.772775
v 1.274518 0.195106 -0.784684
v 0.297148 0.060141 0.629606
v -1.610183 0.531444 1.623941
v 1.112415 0.582701 -0.392535
v 1.123562 0.606624 -0.440982
v 1.143979 0.586894 -0.432735
v 0.074341 -0.106859 -0.302093
v -1.701166 0.562210 1.876592
v 0.937856 0.369587 0.792316
v 0.931061 0.287549 0.765101
v 0.715094 -0.077793 -0.507454
v 0.111004 0.857696 0.360319
v 0.074154 0.844538 0.360522
v -0.023689 0.502216 0.552027
v 1.064919 0.615814 -0.485891
v 1.012237 0.653059 -0.454523
v -0.876470 0.803624 0.773827
v -1.610753 0.310572 -0.666091
v -0.631898 -0.010962 -0.290756
v -0.624135 -0.019869 -0.328891
v -0.691881 -0.007245 -0.362696
v -0.728524 0.008919 -0.325452
v 0.239927 0.148707 -1.251234
v 0.273227 0.194285 -1.308663
v -0.031911 0.804430 0.358246
v 0.007202 0.809350 0.371102
v 0.609586 0.625766 0.992809
v 0.639556 0.652478 0.970780
v 0.640964 0.618553 1.032807
v 0.226299 0.654021 -0.560409
v 0.058490 0.847428 -0.173568
v 0.033933 0.855280 -0.199576
v 0.056005 0.876537 0.007020
v 0.080289 0.867255 0.001172
v 0.051590 -0.000158 -0.794507
v -0.827366 0.877104 0.568161
v -0.827675 0.871976 0.545279
v -0.799573 0.889694 0.550181
v 0.029787 0.125275 -1.627903
v -0.873923 0.034320 0.278448
v -0.899053 0.054052 -0.512163
v -0.881603 0.042781 -0.556339
v 0.284316 0.754243 0.615239
v 0.316510 0.739141 0.646881
v -0.675028 0.903288 -0.384002
v -1.255837 0.238020 1.421466
v -1.215156 0.238295 1.426292
v 1.907196 0.326332 -0.735115
v -1.863661 0.571860 -0.955405
v 1.432298 -0.104633 -0.639326
v -1.116480 0.606093 -0.182404
v -1.157250 0.669630 -0.241265
v 0.352393 -0.092623 -0.209644
v 0.385986 -0.091834 -0.183121
v 0.188593 0.831524 -0.122466
v 0.680072 0.695781 -0.123105
v 0.707456 0.692828 -0.178800
v -1.336544 0.634839 1.840047
v 1.158252 0.325417 -0.183477
v 1.175852 0.212227 -0.157662
v -0.222564 0.778423 0.375952
v -0.249690 0.766201 0.403910
v 0.203781 0.777997 -0.361633
v -0.049827 0.744817 -0.791984
v 0.145361 0.072677 0.306083
v 0.162998 0.076367 0.354383
v 0.258433 0.531306 -0.915855
v -0.902965 0.536109 0.232744
v -2.150680 0.751917 -0.532701
v -0.618802 0.852136 -0.436398
v 0.189420 -0.035212 0.197902
v 0.552155 0.650434 0.907981
v 0.554469 0.612490 0.956406
v 1.280158 0.169510 2.132584
v -1.077436 0.743739 1.188883
v -1.069583 0.759469 1.126865
v 0.358687 0.754918 0.651738
v 0.352574 0.718002 0.685909
v -1.749513 0.317956 -0.742266
v -0.581767 0.850436 0.289240
v -0.551674 0.858527 0.309406
v 0.279611 0.498000 -1.111816
v 0.137631 0.359449 -2.433440
v -0.506368 0.789548 0.054663
v -0.484154 0.824937 0.023342
v -0.476715 0.814058 0.055635
v -1.061909 0.742563 -0.246884
v -0.262382 0.368181 -2.510659
v 2.167237 0.122834 -0.472541
v -0.587755 0.924942 -0.342786
v -1.069667 0.683184 1.255198
v -0.528442 0.773738 0.084682
v -0.560340 0.761681 0.111781
v 0.714403 0.231691 1.514077
v 0.762064 0.301945 1.540835
v 0.783452 0.207625 1.575937
v -0.420269 0.003470 0.164072
v -0.456290 0.011259 0.163313
v 0.510282 0.791893 0.658815
v -1.210705 0.542568 0.629888
v 0.127896 0.666711 -1.096531
v -1.939398 0.614198 -0.942203
v -1.978233 0.582539 -0.943907
v 0.936224 0.002253 1.049448
v 0.947901 0.650346 -0.455877
v 0.968934 0.671460 -0.444291
v -0.192056 -0.037596 -0.656433
v 0.277173 0.758825 -0.357750
v -1.639991 0.304662 -0.698242
v -1.654066 0.340264 -0.658497
v 0.757765 -0.080554 -0.187833
v -1.507637 0.795440 -0.551277
v -0.799342 0.015985 -0.171167
v -0.694592 0.016872 0.293852
v 1.099204 -0.104401 -0.515925
v -0.296876 0.032759 0.464397
v -1.319592 0.232762 0.917680
v -1.284695 0.193403 0.905915
v -0.513972 0.857224 0.328790
v 0.114241 0.664295 -1.170798
v 0.974671 0.622398 -0.300029
v -1.428891 0.221192 -0.663615
v 1.528722 -0.072435 -0.703394
v 1.581852 -0.036976 -0.735621
v 0.466905 -0.091694 -0.231175
v -1.148901 0.849170 1.105111
v -1.175240 0.839820 1.151515
v 1.012441 -0.089082 -0.632705
v 0.965999 0.437131 0.963850
v -1.724500 0.760565 -0.839634
v -1.743605 0.809118 -0.800112
v 1.218491 0.147386 1.394973
v 1.204788 0.202593 1.358172
v 1.181430 0.155338 1.326739
v -1.413691 0.609548 -0.895600
v -1.422367 0.547175 -0.928602
v -0.328654 -0.029134 0.254908
v -0.347116 -0.016749 0.214967
v 0.565931 0.804556 0.557312
v 0.552245 0.812065 0.530958
v 1.538653 0.129395 2.155033
v -0.841268 0.029056 0.233995
v -0.827499 0.018755 0.292885
v -0.901277 0.047651 0.418143
v -0.669772 0.718489 -0.538300
v 0.037762 0.667522 -1.497658
v 0.028007 0.654255 -1.536300
v 1.137081 -0.080626 1.792648
v 1.167947 -0.114414 1.847577
v 1.171908 -0.097817 1.790961
v -1.272497 0.118713 -0.755998
v -1.314915 0.119516 -0.744072
v -1.376460 0.198691 1.329320
v -1.390738 0.191419 1.381446
v -1.348111 0.206016 1.359289
v 0.036890 0.499191 -2.619725
v 0.065349 0.439846 -2.594269
v 0.182037 0.316924 -2.044322
v 0.153302 0.261379 -1.958305
v -0.615738 0.025604 0.281838
v -0.596674 0.038436 0.327663
v 0.058427 0.547277 -2.415385
v 1.505786 0.433235 -0.464144
v 1.468028 0.439472 -0.458566
v 1.471370 0.465888 -0.488662
v 1.868869 0.015335 -0.756369
v 1.895400 0.050068 -0.757476
v 0.652664 0.711672 -0.092788
v 0.634416 0.720095 -0.095097
v 1.059404 0.538809 1.538881
v 1.069078 0.522717 1.573837
v 1.218625 -0.092961 -0.449923
v 1.216818 -0.093437 -0.397753
v -1.207445 0.788922 1.067847
v -0.268395 -0.059750 -0.123371
v -0.300280 -0.061104 -0.075504
v -0.276209 -0.042736 -0.045338
v 0.229695 0.405851 0.866161
v -0.100323 0.565091 -1.133917
v -0.078670 0.590078 -1.100296
v -0.209783 0.441961 -2.444462
v -0.892544 0.604815 0.268525
v -1.042607 0.073473 0.480399
v -1.014462 0.066684 0.449363
v 0.251681 0.851592 0.431451
v -1.530261 0.249001 1.672828
v -1.602064 0.301395 1.680600
v -0.386057 0.535787 -0.709649
v -2.115967 0.870321 -0.686634
v -0.944962 0.668015 0.406281
v -0.906822 0.680774 0.377316
v 0.769915 0.524336 -0.559357
v 1.021733 0.557105 1.416040
v -1.551779 0.322828 -0.600333
v -1.516927 0.299032 -0.618940
v -1.103974 0.665767 0.621600
v -1.310014 0.848973 -0.582679
v 1.727866 0.132343 -0.360059
v 0.328343 0.488413 0.924730
v 0.331827 0.449381 0.994525
v 0.291629 0.440988 0.937402
v 0.251459 0.597607 -0.577021
v -0.101213 0.581761 -2.412978
v -0.892183 0.870945 0.672542
v -0.891311 0.861708 0.702109
v -0.913883 0.857032 0.700231
v -0.873041 0.831136 -0.236161
v 0.196848 0.897359 0.224103
v 0.168134 0.895399 0.216627
v -0.280918 0.752071 0.435720
v 0.228474 0.189779 -1.495654
v 0.172641 0.169474 -1.602073
v 0.465729 -0.079490 -0.418606
v 0.509460 -0.089933 -0.377987
v 0.181350 0.580950 -1.682353
v 0.729726 0.595524 -0.060520
v 0.263848 0.789367 -0.272655
v -1.019268 0.605470 -0.753184
v -1.002151 0.629204 -0.729548
v 0.596491 0.768925 -0.227365
v 0.523111 0.041598 0.138779
v 0.538155 0.001978 0.057505
v 0.475449 -0.015639 0.104356
v 0.358927 -0.097078 -0.378950
v -1.132050 0.425013 -0.172262
v 0.558662 0.774524 0.504900
v 0.411700 0.755035 -0.346326
v -2.044665 0.628703 -0.528902
v -2.040182 0.559347 -0.540890
v -0.049817 0.600502 -1.109964
v -0.034362 0.597239 -1.152787
v -0.024366 0.614202 -1.111385
v -0.490664 -0.002646 0.112271
v -0.145178 0.520839 -1.175323
v -0.125258 0.539291 -1.154020
v -0.154747 0.529393 -1.119291
v 0.330614 0.780526 -0.319356
v -1.033177 0.096159 -0.532225
v -1.068609 0.112252 -0.513005
v -1.022894 0.100000 -0.489531
v 0.576220 0.045647 0.390270
v -0.288769 0.317577 -2.285768
v -0.289018 0.321061 -2.360149
v -1.115907 0.317306 -0.840099
v -0.845133 0.221935 -0.767506
v 0.823714 0.630188 1.131980
v -1.144709 0.093783 -0.679763
v -0.229046 0.619423 -0.753772
v -1.063993 0.098248 -0.323948
v 0.557242 0.580084 1.006219
v 0.583307 0.592053 1.012571
v 0.359885 -0.081712 0.118191
v 0.325816 -0.091606 0.099832
v -0.286527 0.249870 -2.343732
v -0.302519 0.286421 -2.348842
v -0.308187 0.255596 -2.280889
v -1.714427 0.849644 -0.652700
v -1.762135 0.854069 -0.660286
v 2.184945 -0.143364 -0.485435
v -0.288845 0.487335 -0.948283
v -0.389564 0.824266 -0.425992
v -0.363558 0.841302 -0.413516
v -0.398743 0.851940 -0.396249
v -0.062367 0.670789 -0.937086
v 2.339286 0.098913 -0.642821
v 2.302858 0.101365 -0.601518
v 0.783475 0.624019 0.865197
v 0.516995 0.156783 1.328755
v 0.540607 0.232983 1.358302
v 1.750026 0.463220 -0.619953
v 1.731201 0.479040 -0.616897
v -0.751838 0.640396 0.819744
v -0.722450 0.563291 0.841038
v 1.042554 0.532290 -0.569608
v 0.997026 0.529129 -0.577660
v 0.416189 -0.088503 0.037557
v -1.155459 0.730899 -0.731671
v -0.918262 0.706494 -0.646774
v -0.962562 0.738684 -0.644466
v -1.651885 0.592187 1.905848
v -0.691095 0.643392 -0.008377
v -0.715833 0.557739 0.027599
v 0.904919 0.672673 -0.412268
v 0.915189 0.628643 -0.461265
v -2.205438 0.781640 -0.794641
v -0.874673 0.660210 -0.660350
v -1.518895 0.304187 1.428199
v -1.472753 0.219010 1.409470
v -1.465982 0.275150 1.351048
v 0.596887 0.186868 0.208795
v 0.452074 0.739181 0.014423
v 0.437342 0.729833 0.055666
v 0.415649 0.752752 0.031073
v -0.793056 0.035519 -0.108566
v -0.758931 0.007083 -0.142967
v 0.772086 -0.012387 -0.641879
v -0.037177 0.719360 0.449589
v -0.077399 0.725272 0.444193
v -1.391907 0.576656 1.228246
v -0.809807 0.651740 0.862455
v -0.790638 0.695227 0.801311
v 0.150826 0.062614 0.263938
v 0.198489 0.040817 0.273477
v -0.142721 0.859658 -0.428612
v -1.629293 0.432100 1.866051
v -0.774810 0.736678 0.742995
v -0.417764 0.891170 -0.262944
v -0.407051 0.898965 -0.227267
v 1.507337 -0.091606 -0.413696
v -0.679577 0.698096 0.177946
v -0.310761 0.086690 -1.181618
v -1.780881 0.410342 -0.616300
v 1.829711 0.373950 -0.519719
v 1.793910 0.409926 -0.532788
v -2.445134 0.775422 -0.812845
v -0.177836 0.481130 -2.286361
v -0.164238 0.506281 -2.346223
v 0.246670 -0.088325 0.005007
v 0.281167 -0.096429 -0.017377
v 0.237387 -0.082325 -0.052682
v 0.511137 0.002282 0.462348
v 0.676529 -0.024148 0.734413
v 0.649619 -0.024989 0.759960
v 1.243192 -0.105340 1.720699
v -0.479235 0.886988 -0.120424
v -0.510776 0.877793 -0.117946
v -1.186319 0.722669 1.516972
v -1.181528 0.681336 1.583063
v -0.960320 0.084994 0.575908
v 0.166881 0.736549 -0.584479
v 0.091081 0.846428 -0.147275
v -0.498431 0.829893 -0.013238
v 1.764441 0.129915 -0.776868
v -1.434506 0.467942 -0.944320
v -1.348541 0.371245 -0.906036
v 0.538055 0.637578 0.243300
v 0.568936 0.591284 0.226505
v 0.123744 -0.004575 -0.752098
v 0.124317 0.596076 -2.054997
v -0.585176 -0.037977 -0.193321
v -0.554180 -0.035657 -0.219187
v 0.188699 0.780290 -0.382462
v 0.215505 0.569176 -1.136887
v 0.229976 0.556886 -1.164481
v -0.114625 0.315663 -2.602142
v 1.116660 0.195046 1.208879
v -1.344274 0.691621 1.792025
v -1.351357 0.710018 1.767467
v -1.116011 0.866507 -0.582880
v -1.147481 0.858378 -0.567434
v -1.130417 0.863424 -0.601464
v -1.028023 0.851856 0.889575
v -0.996991 0.845774 0.878984
v -1.008708 0.831137 0.931885
v -0.320061 0.892600 0.135380
v -0.342813 0.890855 0.119021
v -1.730412 0.247839 -0.824950
v 0.733609 0.670448 -0.178905
v 0.732149 0.702510 -0.231867
v 1.251433 -0.073890 2.000914
v 0.357980 -0.037739 0.298250
v -0.080702 0.059520 -1.380869
v -0.064760 0.066629 -1.324860
v -1.183560 0.855005 -0.546677
v -1.219402 0.846710 -0.525187
v -1.208116 0.850257 -0.565150
v -0.919933 0.161906 0.739324
v 0.743675 0.411669 -0.630542
v 0.701125 0.342726 -0.644674
v 0.767273 0.354858 -0.662981
v -1.549925 0.799467 -0.781090
v 0.133572 0.644478 -1.201263
v -0.068199 0.873709 0.217310
v -0.034717 0.864688 0.235787
v 0.538681 -0.088751 -0.394407
v 0.820364 0.459240 0.595087
v -0.807953 0.085233 -0.669688
v -0.677454 0.042291 -0.643055
v -0.717082 0.102442 -0.697631
v -1.200670 0.749956 1.460256
v -1.222596 0.785027 1.417317
v 0.691711 -0.082127 -0.197944
v 0.716890 -0.075025 -0.155545
v -0.576182 0.728645 0.090205
v 0.308229 0.741412 -0.386499
v 0.779428 0.443635 0.524898
v 1.288570 0.373150 -0.308332
v 1.338481 0.372984 -0.347264
v 2.222687 0.166904 -0.580666
v -1.065122 0.880977 -0.592002
v -1.764263 0.842364 -0.756843
v -1.816391 0.861753 -0.725552
v -0.192815 -0.011467 -0.839747
v -2.316210 0.877377 -0.641826
v -0.340603 0.867891 0.177699
v -0.311579 0.881650 0.161643
v -0.952611 0.206033 1.046894
v -0.973556 0.201473 1.007011
v 0.299459 0.236753 -1.298703
v -0.121198 0.091599 0.443948
v 1.189348 0.368110 -0.231195
v 1.230578 0.370167 -0.262569
v -0.633134 0.841633 -0.134603
v -0.602178 0.857900 -0.149573
v -0.822739 0.809372 0.442718
v -1.296763 0.700126 1.735163
v -1.265659 0.684377 1.725443
v 0.294050 -0.113201 -0.253586
v -1.346967 0.720655 1.490729
v 0.293423 0.862858 0.253532
v 1.119426 -0.023441 -0.228873
v 1.175873 -0.043137 -0.276339
v 0.359047 0.830548 -0.224366
v 0.049915 0.088099 0.476404
v 0.014388 0.075721 0.409729
v 0.162003 0.814109 0.458758
v 0.126968 0.815607 0.437299
v 1.059408 0.315760 1.777106
v -0.119026 0.556298 -2.125958
v -2.035934 0.410679 -0.676602
v -0.120772 0.888813 -0.355333
v -0.139614 0.874789 -0.388391
v -0.168203 0.894313 -0.213130
v -0.196992 0.899527 -0.199339
v 1.300291 0.507151 -0.621373
v 1.331681 0.493257 -0.639692
v 0.080173 -0.117931 -0.336158
v -1.332676 0.212516 1.147811
v -1.328227 0.203987 1.205305
v -0.159297 -0.014753 0.174218
v 0.058912 0.102890 0.533666
v 0.484086 0.820420 0.483278
v 0.473950 0.794607 0.439802
v 0.506115 0.799327 0.471732
v 0.916501 -0.090550 -0.389941
v 1.544968 0.066400 -0.309705
v 1.596670 -0.007563 -0.343024
v 0.187753 -0.061440 -0.080604
v 0.224742 -0.070502 -0.101840
v 2.279456 0.133828 -0.730022
v 2.327788 0.106844 -0.683295
v 0.389664 0.045671 0.463693
v -1.318555 0.124924 -0.706914
v -1.351724 0.133965 -0.725422
v 0.336025 0.826936 -0.128266
v 0.342451 0.376345 1.056401
v -1.468082 0.665512 1.659341
v -1.450401 0.687464 1.675112
v -2.367188 0.652146 -0.587975
v -2.329226 0.696269 -0.559254
v 0.172117 0.820577 -0.209856
v -2.375779 0.773603 -0.576429
v -2.306956 0.745944 -0.554268
v -1.451387 0.504062 1.909559
v -1.494116 0.457990 1.912627
v -0.874594 0.053602 -0.406320
v -0.188887 0.048377 -1.472752
v 0.148499 -0.106168 -0.428593
v 0.733816 0.662528 1.011854
v 0.778468 0.666716 1.040318
v 0.067259 0.768164 -0.892681
v 0.494925 0.802434 -0.213798
v 0.490023 0.813038 -0.185036
v -1.100368 0.522113 -0.150776
v 0.921103 0.581527 -0.521042
v 0.247771 0.542378 -0.849924
v 0.251562 0.544677 -0.886377
v -1.437112 0.245707 1.737469
v -1.409226 0.282540 1.784494
v -0.243759 0.716347 -0.598027
v -0.268738 0.722420 -0.565151
v -0.274466 0.696967 -0.599053
v -0.187053 0.009364 0.348468
v -0.151305 0.888303 -0.248226
v -0.304334 -0.021164 0.038126
v -0.057506 0.897675 -0.096178
v 0.080372 0.276072 0.686623
v 0.108857 0.704601 -0.914479
v 0.145136 0.679325 -0.902182
v -1.392597 0.211149 1.560328
v -1.457230 0.190821 1.526324
v 0.369965 0.825433 0.333037
v 0.355160 0.816437 0.283614
v -0.277635 0.687132 0.512726
v -0.242046 0.693973 0.489899
v 0.327078 -0.103070 0.048364
v -1.270339 0.805567 1.442323
v -2.042168 0.501268 -0.570863
v -2.095825 0.503451 -0.559371
v -1.672631 0.365500 -0.620092
v -1.685148 0.389675 -0.586938
v 0.190013 -0.064858 0.010965
v 0.124511 -0.028778 -0.035368
v 0.110944 -0.018791 0.014053
v 1.551742 0.101794 2.217623
v 0.297690 0.332424 -1.446953
v 0.084200 -0.047410 -0.168901
v 0.118783 -0.051093 -0.138181
v 0.417079 0.831904 0.546194
v -1.619752 0.593502 -0.489985
v 1.383790 0.325764 -0.334177
v 0.052224 0.707301 -0.987367
v 0.033673 0.700834 -1.004408
v 0.052589 0.842608 -0.418035
v 0.054636 0.846185 -0.364339
v -1.883400 0.314538 -0.849783
v 0.047287 0.038472 0.225581
v -0.144721 0.006503 0.117701
v -0.115493 0.037131 0.065883
v -1.170857 0.151034 -0.457503
v 0.153299 0.193003 -1.700003
v -0.045241 0.820633 0.322467
v -0.085763 0.793785 0.353623
v -0.174827 0.764253 -0.593076
v -0.195527 0.754535 -0.589417
v -0.770141 0.758688 0.326106
v -0.818630 0.741115 0.366756
v -0.788170 0.731112 0.315624
v 0.339637 0.054553 0.751923
v 0.388496 0.059186 0.772621
v 1.033631 0.351485 1.120655
v -1.116224 0.088207 0.686956
v -1.122911 0.085901 0.648333
v -1.125918 0.097721 0.606633
v 1.103664 0.609268 -0.497246
v -0.961897 0.064929 -0.220380
v 0.663880 0.011545 1.155915
v 0.624310 0.016389 1.069568
v 0.903043 0.104855 1.669878
v -0.333930 0.876325 -0.294804
v 1.740925 0.431820 -0.517174
v 1.765757 0.449492 -0.564265
v 1.383463 0.053576 -0.258036
v 1.312708 0.075946 -0.226187
v 1.144177 0.402222 1.460029
v -1.184376 0.576841 -0.848143
v 1.440617 -0.107319 -0.421027
v 1.477819 -0.076262 -0.374578
v -0.949908 0.789780 -0.233879
v 0.490989 0.823403 -0.154618
v -1.141423 0.232708 1.303687
v 0.840522 -0.011555 1.245456
v 0.839184 -0.001472 1.303557
v 1.093820 0.364718 -0.727891
v 0.986801 -0.101119 -0.585424
v 0.558822 -0.089684 -0.136127
v -0.467963 0.167160 -0.804124
v -0.160231 0.557685 -0.984543
v -0.148373 0.574882 -0.968789
v -1.456516 0.589193 1.493501
v -1.454252 0.632047 1.556827
v -1.487957 0.588629 1.548701
v -1.444073 0.395686 1.883650
v -1.269999 0.230857 1.295826
v -1.687005 0.307265 -0.723177
v -0.310890 0.234253 -2.205631
v -1.947191 0.841855 -0.782852
v -1.910207 0.853773 -0.783079
v 0.798555 -0.010509 1.190790
v 0.750503 -0.005624 1.136973
v 0.741317 0.003346 1.187327
v -1.191824 0.809356 -0.665350
v -1.182578 0.842899 -0.633866
v -1.292801 0.780947 1.396528
v -0.889586 0.860729 0.637775
v -1.010315 0.685854 -0.699119
v -0.969045 0.633170 -0.714777
v -0.609335 0.831575 0.488666
v -0.575932 0.809555 0.504084
v 0.726002 0.600738 -0.491960
v -0.504388 0.040341 0.509041
v 0.062559 0.082338 -1.280003
v 0.052609 0.077701 -1.234473
v 0.233509 0.040574 0.303605
v 0.233162 0.001684 0.257310
v 1.493379 -0.097335 -0.667782
v -0.643997 -0.040936 -0.508171
v -0.658107 -0.041513 -0.471879
v -0.620140 -0.047947 -0.482058
v -0.359947 0.872170 -0.313984
v -0.044593 0.179762 -1.974223
v 0.639572 0.660946 -0.022473
v 0.665068 0.635671 -0.025727
v 0.532013 0.595269 0.977178
v 1.300353 0.399494 -0.715642
v -1.166927 0.857283 -0.525022
v -1.044558 0.085389 -0.575194
v -0.126657 0.570601 -2.557522
v -0.143887 0.551696 -2.509047
v -0.140882 0.545586 -2.554605
v -0.054189 0.866423 -0.394907
v -1.848666 0.865317 -0.658012
v -1.379361 0.649620 1.848267
v -1.432679 0.640127 1.867658
v 1.345913 -0.117928 -0.496555
v -0.266704 0.080367 -1.420162
v -0.234370 0.060452 -1.367632
v -0.292804 0.524335 -0.856379
v 0.099687 -0.030624 -0.680061
v 0.069078 -0.016284 -0.717295
v 0.043493 -0.027989 -0.665539
v -0.061062 0.201764 -2.434454
v -0.715713 0.078205 0.548037
v -0.740086 0.086804 0.539265
v -0.747992 0.097702 0.602611
v -0.585895 0.020697 0.235454
v -0.789960 0.016659 0.315595
v -2.089349 0.691742 -0.523122
v -1.075351 0.797198 1.061431
v -0.971107 0.579898 1.137897
v -0.981323 0.651534 1.086358
v -1.826089 0.807134 -0.583103
v 0.198652 0.559086 -1.625371
v -0.447585 0.057690 0.536628
v 0.536280 0.321695 1.322162
v 0.620267 0.310927 1.412044
v 0.146046 -0.046528 -0.103673
v -0.018076 0.042777 -0.044259
v 0.389939 0.505576 -0.567259
v -0.767839 0.473228 0.018402
v -0.809608 0.499280 -0.017532
v 0.495970 0.803393 -0.239513
v -1.962627 0.727689 -0.881158
v -1.925705 0.755764 -0.863319
v -1.984203 0.767765 -0.844213
v -1.051391 0.562498 0.406126
v 0.887963 0.491409 0.784112
v -0.167929 0.490035 -2.245432
v -0.189804 0.460777 -2.226558
v -0.089126 0.777768 -0.696376
v -1.004394 0.774982 -0.640278
v -1.026640 0.764071 -0.659710
v 1.152908 0.179176 1.264203
v -2.356161 0.527571 -0.676564
v -2.381678 0.593714 -0.633170
v 0.169732 0.862845 0.367590
v 0.196017 0.869350 0.379879
v 0.143553 -0.041555 -0.070204
v 1.500283 0.496112 -0.538187
v -0.445358 0.891177 -0.266792
v -2.021508 0.724602 -0.879111
v -0.678165 0.169831 0.778386
v -0.108288 0.584154 -2.541488
v -0.088502 0.587463 -2.513961
v -0.210909 -0.069929 -0.196057
v -0.170519 -0.060862 -0.227800
v 1.039394 0.396588 -0.704251
v 0.227253 -0.033682 0.216729
v 1.048603 0.026717 1.788304
v 1.010346 0.108439 1.781149
v -1.753196 0.777477 -0.568208
v -1.816948 0.775327 -0.564288
v -0.037971 0.873511 -0.169493
v -2.292741 0.797234 -0.557940
v -0.708742 0.904463 -0.251207
v -0.725307 0.914258 -0.282334
v -0.534588 0.916520 -0.371598
v 0.753610 0.112037 0.059590
v 0.687186 0.068503 0.060892
v 0.482678 0.834286 0.514766
v -1.132934 0.426543 0.444398
v -0.031862 0.073447 -1.461020
v -0.014932 0.085543 -1.508331
v -0.829748 0.867413 0.654343
v -0.859844 0.870314 0.682544
v -1.290846 0.428638 1.826507
v -1.257524 0.466194 1.793513
v 1.170565 0.546801 -0.395971
v 1.179253 0.512996 -0.356206
v -0.441438 -0.073835 -0.268845
v -0.462546 -0.077667 -0.323188
v 0.535681 0.799158 0.498608
v 0.142717 0.862025 0.361566
v 1.310295 0.530237 -0.487131
v 1.316961 0.561708 -0.521819
v -0.821231 0.035468 -0.593687
v -0.863086 0.063890 -0.630739
v -0.879421 0.046045 -0.595384
v -0.609756 0.839631 0.277767
v 0.318090 0.064366 0.596468
v 0.270467 0.056663 0.589928
v -1.873791 0.762963 -0.863891
v -1.820788 0.717447 -0.888246
v 0.813387 0.232130 0.575428
v 0.997443 0.510541 1.281038
v 0.972311 0.550811 1.267512
v 2.184275 -0.178228 -0.619740
v 2.151052 -0.170065 -0.629499
v 0.200419 0.239902 -1.701966
v 0.150154 0.233335 -1.816682
v -2.434929 0.889937 -0.702229
v -2.461367 0.865788 -0.699406
v -0.244260 0.731274 0.446038
v -1.496148 0.527983 -0.944936
v 2.086221 0.281165 -0.523987
v 2.026610 0.324711 -0.517014
v -1.653032 0.823687 -0.780386
v -1.599738 0.816427 -0.781841
v 0.853748 0.619161 -0.198056
v 0.866357 0.618544 -0.219911
v 1.936761 -0.057283 -0.722262
v 1.925751 -0.080041 -0.685553
v -0.033806 -0.042427 -0.271090
v 0.016755 0.834700 -0.554139
v 0.045526 0.833783 -0.567393
v 0.181088 0.853551 -0.006341
v -0.169104 0.907451 -0.103306
v -0.866058 0.850840 0.569365
v -0.856690 0.858080 0.584104
v -0.886675 0.846022 0.604423
v -1.473700 0.225190 -0.681582
v 1.042888 -0.090141 -0.431233
v 0.244837 0.228762 -1.538922
v 2.144707 -0.166648 -0.594230
v -0.157525 0.354740 -2.627001
v -0.164976 0.320885 -2.589025
v 0.457834 0.783715 0.395185
v -0.429139 -0.083621 -0.064803
v -0.431484 -0.070815 -0.008916
v -0.393801 -0.077441 -0.043590
v -0.478038 0.845884 0.345489
v -0.007807 0.847543 -0.266846
v 0.405199 -0.096835 -0.135588
v 1.130518 -0.056657 1.684611
v -1.852271 0.469872 -0.578678
v -1.806340 0.436663 -0.594617
v -1.109440 0.225779 1.220675
v -1.057974 0.230932 1.178815
v 1.209777 0.395892 1.575883
v 1.261693 0.336071 1.592901
v 1.248048 0.380115 1.627510
v 0.720649 -0.005972 -0.024228
v 0.618265 0.007091 0.020648
v -1.330497 0.847647 -0.651977
v -1.294273 0.826485 -0.666897
v 0.009911 0.853060 -0.231789
v 0.748462 0.425097 0.032836
v 0.222677 0.895292 0.236519
v 0.347028 0.682576 -0.461692
v 0.386656 0.659265 -0.460590
v -0.158014 0.544022 -1.074018
v -0.013249 0.192644 -1.997187
v -0.465289 0.874356 0.195216
v -0.395970 0.881644 0.154858
v 0.925190 0.522116 -0.594620
v 0.895312 0.513695 -0.592014
v -0.015360 0.779589 -0.767652
v -1.718944 0.798760 -0.583130
v -1.666859 0.769823 -0.557440
v 1.009487 0.474336 -0.158780
v -1.407513 0.654923 -0.862499
v -0.752187 0.010397 0.280053
v 1.587998 -0.119070 -0.593235
v -0.306461 0.270384 -2.227090
v -1.803197 0.855774 -0.673162
v -0.049603 0.615884 -2.273252
v -0.018428 0.620544 -2.240887
v 0.124120 0.807766 -0.528911
v 0.145265 0.781553 -0.558042
v 0.255204 0.061680 0.544023
v 0.247582 0.072771 0.504099
v -0.340665 0.210544 -1.307093
v 1.547717 0.382711 -0.441639
v 0.960952 0.641678 -0.347545
v 0.943690 0.651757 -0.320984
v 0.159652 0.421918 -2.385417
v 0.189645 -0.131609 -0.342763
v 0.136240 -0.134512 -0.325422
v -1.501326 0.278779 -0.645707
v -1.513153 0.257114 -0.676343
v 0.561060 -0.080678 -0.092377
v -1.992340 0.493805 -0.582741
v -1.431944 0.187485 1.420349
v -1.473333 0.192045 1.462717
v -0.753728 0.909314 -0.317232
v -1.078255 0.878442 -0.533101
v -1.101145 0.864392 -0.510397
v -1.101907 0.871345 -0.557319
v 0.854936 0.115093 0.016450
v 1.600077 0.312857 -0.414357
v 0.018142 0.773216 -0.882908
v -0.409672 -0.074984 -0.210133
v 0.368175 0.788563 0.249739
v -1.749669 0.419689 -0.584709
v -0.160554 0.509333 -1.206955
v 0.413861 -0.060300 0.111628
v -1.154108 0.228214 1.254043
v -0.963391 0.614796 0.352914
v -0.961036 0.636579 0.385623
v -0.609623 -0.035730 -0.159482
v -0.110074 0.812032 -0.600477
v -0.146641 0.790217 -0.589838
v -0.238596 0.411163 -2.100585
v -1.327436 0.683067 1.170769
v 0.094833 0.628615 -1.872492
v 0.064421 0.649201 -1.829683
v 0.057039 0.651194 -1.893783
v 0.410215 -0.029994 0.182552
v 0.364723 -0.041739 0.253059
v 1.130342 0.238564 -0.779650
v -1.920908 0.654417 -0.536014
v 1.601188 -0.124042 -0.537796
v -1.317052 0.717112 1.240864
v -0.152351 0.915380 -0.065056
v -1.291957 0.738098 1.658529
v 0.475111 0.693985 0.253106
v 0.254243 0.292902 0.962688
v 0.241819 0.368411 0.921322
v 0.307158 0.375764 -1.388282
v -0.698898 0.309574 0.900640
v -0.490160 0.570080 -0.619143
v 0.550909 0.728075 -0.339893
v 0.079101 0.644217 -1.783078
v -0.013994 0.839145 -0.524219
v 1.212697 0.427162 1.650857
v -1.119689 0.129317 -0.338318
v -0.784829 0.692523 0.260032
v -0.784025 0.712125 0.285672
v 0.768964 0.650758 0.890662
v -0.838105 0.709642 -0.131346
v -0.808567 0.693342 -0.113501
v -0.002349 0.709118 -0.968727
v -0.049724 0.067354 -1.412019
v -0.682276 0.059745 0.494277
v -0.383761 0.001465 0.170358
v 0.945236 0.460900 -0.102717
v 0.871808 0.473929 -0.063709
v -0.334632 0.859066 -0.387170
v 0.458053 0.763409 -0.026946
v -0.988209 0.057675 0.424537
v -0.999423 0.069127 0.385565
v -1.801057 0.303021 -0.875449
v -1.729787 0.251969 -0.851476
v 0.268148 0.126968 0.935488
v 0.000811 -0.026848 -0.628670
v 0.742257 0.377274 1.489060
v 1.297041 0.357670 1.772827
v 1.337860 0.315346 1.841101
v 1.276471 0.341978 1.800245
v -0.744005 0.491821 0.045093
v 0.195462 -0.118642 -0.383926
v 0.071609 0.706932 -0.962361
v -1.587149 0.359776 1.512781
v -0.460233 0.859006 -0.022602
v -0.147232 0.808352 0.316319
v -0.131125 0.792808 0.344889
v -2.360582 0.887541 -0.667066
v -0.856649 0.784052 -0.187969
v 0.065041 0.117112 -1.572735
v 1.129799 0.059825 1.298987
v 1.085708 0.009604 1.289903
v -0.099501 0.093794 -1.704109
v -0.016794 0.727496 -0.940739
v 0.159936 0.660627 -0.935317
v 0.041187 0.762241 -0.903352
v 0.016005 0.076390 -1.204263
v -0.024483 0.071728 -1.178408
v 0.010262 0.074912 -1.159108
v 0.207675 0.844811 0.098474
v 0.233202 0.838374 0.113914
v 0.020885 0.084134 -1.293276
v 1.066740 -0.096310 -0.473581
v 1.445211 0.502949 -0.517363
v 1.472555 0.496866 -0.530089
v -0.800985 0.814375 -0.190176
v 0.506450 0.662751 0.244472
v 1.411893 0.251461 2.163848
v -0.106596 0.878611 0.197582
v 0.106897 0.819076 -0.490777
v 0.085010 0.829373 -0.450991
v 0.699821 0.601802 -0.032905
v 0.555450 -0.051594 -0.029386
v 0.242771 0.883508 0.217002
v 0.256589 0.870490 0.189200
v -0.006502 0.855401 0.258171
v -0.055740 0.056739 -1.148535
v -0.085997 0.039219 -1.116447
v -0.046147 0.056474 -1.118004
v -1.921303 0.803780 -0.824084
v -1.099334 0.123252 -0.484492
v -1.125339 0.131421 -0.445494
v 0.646236 0.587879 -0.493351
v -0.211620 0.438498 -2.044430
v -1.344960 0.605459 -0.347175
v -1.335510 0.548400 -0.322796
v 1.227125 -0.116062 -0.589070
v -0.788152 0.075855 0.004182
v 0.004001 -0.046922 -0.520664
v 0.034307 -0.076445 -0.468737
v -0.405737 0.898028 -0.182647
v 1.976368 0.330959 -0.504523
v -1.664979 0.858329 -0.704727
v -1.680977 0.850173 -0.742914
v 0.040425 -0.054032 -0.555447
v 0.105779 -0.067657 -0.542407
v 1.299455 -0.107971 -0.500639
v 1.303381 -0.112347 -0.546703
v 0.096193 0.577444 -2.291860
v 0.195633 0.845545 0.067354
v -0.145636 0.082828 -1.716387
v -1.047048 0.884511 -0.516626
v -1.063463 0.887211 -0.560756
v 0.678893 -0.085058 -0.410246
v 0.731802 -0.079640 -0.381792
v -0.146712 0.741705 0.411451
v -0.185153 0.757117 0.393402
v 0.817047 0.153899 0.627011
v 0.785239 0.075540 0.651139
v 0.954943 0.496335 -0.134397
v -0.753384 0.111926 0.658848
v -0.294182 -0.028064 0.283727
v -0.273337 -0.019521 0.317555
v 0.690695 0.006362 1.078402
v 0.983154 -0.023183 1.211635
v -1.918989 0.501812 -0.573467
v -0.534760 0.773201 0.060245
v -0.130191 0.522733 -1.236964
v -0.042849 -0.011493 -0.616411
v 0.213023 0.553740 -1.567336
v -0.991602 0.792882 0.961560
v 1.864096 0.103271 -0.761651
v 1.265014 0.159894 1.465182
v 1.239682 0.099006 1.439719
v 1.091658 -0.042967 1.792144
v 1.103999 -0.052818 1.730584
v -1.353685 0.205785 1.270098
v -0.010964 0.143452 -1.773772
v 0.024348 0.155520 -1.770860
v -2.176119 0.731265 -0.861200
v 0.566908 -0.087313 -0.410261
v 0.568884 0.696267 -0.025285
v -0.057740 0.581533 -2.524616
v -0.042808 0.907964 0.046737
v -0.004142 0.904814 0.041307
v -0.551382 0.020488 0.389627
v -0.574305 0.034677 0.359757
v 0.470298 0.045119 0.809068
v -1.254238 0.182282 0.938802
v -0.503770 0.830268 0.398757
v 0.106180 0.685701 0.537252
v 0.135621 0.725837 0.536207
v -0.911324 0.832349 -0.549214
v -0.869773 0.800672 -0.557245
v 0.959148 0.526513 -0.586543
v -0.584244 0.582019 -0.622126
v -0.240360 0.396038 -1.882495
v 0.163740 -0.069064 -0.519972
v 0.100813 0.015126 -0.896629
v 0.380560 0.768746 -0.346013
v 0.427039 0.724992 0.096141
v 0.464401 0.700366 0.076881
v 0.359453 0.782440 0.105576
v 1.047252 0.502939 1.599761
v -0.931866 0.846988 0.726694
v -0.235314 0.204490 -2.302867
v 0.105395 0.119354 -1.552338
v -0.102882 0.587947 -2.583621
v 0.394683 0.771938 0.267278
v -1.247267 0.808364 1.398360
v -1.269573 0.805214 1.400384
v 0.367469 0.073631 0.613991
v -1.301800 0.752557 -0.418305
v 0.191427 0.845858 0.024673
v 0.211683 0.837328 0.040443
v -1.451333 0.303069 1.818928
v -1.493384 0.281629 1.793119
v 0.142364 0.658078 -0.966879
v 0.111768 0.677060 -0.966107
v 0.123714 0.667427 -1.003139
v 0.316370 -0.103394 0.005351
v -1.572605 0.777000 -0.546393
v -0.743146 0.913877 -0.338145
v 1.387374 0.389748 -0.734984
v 1.348636 0.407959 -0.720984
v -1.180888 0.476444 1.670108
v -1.240377 0.524846 1.762633
v -1.742539 0.678485 -0.901427
v -1.696251 0.703132 -0.876446
v -0.197348 0.459307 -1.375737
v -0.452981 0.835562 0.069307
v 2.256263 -0.152937 -0.479857
v -0.722502 0.772053 0.275201
v 0.162629 -0.116140 -0.227381
v 0.718026 0.007062 1.231346
v 0.769913 0.002261 1.292374
v -0.988227 0.799555 -0.616094
v -0.210101 0.444800 -2.488985
v 0.110351 0.081131 0.536781
v 0.395538 0.823786 0.388942
v 0.440447 0.807283 0.416214
v -0.190354 0.047627 -1.415663
v 1.388392 0.265548 -0.300235
v -0.715519 0.008245 0.251696
v -0.671971 0.756526 -0.505066
v 2.416919 0.046144 -0.772794
v 1.514336 0.431301 -0.690105
v 0.240040 -0.061077 -0.494792
v -0.524340 0.740178 -0.495408
v 0.630676 -0.078197 -0.207704
v 1.709768 0.485824 -0.633489
v 0.691594 -0.083047 -0.462896
v 0.271677 0.215822 -1.395964
v -0.777397 0.794509 -0.161923
v 0.011373 0.533655 -2.618425
v 0.781940 -0.027663 0.938775
v -1.197322 0.223898 1.122962
v 0.087229 0.822878 0.400148
v 0.926544 0.671744 -0.383934
v -0.245854 -0.033829 -0.752169
v -2.061314 0.868470 -0.692495
v -0.014150 -0.030482 -0.573079
v -1.172858 0.719061 0.790861
v 1.265398 0.373098 1.675640
v 1.278847 0.373676 1.717179
v 0.840056 0.393042 -0.669271
v -0.592746 0.709493 0.058732
v -0.119091 0.095168 -1.736667
v 1.330212 0.489915 -0.453167
v 1.245004 -0.094837 1.674611
v 1.179436 0.256642 1.330806
v 1.153934 0.115954 1.291332
v -0.771350 0.693481 -0.094309
v -1.334351 0.714433 1.740933
v -0.418508 0.855748 0.058296
v -0.328640 -0.011317 0.366799
v -0.415910 -0.010930 0.285061
v 0.493673 0.663962 0.096183
v 0.483994 0.664771 0.126532
v -0.356039 0.844571 0.330946
v 1.572201 -0.128586 -0.519525
v 1.610863 -0.126191 -0.489437
v -0.716397 0.439157 0.882063
v -0.551219 0.802723 0.517927
v -0.913971 0.376982 1.118929
v -0.945684 0.483223 1.145866
v 1.205303 0.042398 1.426637
v 1.260225 0.049151 1.486428
v 1.427568 0.383539 -0.733687
v -0.561907 0.925677 -0.362600
v -0.587042 0.917501 -0.380240
v -1.285029 0.725047 1.092757
v 0.337288 0.675252 0.720024
v -0.104196 0.742219 0.420238
v 0.527945 0.709510 0.811702
v -0.015792 0.840665 0.290778
v -0.950001 0.090354 -0.165978
v 0.019884 0.789257 0.405180
v 0.658417 0.707057 0.634881
v 0.616342 0.227551 0.259828
v 0.595597 0.125366 0.312655
v -0.050951 0.047972 -1.078121
v 0.394115 0.704453 0.725529
v -0.844993 0.382251 -0.792179
v -0.611402 0.393778 0.822422
v 0.842683 -0.026429 1.193137
v 0.398106 0.018791 0.410271
v 0.353779 0.046958 0.419329
v -1.323430 0.854220 -0.614059
v -0.152499 0.497066 -1.331830
v -0.130934 0.507129 -1.371154
v -0.125233 0.517727 -1.331892
v -1.306588 0.222730 1.338794
v 0.613191 0.465223 1.285797
v 1.440619 0.258718 1.981131
v 1.397464 0.286540 1.910147
v 0.691461 0.363582 1.454647
v -0.015566 0.067751 -1.113339
v 1.875839 -0.084727 -0.646300
v -1.557799 0.848567 -0.644496
v -1.527904 0.845228 -0.682279
v -1.088257 0.879350 -0.583293
v 0.617310 0.647877 -0.001666
v 0.071145 0.736955 -0.917114
v 0.091792 0.704058 -0.936263
v -0.999688 0.095019 0.346857
v -1.031509 0.183105 0.351291
v 0.445803 0.723519 0.730377
v -1.490672 0.220104 1.634952
v -1.506261 0.203522 1.562837
v -0.007963 0.644505 -1.087512
v 0.261766 -0.099993 -0.216538
v 0.210949 -0.111917 -0.223714
v 1.978408 -0.110626 -0.497655
v 1.933219 -0.107455 -0.510440
v 0.272722 0.887493 0.273717
v -0.003695 0.001838 -0.760152
v 0.053407 -0.005826 -0.752718
v 0.814202 -0.006274 0.832164
v 0.791521 -0.022240 0.883453
v -0.797969 0.753574 -0.147894
v 0.955804 0.480412 1.065701
v -0.781621 0.889965 0.572335
v -0.762767 0.869356 0.595790
v 0.528227 0.033792 -0.583831
v 1.224936 0.487154 -0.370092
v -2.482014 0.832615 -0.686369
v 0.077202 0.886103 0.170206
v -0.220834 0.753753 -0.565609
v -0.213880 0.734374 -0.600343
v 1.487776 -0.127664 2.132242
v 1.012038 -0.032282 1.406816
v 1.168311 0.574274 -0.429732
v -0.971892 0.209074 0.956190
v 0.498614 0.523827 1.046997
v 1.158889 0.394124 -0.223949
v 0.493232 0.702779 -0.378211
v -1.069880 0.671714 0.571590
v -0.476495 0.076969 0.575739
v -0.382645 0.092765 0.569095
v -1.124569 0.434394 1.548181
v 0.889983 0.503617 0.826562
v 0.914107 0.466249 0.814051
v 0.032403 0.891998 0.032165
v -2.206624 0.713901 -0.867748
v -2.219288 0.750955 -0.831582
v 1.292049 -0.184488 1.933475
v -0.883603 0.841470 0.728601
v -0.266064 -0.052902 -0.682361
v -1.002449 0.576261 0.355753
v -0.338674 0.912938 -0.160535
v -0.018375 0.660694 -1.041754
v -0.950767 0.847440 -0.552205
v -0.977811 0.868784 -0.556003
v 0.140059 0.665567 -1.035507
v -0.252560 -0.012318 -0.015872
v 0.471444 0.816834 0.610702
v 0.491606 0.809869 0.627764
v 1.318966 0.426632 -0.696417
v -0.251744 0.750516 -0.539177
v 0.491232 0.804535 -0.268978
v 0.172901 0.550064 -1.894430
v 0.149255 0.566552 -1.969480
v 0.360117 0.782684 0.613343
v -1.640801 0.721496 -0.855347
v -1.183052 0.169192 -0.359901
v -0.287273 0.325891 -2.431591
v -0.736748 0.857117 0.580551
v 0.033936 0.028215 0.022182
v -1.231855 0.847494 -0.586480
v -1.193206 0.850947 -0.601686
v -1.412297 0.337419 1.839531
v -1.667209 0.851046 -0.667170
v -0.221447 0.858211 -0.355157
v -0.215960 0.438501 -1.886772
v -2.401715 0.896085 -0.691773
v -2.419524 0.885159 -0.674468
v -0.211254 -0.040599 -0.693219
v -0.241712 -0.042695 -0.717412
v -0.100151 0.023371 0.332054
v -0.106589 0.009619 0.299960
v 0.000265 0.298593 -2.567170
v -0.209477 0.440936 -2.162190
v 0.135832 0.125506 -1.529409
v -1.271316 0.721838 1.031011
v -1.358994 0.698472 1.445745
v 1.259613 -0.011396 1.521527
v 1.204729 -0.030590 1.489270
v -0.344635 0.917574 -0.187994
v 0.723826 -0.022550 0.863558
v 0.906343 0.032063 0.931304
v -0.534808 0.762747 0.576222
v -0.310281 0.079779 -1.094973
v -0.299902 0.059987 -1.017959
v -2.002886 0.660272 -0.529690
v -0.241380 -0.067041 -0.163025
v -1.252674 0.700284 -0.792411
v 0.721728 -0.052727 -0.100790
v -0.142981 0.020804 0.346155
v -0.153021 0.003389 0.312223
v -1.314942 0.750534 1.640351
v 1.170250 -0.009993 1.434926
v -0.951520 0.714240 0.476085
v 1.972701 -0.112565 -0.555982
v 1.906940 -0.100399 -0.541324
v 0.171342 0.796398 -0.390905
v 1.234725 0.263255 1.457143
v 0.950472 0.576177 1.247913
v 0.924092 0.594457 1.226855
v 0.929917 0.575110 1.209251
v -0.345354 0.883235 0.059539
v -0.373691 0.873268 0.086276
v -0.379670 0.867566 0.056816
v 0.390318 0.756281 0.226024
v 0.868613 0.516168 -0.587260
v 0.906165 0.547050 -0.561300
v -1.035047 0.718119 1.090690
v 0.503476 0.815407 -0.137284
v 2.026299 -0.124559 -0.548843
v -1.458343 0.657109 1.612063
v 0.377984 0.568993 -0.534052
v -0.067901 0.905831 0.062130
v 0.020103 0.830834 -0.628147
v -2.084358 0.856860 -0.723527
v 0.745474 -0.009007 1.079226
v 0.082485 0.506022 -2.505001
v -0.209209 0.128864 -1.845971
v -0.232055 0.410612 -1.832996
v 0.615544 0.723314 -0.099627
v -1.150123 0.858308 -0.617627
v 0.938115 0.435539 0.834469
v -0.329849 0.832269 -0.418123
v 1.039442 -0.041822 1.332956
v 1.050090 -0.042829 1.381047
v 0.454784 0.750541 0.698635
v 0.305686 0.686566 -0.473989
v 0.070179 0.883693 0.129971
v -1.173877 0.760285 0.854286
v -1.154568 0.799943 0.902132
v -1.338086 0.665104 1.815723
v 1.672299 0.481251 -0.640897
v -0.596510 0.551195 -0.640652
v -1.092556 0.321578 0.398770
v -0.995798 0.256176 0.283216
v -0.562654 0.743461 0.065953
v 0.047208 0.644694 -1.248082
v 0.662823 0.013078 -0.615734
v 2.456679 -0.167197 -0.660689
v -0.825134 0.142661 0.004350
v -0.834674 0.225401 0.014423
v -0.842858 0.182211 0.064045
v -0.002720 0.740915 0.434684
v 0.267291 0.847939 0.156938
v 0.257129 0.830122 0.128520
v 0.277851 0.824899 0.130324
v -0.584120 -0.041492 -0.374958
v 0.279554 0.191999 0.988262
v 0.254141 0.066356 0.356994
v 0.843660 0.167523 1.630973
v -0.895272 0.201331 0.156902
v 0.301399 0.066733 0.403787
v -1.214339 0.763256 -0.699346
v 0.623407 -0.019555 0.726466
v 0.050600 0.887024 0.160537
v -1.150209 0.143373 -0.401548
v -2.194781 0.663955 -0.891479
v 0.868476 0.534820 0.863074
v 0.201999 0.527956 -1.828040
v -2.249399 0.777369 -0.806566
v 2.103423 0.206378 -0.482644
v -2.403956 0.725101 -0.847627
v 0.235218 0.833962 0.050662
v -1.480580 0.252387 1.747875
v 0.005242 0.788213 -0.755979
v 1.292110 -0.116512 -0.588942
v -0.736865 0.742321 0.263410
v 0.750895 -0.023775 0.904675
v 1.435837 0.501832 -0.611292
v 0.444620 0.815514 0.598199
v 0.423184 0.822307 0.578381
v -0.839992 0.158024 0.758203
v -0.892371 0.167968 0.770094
v 1.133451 0.588494 -0.513102
v -0.460922 0.831290 0.372085
v 0.891530 -0.002037 0.991517
v 0.527619 0.584378 -0.479779
v -0.100788 0.111930 -1.774408
v -0.119659 0.768251 0.383300
v 1.580812 0.482385 -0.620026
v -0.575217 0.796430 0.548129
v 0.245372 0.649550 -0.551776
v 1.271053 0.223274 1.489788
v -0.379525 0.881152 0.118667
v -0.154987 0.513421 -2.548553
v -0.113628 0.528462 -1.290770
v -1.611857 0.328467 1.616367
v -2.001550 0.516957 -0.943926
v 1.207704 -0.141873 1.869231
v 0.397507 0.070275 0.664391
v -1.374492 0.544465 1.088902
v -1.229754 0.716150 0.961408
v 1.817343 0.133027 -0.770062
v 1.816806 0.315133 -0.745115
v 0.155985 0.771159 0.511294
v 1.580239 0.483309 -0.573095
v -0.253552 0.163403 -1.914768
v 0.246970 0.825396 0.094150
v 0.785181 -0.084812 -0.410700
v -1.411619 0.716932 1.767459
v 0.822152 0.651642 1.079508
v 0.458924 0.803769 -0.255712
v -0.210556 0.437741 -2.106327
v -0.587425 -0.048219 -0.467760
v 2.155588 0.232251 -0.556143
v -0.179374 0.479474 -1.343005
v -0.897105 0.441597 -0.047662
v -0.592396 0.686128 -0.549676
v 0.294095 0.820114 0.120310
v -1.544199 0.243690 1.534070
v -1.503420 0.195920 1.505064
v -1.606472 0.341379 1.558700
v -0.254406 0.363402 -1.792442
v 1.043332 -0.025724 1.289946
v 0.248342 0.896881 0.254319
v 1.124579 0.617813 -0.477976
v -0.110910 0.571538 -1.786989
v -1.372844 0.719172 1.748636
v -0.178581 0.577396 -0.900619
v 0.659487 0.269739 1.460857
v -1.227340 0.729143 -0.733681
v -2.130224 0.592436 -0.924826
v 1.570296 0.357946 -0.755372
v -0.296380 0.198874 -1.988196
v -0.462237 -0.085015 -0.366859
v 0.438362 0.147684 1.229367
v 0.313569 0.287714 1.039782
v -1.229383 0.701830 -0.769479
v 0.746489 0.621046 -0.458619
v 0.431830 0.055122 0.791041
v 0.192875 0.383794 -2.128085
v 0.404155 0.667369 -0.437271
v -0.426121 -0.075297 -0.166512
v -0.085606 0.125685 -1.811387
v -0.053008 0.128851 -1.778317
v 0.473241 0.782255 0.665124
v -0.371672 0.904644 -0.172583
v 0.141471 0.075699 -1.191551
v 0.182638 0.087923 -1.177663
v -0.429314 -0.098020 -0.350743
v -1.163035 0.223293 1.093599
v -0.286388 -0.038712 -0.733883
v -1.008875 0.888246 -0.491311
v -1.708486 0.828056 -0.776761
v -1.178649 0.608869 -0.829473
v 1.580876 0.228557 -0.789111
v -0.071916 0.136588 -1.842866
v 0.225377 0.875628 0.397248
v -0.300778 0.834785 0.302958
v -1.248675 0.719772 0.991755
v -0.803761 0.081398 -0.049997
v -1.479305 0.236687 1.700533
v -0.828503 0.768988 0.407793
v 1.338134 0.452480 -0.682826
v 0.123124 0.281693 -2.317538
v -0.659700 -0.023250 -0.542258
v 2.179431 -0.177238 -0.584493
v 0.026952 0.796562 -0.749491
v -0.468878 0.806908 -0.446146
v 1.936212 0.355159 -0.521490
v -0.338391 0.790312 -0.454535
v -0.722122 0.885466 0.514561
v 0.922666 0.509081 1.057068
v -1.974037 0.715290 -0.533906
v -1.271132 0.850544 -0.587440
v -0.232521 0.774486 -0.528175
v 1.336838 -0.190003 1.927700
v 1.161009 -0.094313 -0.371797
v 0.029509 0.644389 -1.203569
v -0.306926 0.820738 -0.422526
v 0.310393 -0.094085 -0.215602
v -0.035040 0.702598 -0.940366
v 0.186649 0.779603 -0.414802
v -0.031739 0.591387 -1.199453
v 0.012555 0.079037 -1.247920
v -0.934155 0.820105 -0.570263
v 0.259683 -0.033979 0.231292
v 0.893746 0.534517 1.011093
v -0.258310 0.821492 0.297471
v 0.998118 0.665418 -0.432085
v -0.160477 0.551469 -1.026050
v -2.034062 0.570394 -0.942303
v -0.986306 0.646487 0.426874
v -0.446261 -0.080466 -0.124810
v 1.201365 -0.078073 -0.337815
v 0.953275 0.554128 -0.552772
v -0.024579 0.244457 -2.502677
v -0.823259 0.911341 -0.417868
v -2.291079 0.505426 -0.861152
v -0.642648 -0.024029 -0.363256
v 0.189831 0.773513 -0.451179
v -0.025079 0.079124 -1.284049
# 8158 vertices

o Starfish
f 2044 2042 359
f 2043 1488 2042
f 1707 2043 2044
f 2042 2044 2043
f 2047 2045 1396
f 2046 691 2045
f 1394 2046 2047
f 2045 2047 2046
f 2050 2048 362
f 2049 390 2048
f 1480 2049 2050
f 2048 2050 2049
f 2053 2051 464
f 2052 1202 2051
f 1157 2052 2053
f 2051 2053 2052
f 2056 2054 1969
f 2055 1078 2054
f 388 2055 2056
f 2054 2056 2055
f 2059 2057 103
f 2058 1694 2057
f 637 2058 2059
f 2057 2059 2058
f 2062 2060 1948
f 2061 1114 2060
f 1377 2061 2062
f 2060 2062 2061
f 2065 2063 962
f 2064 486 2063
f 387 2064 2065
f 2063 2065 2064
f 2068 2066 1206
f 2067 1119 2066
f 177 2067 2068
f 2066 2068 2067
f 2071 2069 731
f 2070 1172 2069
f 1120 2070 2071
f 2069 2071 2070
f 2074 2072 1053
f 2073 1846 2072
f 1752 2073 2074
f 2072 2074 2073
f 2077 2075 219
f 2076 1581 2075
f 5 2076 2077
f 2075 2077 2076
f 2080 2078 2007
f 2079 1854 2078
f 1205 2079 2080
f 2078 2080 2079
f 2083 2081 1656
f 2082 1498 2081
f 586 2082 2083
f 2081 2083 2082
f 2086 2084 1144
f 2085 288 2084
f 1689 2085 2086
f 2084 2086 2085
f 2089 2087 406
f 2088 352 2087
f 20 2088 2089
f 2087 2089 2088
f 2092 2090 2011
f 2091 281 2090
f 1121 2091 2092
f 2090 2092 2091
f 2095 2093 1387
f 2094 605 2093
f 1788 2094 2095
f 2093 2095 2094
f 2098 2096 1188
f 2097 473 2096
f 714 2097 2098
f 2096 2098 2097
f 2101 2099 27
f 2100 1649 2099
f 1745 2100 2101
f 2099 2101 2100
f 2104 2102 437
f 2103 1422 2102
f 862 2103 2104
f 2102 2104 2103
f 2107 2105 369
f 2106 432 2105
f 655 2106 2107
f 2105 2107 2106
f 2110 2108 1446
f 2109 1903 2108
f 1542 2109 2110
f 2108 2110 2109
f 2113 2111 1764
f 2112 909 2111
f 446 2112 2113
f 2111 2113 2112
f 2116 2114 1527
f 2115 1276 2114
f 657 2115 2116
f 2114 2116 2115
f 2119 2117 365
f 2118 378 2117
f 1528 2118 2119
f 2117 2119 2118
f 2122 2120 919
f 2121 707 2120
f 1868 2121 2122
f 2120 2122 2121
f 2125 2123 1381
f 2124 754 2123
f 1780 2124 2125
f 2123 2125 2124
f 2128 2126 703
f 2127 453 2126
f 1017 2127 2128
f 2126 2128 2127
f 2131 2129 1375
f 2130 300 2129
f 1314 2130 2131
f 2129 2131 2130
f 2134 2132 1751
f 2133 1567 2132
f 1107 2133 2134
f 2132 2134 2133
f 2137 2135 677
f 2136 728 2135
f 1745 2136 2137
f 2135 2137 2136
f 2140 2138 633
f 2139 57 2138
f 1759 2139 2140
f 2138 2140 2139
f 2143 2141 1925
f 2142 1744 2141
f 981 2142 2143
f 2141 2143 2142
f 2146 2144 200
f 2145 1652 2144
f 1926 2145 2146
f 2144 2146 2145
f 2149 2147 28
f 2148 1317 2147
f 1294 2148 2149
f 2147 2149 2148
f 2152 2150 70
f 2151 1572 2150
f 1547 2151 2152
f 2150 2152 2151
f 2155 2153 1747
f 2154 562 2153
f 1441 2154 2155
f 2153 2155 2154
f 2158 2156 598
f 2157 1205 2156
f 243 2157 2158
f 2156 2158 2157
f 2161 2159 148
f 2160 1897 2159
f 1715 2160 2161
f 2159 2161 2160
f 2164 2162 1280
f 2163 1230 2162
f 1478 2163 2164
f 2162 2164 2163
f 2167 2165 567
f 2166 1730 2165
f 1105 2166 2167
f 2165 2167 2166
f 2170 2168 741
f 2169 211 2168
f 1427 2169 2170
f 2168 2170 2169
f 2173 2171 249
f 2172 1111 2171
f 16 2172 2173
f 2171 2173 2172
f 2162 2174 1280
f 2175 1940 2174
f 1230 2175 2162
f 2174 2162 2175
f 2178 2176 466
f 2177 899 2176
f 1677 2177 2178
f 2176 2178 2177
f 2181 2179 389
f 2180 315 2179
f 1186 2180 2181
f 2179 2181 2180
f 2184 2182 1348
f 2183 763 2182
f 1820 2183 2184
f 2182 2184 2183
f 2187 2185 1809
f 2186 1670 2185
f 1124 2186 2187
f 2185 2187 2186
f 2190 2188 1338
f 2189 204 2188
f 118 2189 2190
f 2188 2190 2189
f 2193 2191 828
f 2192 561 2191
f 626 2192 2193
f 2191 2193 2192
f 2196 2194 1346
f 2195 275 2194
f 1617 2195 2196
f 2194 2196 2195
f 2199 2197 757
f 2198 45 2197
f 1147 2198 2199
f 2197 2199 2198
f 2202 2200 719
f 2201 667 2200
f 590 2201 2202
f 2200 2202 2201
f 2205 2203 1672
f 2204 1539 2203
f 1881 2204 2205
f 2203 2205 2204
f 2208 2206 1449
f 2207 1125 2206
f 584 2207 2208
f 2206 2208 2207
f 2211 2209 181
f 2210 1768 2209
f 573 2210 2211
f 2209 2211 2210
f 2214 2212 1698
f 2213 405 2212
f 1174 2213 2214
f 2212 2214 2213
f 2217 2215 228
f 2216 1088 2215
f 832 2216 2217
f 2215 2217 2216
f 2220 2218 1638
f 2219 239 2218
f 1410 2219 2220
f 2218 2220 2219
f 2223 2221 1562
f 2222 1645 2221
f 1636 2222 2223
f 2221 2223 2222
f 2226 2224 735
f 2225 794 2224
f 548 2225 2226
f 2224 2226 2225
f 2229 2227 164
f 2228 1297 2227
f 1278 2228 2229
f 2227 2229 2228
f 2232 2230 1421
f 2231 1144 2230
f 1304 2231 2232
f 2230 2232 2231
f 2235 2233 552
f 2234 1349 2233
f 853 2234 2235
f 2233 2235 2234
f 2238 2236 1620
f 2237 1503 2236
f 468 2237 2238
f 2236 2238 2237
f 2241 2239 907
f 2240 78 2239
f 235 2240 2241
f 2239 2241 2240
f 2244 2242 1139
f 2243 676 2242
f 1550 2243 2244
f 2242 2244 2243
f 2247 2245 1041
f 2246 1336 2245
f 551 2246 2247
f 2245 2247 2246
f 2250 2248 1710
f 2249 526 2248
f 55 2249 2250
f 2248 2250 2249
f 2253 2251 178
f 2252 173 2251
f 1046 2252 2253
f 2251 2253 2252
f 2256 2254 1052
f 2255 554 2254
f 540 2255 2256
f 2254 2256 2255
f 2259 2257 469
f 2258 780 2257
f 1160 2258 2259
f 2257 2259 2258
f 2262 2260 991
f 2261 347 2260
f 4 2261 2262
f 2260 2262 2261
f 2265 2263 620
f 2264 429 2263
f 1351 2264 2265
f 2263 2265 2264
f 2268 2266 1041
f 2267 107 2266
f 1678 2267 2268
f 2266 2268 2267
f 2271 2269 1791
f 2270 484 2269
f 1440 2270 2271
f 2269 2271 2270
f 2273 2155 1747
f 2272 1441 2155
f 921 2272 2273
f 2155 2273 2272
f 2276 2274 1663
f 2275 1050 2274
f 1629 2275 2276
f 2274 2276 2275
f 2278 2277 970
f 2276 1663 2277
f 1629 2276 2278
f 2277 2278 2276
f 2281 2279 1396
f 2280 570 2279
f 2037 2280 2281
f 2279 2281 2280
f 2284 2282 1196
f 2283 756 2282
f 894 2283 2284
f 2282 2284 2283
f 2287 2285 1182
f 2286 206 2285
f 178 2286 2287
f 2285 2287 2286
f 2290 2288 1439
f 2289 813 2288
f 1587 2289 2290
f 2288 2290 2289
f 2293 2291 1311
f 2292 923 2291
f 1877 2292 2293
f 2291 2293 2292
f 2296 2294 1910
f 2295 1163 2294
f 247 2295 2296
f 2294 2296 2295
f 2299 2297 1740
f 2298 439 2297
f 1310 2298 2299
f 2297 2299 2298
f 2301 2300 1094
f 2133 1107 2300
f 1567 2133 2301
f 2300 2301 2133
f 2304 2302 833
f 2303 505 2302
f 729 2303 2304
f 2302 2304 2303
f 2307 2305 1927
f 2306 33 2305
f 1911 2306 2307
f 2305 2307 2306
f 2310 2308 1079
f 2309 766 2308
f 1441 2309 2310
f 2308 2310 2309
f 2313 2311 1957
f 2312 1284 2311
f 868 2312 2313
f 2311 2313 2312
f 2316 2314 949
f 2315 592 2314
f 8 2315 2316
f 2314 2316 2315
f 2319 2317 1018
f 2318 468 2317
f 252 2318 2319
f 2317 2319 2318
f 2322 2320 160
f 2321 2003 2320
f 749 2321 2322
f 2320 2322 2321
f 2325 2323 738
f 2324 1315 2323
f 1511 2324 2325
f 2323 2325 2324
f 2328 2326 1382
f 2327 209 2326
f 735 2327 2328
f 2326 2328 2327
f 2331 2329 872
f 2330 172 2329
f 243 2330 2331
f 2329 2331 2330
f 2334 2332 1889
f 2333 776 2332
f 887 2333 2334
f 2332 2334 2333
f 2337 2335 127
f 2336 643 2335
f 1542 2336 2337
f 2335 2337 2336
f 2340 2338 891
f 2339 319 2338
f 296 2339 2340
f 2338 2340 2339
f 2343 2341 1826
f 2342 336 2341
f 2029 2342 2343
f 2341 2343 2342
f 2346 2344 1415
f 2345 1470 2344
f 1664 2345 2346
f 2344 2346 2345
f 2349 2347 428
f 2348 333 2347
f 412 2348 2349
f 2347 2349 2348
f 2352 2350 859
f 2351 923 2350
f 1385 2351 2352
f 2350 2352 2351
f 2355 2353 1578
f 2354 34 2353
f 1118 2354 2355
f 2353 2355 2354
f 2358 2356 472
f 2357 1775 2356
f 1556 2357 2358
f 2356 2358 2357
f 2361 2359 51
f 2360 1320 2359
f 704 2360 2361
f 2359 2361 2360
f 2364 2362 857
f 2363 1588 2362
f 927 2363 2364
f 2362 2364 2363
f 2367 2365 983
f 2366 740 2365
f 457 2366 2367
f 2365 2367 2366
f 2370 2368 117
f 2369 1863 2368
f 1933 2369 2370
f 2368 2370 2369
f 2373 2371 1513
f 2372 1561 2371
f 628 2372 2373
f 2371 2373 2372
f 2376 2374 1611
f 2375 1876 2374
f 237 2375 2376
f 2374 2376 2375
f 2379 2377 1007
f 2378 1258 2377
f 1203 2378 2379
f 2377 2379 2378
f 2382 2380 715
f 2381 1773 2380
f 832 2381 2382
f 2380 2382 2381
f 2385 2383 1352
f 2384 1179 2383
f 289 2384 2385
f 2383 2385 2384
f 2388 2386 566
f 2387 1535 2386
f 804 2387 2388
f 2386 2388 2387
f 2391 2389 1975
f 2390 1123 2389
f 1023 2390 2391
f 2389 2391 2390
f 2394 2392 15
f 2393 1706 2392
f 1260 2393 2394
f 2392 2394 2393
f 2397 2395 98
f 2396 1297 2395
f 1728 2396 2397
f 2395 2397 2396
f 2400 2398 861
f 2399 778 2398
f 1147 2399 2400
f 2398 2400 2399
f 2403 2401 790
f 2402 2018 2401
f 1949 2402 2403
f 2401 2403 2402
f 2406 2404 1682
f 2405 1757 2404
f 737 2405 2406
f 2404 2406 2405
f 2409 2407 1951
f 2408 1044 2407
f 769 2408 2409
f 2407 2409 2408
f 2412 2410 796
f 2411 974 2410
f 710 2411 2412
f 2410 2412 2411
f 2415 2413 1819
f 2414 579 2413
f 1986 2414 2415
f 2413 2415 2414
f 2418 2416 1138
f 2417 101 2416
f 31 2417 2418
f 2416 2418 2417
f 2421 2419 1259
f 2420 734 2419
f 1704 2420 2421
f 2419 2421 2420
f 2297 2422 1740
f 2423 1841 2422
f 439 2423 2297
f 2422 2297 2423
f 2426 2424 1064
f 2425 1450 2424
f 787 2425 2426
f 2424 2426 2425
f 2429 2427 1450
f 2428 1413 2427
f 1814 2428 2429
f 2427 2429 2428
f 2432 2430 1356
f 2431 2002 2430
f 1596 2431 2432
f 2430 2432 2431
f 2435 2433 1275
f 2434 710 2433
f 771 2434 2435
f 2433 2435 2434
f 2438 2436 190
f 2437 327 2436
f 1090 2437 2438
f 2436 2438 2437
f 2441 2439 560
f 2440 1975 2439
f 1999 2440 2441
f 2439 2441 2440
f 2092 2442 1121
f 2443 1510 2442
f 2011 2443 2092
f 2442 2092 2443
f 2446 2444 517
f 2445 1063 2444
f 30 2445 2446
f 2444 2446 2445
f 2449 2447 1646
f 2448 79 2447
f 1221 2448 2449
f 2447 2449 2448
f 2452 2450 1259
f 2451 813 2450
f 1155 2451 2452
f 2450 2452 2451
f 2455 2453 357
f 2454 1010 2453
f 144 2454 2455
f 2453 2455 2454
f 2458 2456 1129
f 2457 1359 2456
f 1895 2457 2458
f 2456 2458 2457
f 2461 2459 1743
f 2460 1674 2459
f 1547 2460 2461
f 2459 2461 2460
f 2464 2462 143
f 2463 1078 2462
f 1383 2463 2464
f 2462 2464 2463
f 2467 2465 659
f 2466 442 2465
f 733 2466 2467
f 2465 2467 2466
f 2470 2468 606
f 2469 1032 2468
f 896 2469 2470
f 2468 2470 2469
f 2473 2471 1272
f 2472 826 2471
f 1001 2472 2473
f 2471 2473 2472
f 2476 2474 1844
f 2475 725 2474
f 711 2475 2476
f 2474 2476 2475
f 2479 2477 266
f 2478 1483 2477
f 36 2478 2479
f 2477 2479 2478
f 2482 2480 886
f 2481 1413 2480
f 996 2481 2482
f 2480 2482 2481
f 2485 2483 487
f 2484 85 2483
f 1164 2484 2485
f 2483 2485 2484
f 2488 2486 225
f 2487 963 2486
f 270 2487 2488
f 2486 2488 2487
f 2491 2489 1999
f 2490 1002 2489
f 315 2490 2491
f 2489 2491 2490
f 2494 2492 249
f 2493 1732 2492
f 953 2493 2494
f 2492 2494 2493
f 2497 2495 202
f 2496 1609 2495
f 816 2496 2497
f 2495 2497 2496
f 2083 2498 586
f 2499 964 2498
f 1656 2499 2083
f 2498 2083 2499
f 2502 2500 490
f 2501 611 2500
f 1154 2501 2502
f 2500 2502 2501
f 2505 2503 681
f 2504 421 2503
f 588 2504 2505
f 2503 2505 2504
f 2508 2506 1134
f 2507 1191 2506
f 1726 2507 2508
f 2506 2508 2507
f 2511 2509 1678
f 2510 1825 2509
f 1767 2510 2511
f 2509 2511 2510
f 2513 2159 1897
f 2512 148 2159
f 634 2512 2513
f 2159 2513 2512
f 2515 2514 1794
f 2312 868 2514
f 1284 2312 2515
f 2514 2515 2312
f 2518 2516 852
f 2517 838 2516
f 1120 2517 2518
f 2516 2518 2517
f 2521 2519 2012
f 2520 1130 2519
f 976 2520 2521
f 2519 2521 2520
f 2111 2522 1764
f 2523 441 2522
f 909 2523 2111
f 2522 2111 2523
f 2526 2524 1030
f 2525 21 2524
f 814 2525 2526
f 2524 2526 2525
f 2529 2527 1266
f 2528 1688 2527
f 1985 2528 2529
f 2527 2529 2528
f 2532 2530 2025
f 2531 963 2530
f 875 2531 2532
f 2530 2532 2531
f 2535 2533 161
f 2534 990 2533
f 1992 2534 2535
f 2533 2535 2534
f 2538 2536 370
f 2537 364 2536
f 409 2537 2538
f 2536 2538 2537
f 2541 2539 1839
f 2540 968 2539
f 801 2540 2541
f 2539 2541 2540
f 2544 2542 572
f 2543 313 2542
f 1387 2543 2544
f 2542 2544 2543
f 2547 2545 369
f 2546 1956 2545
f 1928 2546 2547
f 2545 2547 2546
f 2550 2548 156
f 2549 1834 2548
f 505 2549 2550
f 2548 2550 2549
f 2553 2551 533
f 2552 1919 2551
f 729 2552 2553
f 2551 2553 2552
f 2556 2554 732
f 2555 1124 2554
f 205 2555 2556
f 2554 2556 2555
f 2559 2557 26
f 2558 1087 2557
f 946 2558 2559
f 2557 2559 2558
f 2562 2560 1922
f 2561 24 2560
f 1734 2561 2562
f 2560 2562 2561
f 2565 2563 1194
f 2564 1242 2563
f 1288 2564 2565
f 2563 2565 2564
f 2567 2337 127
f 2566 1542 2337
f 2 2566 2567
f 2337 2567 2566
f 2570 2568 280
f 2569 1310 2568
f 938 2569 2570
f 2568 2570 2569
f 2573 2571 2002
f 2572 615 2571
f 1669 2572 2573
f 2571 2573 2572
f 2576 2574 538
f 2575 1690 2574
f 41 2575 2576
f 2574 2576 2575
f 2579 2577 1354
f 2578 1593 2577
f 1445 2578 2579
f 2577 2579 2578
f 2582 2580 1687
f 2581 826 2580
f 1434 2581 2582
f 2580 2582 2581
f 2585 2583 429
f 2584 1833 2583
f 1507 2584 2585
f 2583 2585 2584
f 2587 2091 1121
f 2586 281 2091
f 786 2586 2587
f 2091 2587 2586
f 2590 2588 116
f 2589 461 2588
f 1505 2589 2590
f 2588 2590 2589
f 2593 2591 1031
f 2592 364 2591
f 939 2592 2593
f 2591 2593 2592
f 2596 2594 1181
f 2595 1892 2594
f 313 2595 2596
f 2594 2596 2595
f 2599 2597 496
f 2598 1890 2597
f 570 2598 2599
f 2597 2599 2598
f 2602 2600 425
f 2601 1883 2600
f 74 2601 2602
f 2600 2602 2601
f 2605 2603 658
f 2604 342 2603
f 194 2604 2605
f 2603 2605 2604
f 2608 2606 559
f 2607 373 2606
f 789 2607 2608
f 2606 2608 2607
f 2535 2609 1992
f 2610 943 2609
f 161 2610 2535
f 2609 2535 2610
f 2613 2611 1148
f 2612 1285 2611
f 1398 2612 2613
f 2611 2613 2612
f 2120 2614 919
f 2615 127 2614
f 707 2615 2120
f 2614 2120 2615
f 2617 2307 1927
f 2616 1911 2307
f 1766 2616 2617
f 2307 2617 2616
f 2620 2618 564
f 2619 1407 2618
f 542 2619 2620
f 2618 2620 2619
f 2623 2621 1000
f 2622 2005 2621
f 544 2622 2623
f 2621 2623 2622
f 2625 2624 1023
f 2489 1002 2624
f 1999 2489 2625
f 2624 2625 2489
f 2628 2626 929
f 2627 1885 2626
f 1260 2627 2628
f 2626 2628 2627
f 2631 2629 294
f 2630 272 2629
f 683 2630 2631
f 2629 2631 2630
f 2633 2632 1456
f 2282 756 2632
f 1196 2282 2633
f 2632 2633 2282
f 2636 2634 1847
f 2635 8 2634
f 198 2635 2636
f 2634 2636 2635
f 2256 2637 540
f 2638 983 2637
f 1052 2638 2256
f 2637 2256 2638
f 2640 2639 1157
f 2313 1957 2639
f 868 2313 2640
f 2639 2640 2313
f 2643 2641 2041
f 2642 717 2641
f 342 2642 2643
f 2641 2643 2642
f 2646 2644 1402
f 2645 1749 2644
f 1113 2645 2646
f 2644 2646 2645
f 2649 2647 999
f 2648 1665 2647
f 1957 2648 2649
f 2647 2649 2648
f 2652 2650 722
f 2651 773 2650
f 812 2651 2652
f 2650 2652 2651
f 2655 2653 678
f 2654 767 2653
f 951 2654 2655
f 2653 2655 2654
f 2658 2656 1010
f 2657 835 2656
f 1158 2657 2658
f 2656 2658 2657
f 2660 2366 457
f 2659 740 2366
f 807 2659 2660
f 2366 2660 2659
f 2663 2661 41
f 2662 1452 2661
f 1374 2662 2663
f 2661 2663 2662
f 2666 2664 1035
f 2665 1161 2664
f 1973 2665 2666
f 2664 2666 2665
f 2669 2667 1385
f 2668 529 2667
f 1921 2668 2669
f 2667 2669 2668
f 2672 2670 13
f 2671 1581 2670
f 368 2671 2672
f 2670 2672 2671
f 2675 2673 1110
f 2674 628 2673
f 1504 2674 2675
f 2673 2675 2674
f 2678 2676 1946
f 2677 1756 2676
f 871 2677 2678
f 2676 2678 2677
f 2681 2679 1821
f 2680 1369 2679
f 188 2680 2681
f 2679 2681 2680
f 2684 2682 1412
f 2683 762 2682
f 1506 2683 2684
f 2682 2684 2683
f 2568 2685 280
f 2299 1740 2685
f 1310 2299 2568
f 2685 2568 2299
f 2688 2686 1238
f 2687 1142 2686
f 985 2687 2688
f 2686 2688 2687
f 2691 2689 1328
f 2690 1552 2689
f 1911 2690 2691
f 2689 2691 2690
f 2694 2692 845
f 2693 1232 2692
f 1851 2693 2694
f 2692 2694 2693
f 2696 2383 1179
f 2695 1352 2383
f 1489 2695 2696
f 2383 2696 2695
f 2699 2697 97
f 2698 223 2697
f 819 2698 2699
f 2697 2699 2698
f 2702 2700 541
f 2701 1315 2700
f 1170 2701 2702
f 2700 2702 2701
f 2705 2703 1379
f 2704 1895 2703
f 1287 2704 2705
f 2703 2705 2704
f 2708 2706 1395
f 2707 292 2706
f 1312 2707 2708
f 2706 2708 2707
f 2710 2709 1197
f 2646 1402 2709
f 1113 2646 2710
f 2709 2710 2646
f 2713 2711 645
f 2712 187 2711
f 696 2712 2713
f 2711 2713 2712
f 2716 2714 409
f 2715 547 2714
f 1702 2715 2716
f 2714 2716 2715
f 2719 2717 1995
f 2718 209 2717
f 788 2718 2719
f 2717 2719 2718
f 2722 2720 1814
f 2721 988 2720
f 641 2721 2722
f 2720 2722 2721
f 2725 2723 1931
f 2724 1811 2723
f 1418 2724 2725
f 2723 2725 2724
f 2728 2726 212
f 2727 767 2726
f 1165 2727 2728
f 2726 2728 2727
f 2731 2729 183
f 2730 318 2729
f 1073 2730 2731
f 2729 2731 2730
f 2734 2732 1156
f 2733 1673 2732
f 585 2733 2734
f 2732 2734 2733
f 2737 2735 1843
f 2736 977 2735
f 1346 2736 2737
f 2735 2737 2736
f 2740 2738 646
f 2739 1612 2738
f 647 2739 2740
f 2738 2740 2739
f 2743 2741 1101
f 2742 1790 2741
f 393 2742 2743
f 2741 2743 2742
f 2746 2744 260
f 2745 141 2744
f 863 2745 2746
f 2744 2746 2745
f 2749 2747 1038
f 2748 1608 2747
f 1879 2748 2749
f 2747 2749 2748
f 2752 2750 343
f 2751 1318 2750
f 848 2751 2752
f 2750 2752 2751
f 2755 2753 376
f 2754 1137 2753
f 841 2754 2755
f 2753 2755 2754
f 2758 2756 1046
f 2757 2018 2756
f 1089 2757 2758
f 2756 2758 2757
f 2761 2759 1770
f 2760 699 2759
f 2020 2760 2761
f 2759 2761 2760
f 2764 2762 856
f 2763 656 2762
f 1873 2763 2764
f 2762 2764 2763
f 2767 2765 136
f 2766 1653 2765
f 1138 2766 2767
f 2765 2767 2766
f 2770 2768 32
f 2769 33 2768
f 182 2769 2770
f 2768 2770 2769
f 2773 2771 943
f 2772 973 2771
f 827 2772 2773
f 2771 2773 2772
f 2775 2774 744
f 2683 1506 2774
f 762 2683 2775
f 2774 2775 2683
f 2532 2776 875
f 2777 1251 2776
f 2025 2777 2532
f 2776 2532 2777
f 2630 2778 272
f 2779 1650 2778
f 683 2779 2630
f 2778 2630 2779
f 2782 2780 259
f 2781 638 2780
f 1929 2781 2782
f 2780 2782 2781
f 2785 2783 385
f 2784 565 2783
f 34 2784 2785
f 2783 2785 2784
f 2788 2786 1423
f 2787 2016 2786
f 499 2787 2788
f 2786 2788 2787
f 2791 2789 1254
f 2790 772 2789
f 1469 2790 2791
f 2789 2791 2790
f 2793 2792 1983
f 2102 1422 2792
f 437 2102 2793
f 2792 2793 2102
f 2796 2794 1698
f 2795 1104 2794
f 310 2795 2796
f 2794 2796 2795
f 2799 2797 1707
f 2798 1511 2797
f 1192 2798 2799
f 2797 2799 2798
f 2802 2800 180
f 2801 1357 2800
f 238 2801 2802
f 2800 2802 2801
f 2804 2803 1149
f 2148 1294 2803
f 1317 2148 2804
f 2803 2804 2148
f 2807 2805 1861
f 2806 580 2805
f 1081 2806 2807
f 2805 2807 2806
f 2809 2732 1673
f 2808 1156 2732
f 93 2808 2809
f 2732 2809 2808
f 2812 2810 1990
f 2811 526 2810
f 847 2811 2812
f 2810 2812 2811
f 2446 2813 30
f 2814 270 2813
f 517 2814 2446
f 2813 2446 2814
f 2228 2815 1297
f 2816 135 2815
f 1278 2816 2228
f 2815 2228 2816
f 2819 2817 650
f 2818 1655 2817
f 69 2818 2819
f 2817 2819 2818
f 2822 2820 1704
f 2821 591 2820
f 7 2821 2822
f 2820 2822 2821
f 2825 2823 652
f 2824 741 2823
f 295 2824 2825
f 2823 2825 2824
f 2828 2826 1831
f 2827 1697 2826
f 1859 2827 2828
f 2826 2828 2827
f 2831 2829 1634
f 2830 329 2829
f 45 2830 2831
f 2829 2831 2830
f 2834 2832 603
f 2833 1888 2832
f 573 2833 2834
f 2832 2834 2833
f 2836 2835 601
f 2661 1452 2835
f 41 2661 2836
f 2835 2836 2661
f 2839 2837 556
f 2838 693 2837
f 1116 2838 2839
f 2837 2839 2838
f 2842 2840 1074
f 2841 1080 2840
f 54 2841 2842
f 2840 2842 2841
f 2845 2843 1264
f 2844 135 2843
f 1534 2844 2845
f 2843 2845 2844
f 2848 2846 1265
f 2847 1306 2846
f 1537 2847 2848
f 2846 2848 2847
f 2851 2849 886
f 2850 1812 2849
f 227 2850 2851
f 2849 2851 2850
f 2853 2582 1687
f 2852 1434 2582
f 1150 2852 2853
f 2582 2853 2852
f 2855 2306 1911
f 2854 33 2306
f 213 2854 2855
f 2306 2855 2854
f 2858 2856 981
f 2857 1893 2856
f 415 2857 2858
f 2856 2858 2857
f 2860 2859 836
f 2288 813 2859
f 1439 2288 2860
f 2859 2860 2288
f 2697 2861 97
f 2862 336 2861
f 223 2862 2697
f 2861 2697 2862
f 2865 2863 1023
f 2864 1465 2863
f 1370 2864 2865
f 2863 2865 2864
f 2868 2866 1132
f 2867 867 2866
f 419 2867 2868
f 2866 2868 2867
f 2871 2869 1342
f 2870 706 2869
f 2032 2870 2871
f 2869 2871 2870
f 2874 2872 361
f 2873 701 2872
f 1193 2873 2874
f 2872 2874 2873
f 2876 2875 1237
f 2283 894 2875
f 756 2283 2876
f 2875 2876 2283
f 2879 2877 1708
f 2878 71 2877
f 1555 2878 2879
f 2877 2879 2878
f 2882 2880 860
f 2881 1953 2880
f 934 2881 2882
f 2880 2882 2881
f 2885 2883 1082
f 2884 1365 2883
f 1486 2884 2885
f 2883 2885 2884
f 2888 2886 391
f 2887 1209 2886
f 563 2887 2888
f 2886 2888 2887
f 2891 2889 1060
f 2890 113 2889
f 242 2890 2891
f 2889 2891 2890
f 2894 2892 913
f 2893 1018 2892
f 1227 2893 2894
f 2892 2894 2893
f 2897 2895 1652
f 2896 1 2895
f 1648 2896 2897
f 2895 2897 2896
f 2900 2898 1598
f 2899 710 2898
f 123 2899 2900
f 2898 2900 2899
f 2903 2901 217
f 2902 1412 2901
f 1457 2902 2903
f 2901 2903 2902
f 2906 2904 2020
f 2905 642 2904
f 870 2905 2906
f 2904 2906 2905
f 2400 2907 1147
f 2908 1120 2907
f 861 2908 2400
f 2907 2400 2908
f 2911 2909 1621
f 2910 480 2909
f 247 2910 2911
f 2909 2911 2910
f 2914 2912 1163
f 2913 353 2912
f 1177 2913 2914
f 2912 2914 2913
f 2917 2915 75
f 2916 906 2915
f 1860 2916 2917
f 2915 2917 2916
f 2920 2918 256
f 2919 1818 2918
f 966 2919 2920
f 2918 2920 2919
f 2923 2921 613
f 2922 1802 2921
f 1731 2922 2923
f 2921 2923 2922
f 2926 2924 1154
f 2925 55 2924
f 13 2925 2926
f 2924 2926 2925
f 2336 2927 643
f 2110 1446 2927
f 1542 2110 2336
f 2927 2336 2110
f 2835 2928 601
f 2662 1374 2928
f 1452 2662 2835
f 2928 2835 2662
f 2931 2929 1494
f 2930 1855 2929
f 1535 2930 2931
f 2929 2931 2930
f 2934 2932 443
f 2933 236 2932
f 597 2933 2934
f 2932 2934 2933
f 2937 2935 884
f 2936 482 2935
f 526 2936 2937
f 2935 2937 2936
f 2940 2938 1039
f 2939 291 2938
f 339 2939 2940
f 2938 2940 2939
f 2943 2941 467
f 2942 927 2941
f 150 2942 2943
f 2941 2943 2942
f 2587 2944 786
f 2945 126 2944
f 1121 2945 2587
f 2944 2587 2945
f 2948 2946 148
f 2947 258 2946
f 998 2947 2948
f 2946 2948 2947
f 2951 2949 37
f 2950 317 2949
f 290 2950 2951
f 2949 2951 2950
f 2954 2952 1195
f 2953 108 2952
f 1472 2953 2954
f 2952 2954 2953
f 2957 2955 1747
f 2956 133 2955
f 962 2956 2957
f 2955 2957 2956
f 2960 2958 1601
f 2959 959 2958
f 1914 2959 2960
f 2958 2960 2959
f 2963 2961 761
f 2962 333 2961
f 498 2962 2963
f 2961 2963 2962
f 2966 2964 1852
f 2965 1482 2964
f 1660 2965 2966
f 2964 2966 2965
f 2969 2967 188
f 2968 698 2967
f 323 2968 2969
f 2967 2969 2968
f 2221 2970 1562
f 2971 1613 2970
f 1645 2971 2221
f 2970 2221 2971
f 2973 2179 315
f 2972 389 2179
f 320 2972 2973
f 2179 2973 2972
f 2975 2974 1619
f 2314 592 2974
f 949 2314 2975
f 2974 2975 2314
f 2531 2976 963
f 2977 251 2976
f 875 2977 2531
f 2976 2531 2977
f 2980 2978 158
f 2979 1958 2978
f 162 2979 2980
f 2978 2980 2979
f 2983 2981 458
f 2982 937 2981
f 2033 2982 2983
f 2981 2983 2982
f 2985 2984 404
f 2420 1704 2984
f 734 2420 2985
f 2984 2985 2420
f 2736 2986 977
f 2987 1807 2986
f 1346 2987 2736
f 2986 2736 2987
f 2990 2988 1971
f 2989 1522 2988
f 278 2989 2990
f 2988 2990 2989
f 2993 2991 716
f 2992 1675 2991
f 380 2992 2993
f 2991 2993 2992
f 2996 2994 234
f 2995 11 2994
f 1128 2995 2996
f 2994 2996 2995
f 2999 2997 1009
f 2998 485 2997
f 1388 2998 2999
f 2997 2999 2998
f 3002 3000 737
f 3001 1618 3000
f 1740 3001 3002
f 3000 3002 3001
f 3005 3003 1787
f 3004 88 3003
f 1393 3004 3005
f 3003 3005 3004
f 3008 3006 994
f 3007 936 3006
f 6 3007 3008
f 3006 3008 3007
f 3011 3009 387
f 3010 1920 3009
f 833 3010 3011
f 3009 3011 3010
f 2858 3012 415
f 3013 1370 3012
f 981 3013 2858
f 3012 2858 3013
f 3016 3014 507
f 3015 1111 3014
f 715 3015 3016
f 3014 3016 3015
f 3018 3017 525
f 2214 1698 3017
f 1174 2214 3018
f 3017 3018 2214
f 3021 3019 660
f 3020 1538 3019
f 210 3020 3021
f 3019 3021 3020
f 3024 3022 76
f 3023 26 3022
f 987 3023 3024
f 3022 3024 3023
f 2491 2973 315
f 3025 320 2973
f 1999 3025 2491
f 2973 2491 3025
f 2237 3026 1503
f 3027 433 3026
f 468 3027 2237
f 3026 2237 3027
f 3028 2942 150
f 2363 927 2942
f 1588 2363 3028
f 2942 3028 2363
f 3031 3029 24
f 3030 805 3029
f 1878 3030 3031
f 3029 3031 3030
f 3034 3032 1351
f 3033 427 3032
f 909 3033 3034
f 3032 3034 3033
f 3037 3035 283
f 3036 1364 3035
f 926 3036 3037
f 3035 3037 3036
f 3040 3038 988
f 3039 1042 3038
f 197 3039 3040
f 3038 3040 3039
f 3043 3041 1738
f 3042 138 3041
f 1888 3042 3043
f 3041 3043 3042
f 3046 3044 670
f 3045 622 3044
f 2036 3045 3046
f 3044 3046 3045
f 3049 3047 1027
f 3048 666 3047
f 73 3048 3049
f 3047 3049 3048
f 3052 3050 386
f 3051 1822 3050
f 1467 3051 3052
f 3050 3052 3051
f 3055 3053 2026
f 3054 65 3053
f 736 3054 3055
f 3053 3055 3054
f 3058 3056 1939
f 3057 1183 3056
f 1861 3057 3058
f 3056 3058 3057
f 3061 3059 407
f 3060 742 3059
f 386 3060 3061
f 3059 3061 3060
f 2263 3062 620
f 3063 215 3062
f 429 3063 2263
f 3062 2263 3063
f 3014 3064 507
f 3065 1994 3064
f 1111 3065 3014
f 3064 3014 3065
f 3068 3066 810
f 3067 586 3066
f 1657 3067 3068
f 3066 3068 3067
f 3071 3069 1234
f 3070 341 3069
f 1363 3070 3071
f 3069 3071 3070
f 2781 3072 638
f 3073 669 3072
f 1929 3073 2781
f 3072 2781 3073
f 3075 3074 581
f 2994 11 3074
f 234 2994 3075
f 3074 3075 2994
f 3078 3076 383
f 3077 1292 3076
f 1226 3077 3078
f 3076 3078 3077
f 3080 2579 1354
f 3079 1445 2579
f 519 3079 3080
f 2579 3080 3079
f 3083 3081 616
f 3082 1689 3081
f 539 3082 3083
f 3081 3083 3082
f 3086 3084 1802
f 3085 305 3084
f 1947 3085 3086
f 3084 3086 3085
f 3089 3087 1232
f 3088 1616 3087
f 1991 3088 3089
f 3087 3089 3088
f 3091 3090 488
f 2320 2003 3090
f 160 2320 3091
f 3090 3091 2320
f 3093 2076 5
f 3092 1581 2076
f 1089 3092 3093
f 2076 3093 3092
f 3096 3094 382
f 3095 799 3094
f 1207 3095 3096
f 3094 3096 3095
f 3099 3097 1008
f 3098 1932 3097
f 1933 3098 3099
f 3097 3099 3098
f 3102 3100 1024
f 3101 832 3100
f 1582 3101 3102
f 3100 3102 3101
f 3105 3103 497
f 3104 1344 3103
f 1168 3104 3105
f 3103 3105 3104
f 3108 3106 35
f 3107 1380 3106
f 1091 3107 3108
f 3106 3108 3107
f 3110 2339 296
f 3109 319 2339
f 1324 3109 3110
f 2339 3110 3109
f 3113 3111 1854
f 3112 455 3111
f 611 3112 3113
f 3111 3113 3112
f 3115 3114 866
f 2060 1114 3114
f 1948 2060 3115
f 3114 3115 2060
f 3118 3116 802
f 3117 1323 3116
f 1798 3117 3118
f 3116 3118 3117
f 3121 3119 1340
f 3120 2034 3119
f 1102 3120 3121
f 3119 3121 3120
f 3124 3122 385
f 3123 307 3122
f 1350 3123 3124
f 3122 3124 3123
f 3127 3125 1799
f 3126 1976 3125
f 381 3126 3127
f 3125 3127 3126
f 3130 3128 244
f 3129 467 3128
f 322 3129 3130
f 3128 3130 3129
f 3133 3131 351
f 3132 876 3131
f 1526 3132 3133
f 3131 3133 3132
f 3136 3134 1970
f 3135 378 3134
f 335 3135 3136
f 3134 3136 3135
f 3139 3137 1987
f 3138 1405 3137
f 873 3138 3139
f 3137 3139 3138
f 3141 3140 766
f 2682 762 3140
f 1412 2682 3141
f 3140 3141 2682
f 3144 3142 940
f 3143 1376 3142
f 1640 3143 3144
f 3142 3144 3143
f 3146 3145 451
f 2684 1412 3145
f 1506 2684 3146
f 3145 3146 2684
f 3149 3147 1270
f 3148 2028 3147
f 417 3148 3149
f 3147 3149 3148
f 3152 3150 788
f 3151 154 3150
f 1307 3151 3152
f 3150 3152 3151
f 3155 3153 237
f 3154 1378 3153
f 1187 3154 3155
f 3153 3155 3154
f 3158 3156 2000
f 3157 2013 3156
f 193 3157 3158
f 3156 3158 3157
f 3160 2642 342
f 3159 717 2642
f 534 3159 3160
f 2642 3160 3159
f 3163 3161 1086
f 3162 776 3161
f 765 3162 3163
f 3161 3163 3162
f 3166 3164 1965
f 3165 1106 3164
f 1725 3165 3166
f 3164 3166 3165
f 3169 3167 1504
f 3168 1561 3167
f 1564 3168 3169
f 3167 3169 3168
f 3172 3170 612
f 3171 1417 3170
f 511 3171 3172
f 3170 3172 3171
f 3175 3173 1774
f 3174 1969 3173
f 842 3174 3175
f 3173 3175 3174
f 3178 3176 875
f 3177 167 3176
f 379 3177 3178
f 3176 3178 3177
f 3180 2528 1985
f 3179 1688 2528
f 1638 3179 3180
f 2528 3180 3179
f 3182 2199 757
f 3181 1147 2199
f 1525 3181 3182
f 2199 3182 3181
f 3185 3183 1375
f 3184 1772 3183
f 164 3184 3185
f 3183 3185 3184
f 3187 3147 2028
f 3186 1270 3147
f 425 3186 3187
f 3147 3187 3186
f 3190 3188 1955
f 3189 1220 3188
f 475 3189 3190
f 3188 3190 3189
f 3193 3191 1304
f 3192 423 3191
f 1145 3192 3193
f 3191 3193 3192
f 3196 3194 1195
f 3195 1515 3194
f 1108 3195 3196
f 3194 3196 3195
f 3199 3197 367
f 3198 1625 3197
f 198 3198 3199
f 3197 3199 3198
f 2064 3200 486
f 3201 1548 3200
f 387 3201 2064
f 3200 2064 3201
f 3204 3202 878
f 3203 1566 3202
f 1892 3203 3204
f 3202 3204 3203
f 3207 3205 612
f 3206 1240 3205
f 104 3206 3207
f 3205 3207 3206
f 2321 3208 2003
f 3209 347 3208
f 749 3209 2321
f 3208 2321 3209
f 3212 3210 927
f 3211 1296 3210
f 1890 3211 3212
f 3210 3212 3211
f 3215 3213 563
f 3214 232 3213
f 1591 3214 3215
f 3213 3215 3214
f 3218 3216 259
f 3217 211 3216
f 161 3217 3218
f 3216 3218 3217
f 3221 3219 1538
f 3220 824 3219
f 897 3220 3221
f 3219 3221 3220
f 3224 3222 627
f 3223 848 3222
f 808 3223 3224
f 3222 3224 3223
f 3191 3225 1304
f 3226 1128 3225
f 423 3226 3191
f 3225 3191 3226
f 3229 3227 654
f 3228 885 3227
f 293 3228 3229
f 3227 3229 3228
f 3232 3230 1404
f 3231 711 3230
f 792 3231 3232
f 3230 3232 3231
f 3235 3233 458
f 3234 271 3233
f 2030 3234 3235
f 3233 3235 3234
f 3159 3236 717
f 3237 968 3236
f 534 3237 3159
f 3236 3159 3237
f 3239 2138 57
f 3238 633 2138
f 378 3238 3239
f 2138 3239 3238
f 3241 3240 1782
f 2572 1669 3240
f 615 2572 3241
f 3240 3241 2572
f 3244 3242 302
f 3243 367 3242
f 607 3243 3244
f 3242 3244 3243
f 3247 3245 1859
f 3246 1765 3245
f 21 3246 3247
f 3245 3247 3246
f 3250 3248 278
f 3249 1497 3248
f 35 3249 3250
f 3248 3250 3249
f 2981 3235 458
f 3251 2030 3235
f 937 3251 2981
f 3235 2981 3251
f 3253 2245 1336
f 3252 1041 2245
f 1767 3252 3253
f 2245 3253 3252
f 3256 3254 250
f 3255 1456 3254
f 1139 3255 3256
f 3254 3256 3255
f 3259 3257 937
f 3258 337 3257
f 460 3258 3259
f 3257 3259 3258
f 2352 3260 1385
f 3261 1774 3260
f 859 3261 2352
f 3260 2352 3261
f 3264 3262 789
f 3263 71 3262
f 750 3263 3264
f 3262 3264 3263
f 3267 3265 819
f 3266 72 3265
f 419 3266 3267
f 3265 3267 3266
f 3270 3268 1875
f 3269 145 3268
f 2029 3269 3270
f 3268 3270 3269
f 3272 3224 627
f 3271 808 3224
f 641 3271 3272
f 3224 3272 3271
f 3275 3273 1589
f 3274 1695 3273
f 1575 3274 3275
f 3273 3275 3274
f 3277 2647 1665
f 3276 999 2647
f 23 3276 3277
f 2647 3277 3276
f 3280 3278 504
f 3279 630 3278
f 671 3279 3280
f 3278 3280 3279
f 3279 3281 630
f 3282 1273 3281
f 671 3282 3279
f 3281 3279 3282
f 3285 3283 1307
f 3284 1199 3283
f 25 3284 3285
f 3283 3285 3284
f 3288 3286 201
f 3287 589 3286
f 1907 3287 3288
f 3286 3288 3287
f 3290 2318 252
f 3289 468 2318
f 1347 3289 3290
f 2318 3290 3289
f 3293 3291 1006
f 3292 1242 3291
f 697 3292 3293
f 3291 3293 3292
f 3295 2109 1542
f 3294 1903 2109
f 1816 3294 3295
f 2109 3295 3294
f 3298 3296 1793
f 3297 431 3296
f 1804 3297 3298
f 3296 3298 3297
f 3301 3299 124
f 3300 1435 3299
f 1459 3300 3301
f 3299 3301 3300
f 3304 3302 80
f 3303 900 3302
f 1667 3303 3304
f 3302 3304 3303
f 3307 3305 1225
f 3306 1051 3305
f 842 3306 3307
f 3305 3307 3306
f 3310 3308 2000
f 3309 1841 3308
f 1618 3309 3310
f 3308 3310 3309
f 3313 3311 728
f 3312 1027 3311
f 27 3312 3313
f 3311 3313 3312
f 3316 3314 1943
f 3315 576 3314
f 1950 3315 3316
f 3314 3316 3315
f 3319 3317 1373
f 3318 231 3317
f 1606 3318 3319
f 3317 3319 3318
f 3322 3320 1630
f 3321 175 3320
f 1115 3321 3322
f 3320 3322 3321
f 3325 3323 239
f 3324 1249 3323
f 781 3324 3325
f 3323 3325 3324
f 3328 3326 561
f 3327 503 3326
f 486 3327 3328
f 3326 3328 3327
f 3331 3329 491
f 3330 66 3329
f 1423 3330 3331
f 3329 3331 3330
f 3334 3332 1113
f 3333 1496 3332
f 1658 3333 3334
f 3332 3334 3333
f 3336 3335 996
f 2424 1450 3335
f 1064 2424 3336
f 3335 3336 2424
f 3339 3337 1106
f 3338 1014 3337
f 919 3338 3339
f 3337 3339 3338
f 3342 3340 613
f 3341 1417 3340
f 119 3341 3342
f 3340 3342 3341
f 3345 3343 1818
f 3344 518 3343
f 89 3344 3345
f 3343 3345 3344
f 3348 3346 1492
f 3347 1153 3346
f 228 3347 3348
f 3346 3348 3347
f 3351 3349 1647
f 3350 230 3349
f 720 3350 3351
f 3349 3351 3350
f 3354 3352 1512
f 3353 1474 3352
f 1733 3353 3354
f 3352 3354 3353
f 3357 3355 445
f 3356 183 3355
f 2037 3356 3357
f 3355 3357 3356
f 3360 3358 171
f 3359 199 3358
f 1321 3359 3360
f 3358 3360 3359
f 3362 2246 551
f 3361 1336 2246
f 2041 3361 3362
f 2246 3362 3361
f 3364 2436 327
f 3363 190 2436
f 1964 3363 3364
f 2436 3364 3363
f 3367 3365 1570
f 3366 1557 3365
f 158 3366 3367
f 3365 3367 3366
f 3370 3368 865
f 3369 153 3368
f 1661 3369 3370
f 3368 3370 3369
f 3373 3371 1518
f 3372 1241 3371
f 739 3372 3373
f 3371 3373 3372
f 3376 3374 52
f 3375 2005 3374
f 1866 3375 3376
f 3374 3376 3375
f 3379 3377 1626
f 3378 730 3377
f 1267 3378 3379
f 3377 3379 3378
f 2405 3380 1757
f 3000 1618 3380
f 737 3000 2405
f 3380 2405 3000
f 3382 2090 281
f 3381 2011 2090
f 1207 3381 3382
f 2090 3382 3381
f 3385 3383 1048
f 3384 323 3383
f 273 3384 3385
f 3383 3385 3384
f 3387 3386 1465
f 2143 1925 3386
f 981 2143 3387
f 3386 3387 2143
f 3390 3388 1187
f 3389 539 3388
f 1217 3389 3390
f 3388 3390 3389
f 3393 3391 1422
f 3392 829 3391
f 1845 3392 3393
f 3391 3393 3392
f 3396 3394 1069
f 3395 1251 3394
f 379 3395 3396
f 3394 3396 3395
f 3398 2796 1698
f 3397 310 2796
f 1107 3397 3398
f 2796 3398 3397
f 3401 3399 1670
f 3400 535 3399
f 986 3400 3401
f 3399 3401 3400
f 3404 3402 170
f 3403 792 3402
f 1169 3403 3404
f 3402 3404 3403
f 3406 3405 840
f 2108 1903 3405
f 1446 2108 3406
f 3405 3406 2108
f 3409 3407 1312
f 3408 298 3407
f 159 3408 3409
f 3407 3409 3408
f 3388 3410 1187
f 3083 616 3410
f 539 3083 3388
f 3410 3388 3083
f 3413 3411 527
f 3412 652 3411
f 1022 3412 3413
f 3411 3413 3412
f 3416 3414 852
f 3415 1226 3414
f 564 3415 3416
f 3414 3416 3415
f 3419 3417 515
f 3418 803 3417
f 659 3418 3419
f 3417 3419 3418
f 3422 3420 1990
f 3421 1182 3420
f 884 3421 3422
f 3420 3422 3421
f 3424 3423 1466
f 2665 1973 3423
f 1161 2665 3424
f 3423 3424 2665
f 3426 2122 919
f 3425 1868 2122
f 834 3425 3426
f 2122 3426 3425
f 3429 3427 1341
f 3428 880 3427
f 1829 3428 3429
f 3427 3429 3428
f 3286 3430 201
f 3431 308 3430
f 589 3431 3286
f 3430 3286 3431
f 3434 3432 525
f 3433 1190 3432
f 1631 3433 3434
f 3432 3434 3433
f 3437 3435 973
f 3436 1101 3435
f 917 3436 3437
f 3435 3437 3436
f 2614 3338 919
f 3438 1014 3338
f 127 3438 2614
f 3338 2614 3438
f 3441 3439 614
f 3440 1951 3439
f 470 3440 3441
f 3439 3441 3440
f 3444 3442 500
f 3443 1909 3442
f 886 3443 3444
f 3442 3444 3443
f 3447 3445 60
f 3446 65 3445
f 1085 3446 3447
f 3445 3447 3446
f 3450 3448 1425
f 3449 544 3448
f 536 3449 3450
f 3448 3450 3449
f 3453 3451 1444
f 3452 1198 3451
f 1253 3452 3453
f 3451 3453 3452
f 3456 3454 1935
f 3455 1135 3454
f 1835 3455 3456
f 3454 3456 3455
f 3459 3457 1200
f 3458 189 3457
f 53 3458 3459
f 3457 3459 3458
f 3460 2080 2007
f 2156 1205 2080
f 598 2156 3460
f 2080 3460 2156
f 3463 3461 1386
f 3462 405 3461
f 195 3462 3463
f 3461 3463 3462
f 3466 3464 656
f 3465 743 3464
f 1531 3465 3466
f 3464 3466 3465
f 3469 3467 1758
f 3468 1722 3467
f 594 3468 3469
f 3467 3469 3468
f 3471 2454 144
f 3470 1010 2454
f 599 3470 3471
f 2454 3471 3470
f 3474 3472 1424
f 3473 1963 3472
f 358 3473 3474
f 3472 3474 3473
f 3477 3475 1557
f 3476 794 3475
f 1697 3476 3477
f 3475 3477 3476
f 3480 3478 1223
f 3479 165 3478
f 131 3479 3480
f 3478 3480 3479
f 3483 3481 1929
f 3482 1564 3481
f 1913 3482 3483
f 3481 3483 3482
f 3486 3484 1743
f 3485 817 3484
f 1175 3485 3486
f 3484 3486 3485
f 3489 3487 905
f 3488 675 3487
f 510 3488 3489
f 3487 3489 3488
f 3492 3490 648
f 3491 463 3490
f 1480 3491 3492
f 3490 3492 3491
f 3495 3493 1000
f 3494 1528 3493
f 1970 3494 3495
f 3493 3495 3494
f 3497 2986 1807
f 3496 977 2986
f 208 3496 3497
f 2986 3497 3496
f 2867 3498 867
f 3499 1875 3498
f 419 3499 2867
f 3498 2867 3499
f 3502 3500 119
f 3501 215 3500
f 248 3501 3502
f 3500 3502 3501
f 3505 3503 212
f 3504 1363 3503
f 1887 3504 3505
f 3503 3505 3504
f 3508 3506 932
f 3507 1632 3506
f 1445 3507 3508
f 3506 3508 3507
f 3511 3509 1084
f 3510 772 3509
f 1004 3510 3511
f 3509 3511 3510
f 3513 3512 2035
f 2157 243 3512
f 1205 2157 3513
f 3512 3513 2157
f 3516 3514 961
f 3515 261 3514
f 451 3515 3516
f 3514 3516 3515
f 3519 3517 566
f 3518 1536 3517
f 1978 3518 3519
f 3517 3519 3518
f 3522 3520 1541
f 3521 355 3520
f 1067 3521 3522
f 3520 3522 3521
f 3525 3523 2024
f 3524 621 3523
f 1696 3524 3525
f 3523 3525 3524
f 3528 3526 869
f 3527 1461 3526
f 162 3527 3528
f 3526 3528 3527
f 3531 3529 1832
f 3530 1580 3529
f 411 3530 3531
f 3529 3531 3530
f 3534 3532 1449
f 3533 1349 3532
f 1213 3533 3534
f 3532 3534 3533
f 3537 3535 693
f 3536 35 3535
f 901 3536 3537
f 3535 3537 3536
f 3540 3538 854
f 3539 1369 3538
f 1739 3539 3540
f 3538 3540 3539
f 3543 3541 113
f 3542 126 3541
f 594 3542 3543
f 3541 3543 3542
f 3546 3544 3
f 3545 1760 3544
f 459 3545 3546
f 3544 3546 3545
f 3549 3547 1230
f 3548 1367 3547
f 491 3548 3549
f 3547 3549 3548
f 3552 3550 1204
f 3551 216 3550
f 907 3551 3552
f 3550 3552 3551
f 3554 3553 1136
f 2217 228 3553
f 832 2217 3554
f 3553 3554 2217
f 3557 3555 1763
f 3556 668 3555
f 965 3556 3557
f 3555 3557 3556
f 3560 3558 672
f 3559 398 3558
f 1571 3559 3560
f 3558 3560 3559
f 3563 3561 1258
f 3562 493 3561
f 152 3562 3563
f 3561 3563 3562
f 3566 3564 302
f 3565 1563 3564
f 1625 3565 3566
f 3564 3566 3565
f 3569 3567 552
f 3568 1267 3567
f 1493 3568 3569
f 3567 3569 3568
f 3572 3570 448
f 3571 1508 3570
f 1201 3571 3572
f 3570 3572 3571
f 3189 3573 1220
f 3574 1473 3573
f 475 3574 3189
f 3573 3189 3574
f 3576 3284 25
f 3575 1199 3284
f 2021 3575 3576
f 3284 3576 3575
f 3579 3577 224
f 3578 314 3577
f 1685 3578 3579
f 3577 3579 3578
f 3582 3580 123
f 3581 61 3580
f 213 3581 3582
f 3580 3582 3581
f 3585 3583 1602
f 3584 146 3583
f 1590 3584 3585
f 3583 3585 3584
f 3588 3586 1069
f 3587 1912 3586
f 667 3587 3588
f 3586 3588 3587
f 3591 3589 882
f 3590 708 3589
f 798 3590 3591
f 3589 3591 3590
f 2460 3592 1674
f 3593 226 3592
f 1547 3593 2460
f 3592 2460 3593
f 3596 3594 1992
f 3595 741 3594
f 672 3595 3596
f 3594 3596 3595
f 2509 2267 1678
f 3597 107 2267
f 1825 3597 2509
f 2267 2509 3597
f 3599 3598 1617
f 3521 1067 3598
f 355 3521 3599
f 3598 3599 3521
f 3601 3519 566
f 3600 1978 3519
f 1403 3600 3601
f 3519 3601 3600
f 3604 3602 414
f 3603 1382 3602
f 783 3603 3604
f 3602 3604 3603
f 3607 3605 1059
f 3606 456 3605
f 1750 3606 3607
f 3605 3607 3606
f 3610 3608 1243
f 3609 186 3608
f 1534 3609 3610
f 3608 3610 3609
f 3613 3611 1005
f 3612 46 3611
f 791 3612 3613
f 3611 3613 3612
f 3616 3614 1703
f 3615 440 3614
f 610 3615 3616
f 3614 3616 3615
f 2451 2859 813
f 3617 836 2859
f 1155 3617 2451
f 2859 2451 3617
f 3618 3348 1492
f 3553 228 3348
f 1136 3553 3618
f 3348 3618 3553
f 3620 3619 1116
f 3103 1344 3619
f 497 3103 3620
f 3619 3620 3103
f 3623 3621 871
f 3622 1737 3621
f 12 3622 3623
f 3621 3623 3622
f 3626 3624 101
f 3625 1281 3624
f 420 3625 3626
f 3624 3626 3625
f 3629 3627 1090
f 3628 1614 3627
f 745 3628 3629
f 3627 3629 3628
f 3632 3630 1543
f 3631 1248 3630
f 268 3631 3632
f 3630 3632 3631
f 3634 2979 162
f 3633 1958 2979
f 1597 3633 3634
f 2979 3634 3633
f 3637 3635 915
f 3636 1679 3635
f 679 3636 3637
f 3635 3637 3636
f 3640 3638 394
f 3639 1653 3638
f 1491 3639 3640
f 3638 3640 3639
f 3643 3641 765
f 3642 1419 3641
f 129 3642 3643
f 3641 3643 3642
f 3646 3644 935
f 3645 398 3644
f 527 3645 3646
f 3644 3646 3645
f 3649 3647 890
f 3648 166 3647
f 2019 3648 3649
f 3647 3649 3648
f 3651 3650 2038
f 2965 1660 3650
f 1482 2965 3651
f 3650 3651 2965
f 3653 3652 508
f 2886 1209 3652
f 391 2886 3653
f 3652 3653 2886
f 3655 3654 1944
f 3518 1978 3654
f 1536 3518 3655
f 3654 3655 3518
f 2993 3656 380
f 3657 1402 3656
f 716 3657 2993
f 3656 2993 3657
f 3660 3658 621
f 3659 3 3658
f 674 3659 3660
f 3658 3660 3659
f 3663 3661 1468
f 3662 316 3661
f 36 3662 3663
f 3661 3663 3662
f 3666 3664 649
f 3665 1487 3664
f 1771 3665 3666
f 3664 3666 3665
f 3669 3667 1926
f 3668 1648 3667
f 1003 3668 3669
f 3667 3669 3668
f 3672 3670 1675
f 3671 609 3670
f 1096 3671 3672
f 3670 3672 3671
f 3674 3673 30
f 2271 1791 3673
f 1440 2271 3674
f 3673 3674 2271
f 3677 3675 402
f 3676 314 3675
f 1732 3676 3677
f 3675 3677 3676
f 3680 3678 1406
f 3679 1785 3678
f 607 3679 3680
f 3678 3680 3679
f 3683 3681 1832
f 3682 235 3681
f 712 3682 3683
f 3681 3683 3682
f 3685 3684 494
f 2251 173 3684
f 178 2251 3685
f 3684 3685 2251
f 3688 3686 1040
f 3687 1079 3686
f 562 3687 3688
f 3686 3688 3687
f 3030 3689 805
f 3690 784 3689
f 1878 3690 3030
f 3689 3030 3690
f 3281 3691 630
f 3692 1289 3691
f 1273 3692 3281
f 3691 3281 3692
f 3694 2266 107
f 3693 1041 2266
f 194 3693 3694
f 2266 3694 3693
f 3697 3695 1900
f 3696 1086 3695
f 1401 3696 3697
f 3695 3697 3696
f 3211 3698 1296
f 3699 2037 3698
f 1890 3699 3211
f 3698 3211 3699
f 2327 3700 209
f 3701 1072 3700
f 735 3701 2327
f 3700 2327 3701
f 3704 3702 1716
f 3703 574 3702
f 42 3703 3704
f 3702 3704 3703
f 3707 3705 784
f 3706 781 3705
f 385 3706 3707
f 3705 3707 3706
f 3709 3708 1862
f 3392 1845 3708
f 829 3392 3709
f 3708 3709 3392
f 3712 3710 285
f 3711 727 3710
f 759 3711 3712
f 3710 3712 3711
f 3715 3713 58
f 3714 1736 3713
f 1644 3714 3715
f 3713 3715 3714
f 3718 3716 464
f 3717 689 3716
f 1794 3717 3718
f 3716 3718 3717
f 3720 2184 1348
f 3719 1820 2184
f 1643 3719 3720
f 2184 3720 3719
f 2951 3721 290
f 3722 319 3721
f 37 3722 2951
f 3721 2951 3722
f 3724 3723 658
f 3362 551 3723
f 2041 3362 3724
f 3723 3724 3362
f 3727 3725 12
f 3726 1333 3725
f 1077 3726 3727
f 3725 3727 3726
f 3730 3728 1212
f 3729 289 3728
f 623 3729 3730
f 3728 3730 3729
f 3732 3731 1549
f 2999 1009 3731
f 1388 2999 3732
f 3731 3732 2999
f 3735 3733 2022
f 3734 333 3733
f 312 3734 3735
f 3733 3735 3734
f 2576 3736 41
f 3737 894 3736
f 538 3737 2576
f 3736 2576 3737
f 3690 3738 784
f 3739 1350 3738
f 1878 3739 3690
f 3738 3690 3739
f 3741 3740 1716
f 3714 1644 3740
f 1736 3714 3741
f 3740 3741 3714
f 3744 3742 1362
f 3743 1684 3742
f 317 3743 3744
f 3742 3744 3743
f 3747 3745 1509
f 3746 121 3745
f 339 3746 3747
f 3745 3747 3746
f 3750 3748 1518
f 3749 1741 3748
f 608 3749 3750
f 3748 3750 3749
f 3753 3751 1348
f 3752 334 3751
f 374 3752 3753
f 3751 3753 3752
f 3756 3754 935
f 3755 1169 3754
f 282 3755 3756
f 3754 3756 3755
f 3758 3757 1178
f 3550 216 3757
f 1204 3550 3758
f 3757 3758 3550
f 2464 3759 1383
f 3760 1054 3759
f 143 3760 2464
f 3759 2464 3760
f 3763 3761 1963
f 3762 1966 3761
f 120 3762 3763
f 3761 3763 3762
f 3766 3764 303
f 3765 1846 3764
f 1431 3765 3766
f 3764 3766 3765
f 3768 2676 1756
f 3767 1946 2676
f 1623 3767 3768
f 2676 3768 3767
f 3771 3769 542
f 3770 1603 3769
f 1481 3770 3771
f 3769 3771 3770
f 3774 3772 843
f 3773 1779 3772
f 1096 3773 3774
f 3772 3774 3773
f 2563 3775 1194
f 3776 1840 3775
f 1242 3776 2563
f 3775 2563 3776
f 3778 2969 188
f 3777 323 2969
f 1872 3777 3778
f 2969 3778 3777
f 3780 3779 2009
f 2679 1369 3779
f 1821 2679 3780
f 3779 3780 2679
f 3366 3781 1557
f 3782 1455 3781
f 158 3782 3366
f 3781 3366 3782
f 3785 3783 1475
f 3784 465 3783
f 1908 3784 3785
f 3783 3785 3784
f 3788 3786 1290
f 3787 1393 3786
f 651 3787 3788
f 3786 3788 3787
f 3791 3789 1574
f 3790 670 3789
f 2040 3790 3791
f 3789 3791 3790
f 3794 3792 2010
f 3793 1507 3792
f 821 3793 3794
f 3792 3794 3793
f 3797 3795 1376
f 3796 1084 3795
f 851 3796 3797
f 3795 3797 3796
f 3800 3798 1963
f 3799 1604 3798
f 1284 3799 3800
f 3798 3800 3799
f 3803 3801 402
f 3802 516 3801
f 713 3802 3803
f 3801 3803 3802
f 3806 3804 1819
f 3805 324 3804
f 1040 3805 3806
f 3804 3806 3805
f 3809 3807 9
f 3808 1312 3807
f 726 3808 3809
f 3807 3809 3808
f 2770 3810 182
f 3811 728 3810
f 32 3811 2770
f 3810 2770 3811
f 3813 2527 1688
f 3812 1266 2527
f 344 3812 3813
f 2527 3813 3812
f 3816 3814 10
f 3815 707 3814
f 1612 3815 3816
f 3814 3816 3815
f 2459 3486 1743
f 3817 1175 3486
f 1674 3817 2459
f 3486 2459 3817
f 3820 3818 1246
f 3819 1431 3818
f 914 3819 3820
f 3818 3820 3819
f 3200 3327 486
f 3821 503 3327
f 1548 3821 3200
f 3327 3200 3821
f 3824 3822 1724
f 3823 1915 3822
f 1414 3823 3824
f 3822 3824 3823
f 3827 3825 1142
f 3826 1483 3825
f 1589 3826 3827
f 3825 3827 3826
f 3829 3828 476
f 3341 119 3828
f 1417 3341 3829
f 3828 3829 3341
f 3832 3830 740
f 3831 540 3830
f 1076 3831 3832
f 3830 3832 3831
f 2396 3833 1297
f 3834 777 3833
f 1728 3834 2396
f 3833 2396 3834
f 3836 3835 363
f 2326 209 3835
f 1382 2326 3836
f 3835 3836 2326
f 3839 3837 1049
f 3838 1923 3837
f 495 3838 3839
f 3837 3839 3838
f 2513 3840 634
f 3841 891 3840
f 1897 3841 2513
f 3840 2513 3841
f 3844 3842 514
f 3843 821 3842
f 1240 3843 3844
f 3842 3844 3843
f 3847 3845 250
f 3846 1984 3845
f 846 3846 3847
f 3845 3847 3846
f 3850 3848 2040
f 3849 142 3848
f 39 3849 3850
f 3848 3850 3849
f 3853 3851 1776
f 3852 421 3851
f 1037 3852 3853
f 3851 3853 3852
f 3856 3854 910
f 3855 883 3854
f 885 3855 3856
f 3854 3856 3855
f 3859 3857 324
f 3858 1986 3857
f 1737 3858 3859
f 3857 3859 3858
f 2322 3860 749
f 3861 1113 3860
f 160 3861 2322
f 3860 2322 3861
f 3864 3862 837
f 3863 694 3862
f 1033 3863 3864
f 3862 3864 3863
f 3867 3865 617
f 3866 1942 3865
f 137 3866 3867
f 3865 3867 3866
f 3870 3868 84
f 3869 1100 3868
f 1752 3869 3870
f 3868 3870 3869
f 3872 3280 504
f 3871 671 3280
f 1938 3871 3872
f 3280 3872 3871
f 3874 3873 268
f 3157 193 3873
f 2013 3157 3874
f 3873 3874 3157
f 3877 3875 781
f 3876 1980 3875
f 565 3876 3877
f 3875 3877 3876
f 3880 3878 1442
f 3879 1179 3878
f 1685 3879 3880
f 3878 3880 3879
f 3882 2788 1423
f 3881 499 2788
f 1478 3881 3882
f 2788 3882 3881
f 3885 3883 849
f 3884 373 3883
f 1477 3884 3885
f 3883 3885 3884
f 3887 3886 941
f 3450 1425 3886
f 536 3450 3887
f 3886 3887 3450
f 3890 3888 17
f 3889 818 3888
f 1152 3889 3890
f 3888 3890 3889
f 3893 3891 830
f 3892 195 3891
f 1094 3892 3893
f 3891 3893 3892
f 3896 3894 356
f 3895 725 3894
f 1070 3895 3896
f 3894 3896 3895
f 3897 2224 794
f 3701 735 2224
f 1072 3701 3897
f 2224 3897 3701
f 3899 3898 1043
f 3465 1531 3898
f 743 3465 3899
f 3898 3899 3465
f 3902 3900 1871
f 3901 1904 3900
f 1215 3901 3902
f 3900 3902 3901
f 2827 3903 1697
f 3904 1072 3903
f 1859 3904 2827
f 3903 2827 3904
f 3907 3905 862
f 3906 1790 3905
f 187 3906 3907
f 3905 3907 3906
f 3910 3908 922
f 3909 780 3908
f 132 3909 3910
f 3908 3910 3909
f 3913 3911 663
f 3912 961 3911
f 708 3912 3913
f 3911 3913 3912
f 3916 3914 1240
f 3915 501 3914
f 1050 3915 3916
f 3914 3916 3915
f 3918 3917 169
f 3043 1738 3917
f 1888 3043 3918
f 3917 3918 3043
f 2215 3347 228
f 3919 1153 3347
f 1088 3919 2215
f 3347 2215 3919
f 3922 3920 1163
f 3921 210 3920
f 897 3921 3922
f 3920 3922 3921
f 3924 3867 617
f 3923 137 3867
f 1617 3923 3924
f 3867 3924 3923
f 3927 3925 1858
f 3926 691 3925
f 1115 3926 3927
f 3925 3927 3926
f 3930 3928 1830
f 3929 1642 3928
f 22 3929 3930
f 3928 3930 3929
f 2607 3931 373
f 3932 1335 3931
f 789 3932 2607
f 3931 2607 3932
f 3935 3933 1097
f 3934 976 3933
f 958 3934 3935
f 3933 3935 3934
f 3938 3936 1202
f 3937 1654 3936
f 617 3937 3938
f 3936 3938 3937
f 3941 3939 1805
f 3940 1724 3939
f 735 3940 3941
f 3939 3941 3940
f 3944 3942 161
f 3943 400 3942
f 523 3943 3944
f 3942 3944 3943
f 3946 3202 1566
f 3945 878 3202
f 62 3945 3946
f 3202 3946 3945
f 3948 3403 1169
f 3947 792 3403
f 653 3947 3948
f 3403 3948 3947
f 3951 3949 1696
f 3950 760 3949
f 1056 3950 3951
f 3949 3951 3950
f 3953 2791 1254
f 3952 1469 2791
f 1036 3952 3953
f 2791 3953 3952
f 3955 3299 1435
f 3954 124 3299
f 1039 3954 3955
f 3299 3955 3954
f 3958 3956 1546
f 3957 1789 3956
f 1290 3957 3958
f 3956 3958 3957
f 3960 3821 1548
f 3959 503 3821
f 650 3959 3960
f 3821 3960 3959
f 3963 3961 137
f 3962 1300 3961
f 1346 3962 3963
f 3961 3963 3962
f 3965 3964 1220
f 2116 1527 3964
f 657 2116 3965
f 3964 3965 2116
f 3968 3966 86
f 3967 1186 3966
f 1002 3967 3968
f 3966 3968 3967
f 3971 3969 38
f 3970 1561 3969
f 770 3970 3971
f 3969 3971 3970
f 3973 3972 7
f 3844 514 3972
f 1240 3844 3973
f 3972 3973 3844
f 3929 3974 1642
f 3975 1083 3974
f 22 3975 3929
f 3974 3929 3975
f 3978 3976 704
f 3977 827 3976
f 1623 3977 3978
f 3976 3978 3977
f 3254 3979 250
f 3980 418 3979
f 1456 3980 3254
f 3979 3254 3980
f 3981 3808 726
f 2707 1312 3808
f 292 2707 3981
f 3808 3981 2707
f 3984 3982 922
f 3983 517 3982
f 1160 3983 3984
f 3982 3984 3983
f 3985 2444 1063
f 3982 517 2444
f 922 3982 3985
f 2444 3985 3982
f 3988 3986 1022
f 3987 1114 3986
f 106 3987 3988
f 3986 3988 3987
f 3991 3989 1561
f 3990 705 3989
f 168 3990 3991
f 3989 3991 3990
f 3994 3992 1262
f 3993 1474 3992
f 930 3993 3994
f 3992 3994 3993
f 3997 3995 1777
f 3996 1751 3995
f 64 3996 3997
f 3995 3997 3996
f 4000 3998 581
f 3999 1304 3998
f 1689 3999 4000
f 3998 4000 3999
f 4003 4001 216
f 4002 43 4001
f 126 4002 4003
f 4001 4003 4002
f 4006 4004 1403
f 4005 1092 4004
f 1535 4005 4006
f 4004 4006 4005
f 4009 4007 654
f 4008 1600 4007
f 877 4008 4009
f 4007 4009 4008
f 2340 4010 296
f 4011 1715 4010
f 891 4011 2340
f 4010 2340 4011
f 3861 3334 1113
f 4012 1658 3334
f 160 4012 3861
f 3334 3861 4012
f 3936 2051 1202
f 4013 464 2051
f 1654 4013 3936
f 2051 3936 4013
f 3895 2474 725
f 4014 1844 2474
f 1070 4014 3895
f 2474 3895 4014
f 4017 4015 254
f 4016 22 4015
f 422 4016 4017
f 4015 4017 4016
f 4020 4018 688
f 4019 1674 4018
f 444 4019 4020
f 4018 4020 4019
f 4023 4021 452
f 4022 490 4021
f 343 4022 4023
f 4021 4023 4022
f 4026 4024 1338
f 4025 279 4024
f 1605 4025 4026
f 4024 4026 4025
f 4028 4027 1962
f 3462 195 4027
f 405 3462 4028
f 4027 4028 3462
f 4031 4029 1724
f 4030 494 4029
f 1977 4030 4031
f 4029 4031 4030
f 3158 4032 193
f 4033 128 4032
f 2000 4033 3158
f 4032 3158 4033
f 4035 2541 1839
f 4034 801 2541
f 503 4034 4035
f 2541 4035 4034
f 4038 4036 775
f 4037 692 4036
f 1560 4037 4038
f 4036 4038 4037
f 4040 4039 99
f 2515 1794 4039
f 1284 2515 4040
f 4039 4040 2515
f 4043 4041 1811
f 4042 1279 4041
f 1055 4042 4043
f 4041 4043 4042
f 4046 4044 5
f 4045 101 4044
f 925 4045 4046
f 4044 4046 4045
f 4049 4047 692
f 4048 1098 4047
f 1323 4048 4049
f 4047 4049 4048
f 4052 4050 122
f 4051 582 4050
f 1439 4051 4052
f 4050 4052 4051
f 4055 4053 1559
f 4054 649 4053
f 1052 4054 4055
f 4053 4055 4054
f 3259 4056 460
f 2982 2033 4056
f 937 2982 3259
f 4056 3259 2982
f 3931 4057 373
f 4058 49 4057
f 1335 4058 3931
f 4057 3931 4058
f 4060 3053 65
f 4059 2026 3053
f 1467 4059 4060
f 3053 4060 4059
f 4063 4061 515
f 4062 1289 4061
f 92 4062 4063
f 4061 4063 4062
f 4066 4064 723
f 4065 4 4064
f 1651 4065 4066
f 4064 4066 4065
f 4068 4067 168
f 3704 1716 4067
f 42 3704 4068
f 4067 4068 3704
f 4070 2660 457
f 4069 807 2660
f 1497 4069 4070
f 2660 4070 4069
f 4073 4071 1068
f 4072 1711 4071
f 941 4072 4073
f 4071 4073 4072
f 4075 3394 1251
f 4074 1069 3394
f 1939 4074 4075
f 3394 4075 4074
f 4077 4076 1765
f 3576 25 4076
f 2021 3576 4077
f 4076 4077 3576
f 4080 4078 1451
f 4079 1522 4078
f 2004 4079 4080
f 4078 4080 4079
f 4083 4081 1264
f 4082 186 4081
f 428 4082 4083
f 4081 4083 4082
f 4086 4084 676
f 4085 66 4084
f 354 4085 4086
f 4084 4086 4085
f 4089 4087 1700
f 4088 1522 4087
f 56 4088 4089
f 4087 4089 4088
f 4091 4090 1848
f 2959 1914 4090
f 959 2959 4091
f 4090 4091 2959
f 4093 4092 1853
f 2324 1511 4092
f 1315 2324 4093
f 4092 4093 2324
f 4095 4001 43
f 4094 216 4001
f 1968 4094 4095
f 4001 4095 4094
f 4097 4096 865
f 2922 1731 4096
f 1802 2922 4097
f 4096 4097 2922
f 4100 4098 375
f 4099 477 4098
f 1549 4099 4100
f 4098 4100 4099
f 4103 4101 1357
f 4102 1905 4101
f 1868 4102 4103
f 4101 4103 4102
f 4106 4104 1540
f 4105 873 4104
f 1130 4105 4106
f 4104 4106 4105
f 4109 4107 418
f 4108 751 4107
f 864 4108 4109
f 4107 4109 4108
f 4112 4110 1637
f 4111 69 4110
f 149 4111 4112
f 4110 4112 4111
f 2236 4113 1620
f 4114 685 4113
f 1503 4114 2236
f 4113 2236 4114
f 4116 4111 149
f 4115 69 4111
f 1336 4115 4116
f 4111 4116 4115
f 4119 4117 388
f 4118 2023 4117
f 1065 4118 4119
f 4117 4119 4118
f 4122 4120 1902
f 4121 1927 4120
f 269 4121 4122
f 4120 4122 4121
f 4125 4123 550
f 4124 1863 4123
f 898 4124 4125
f 4123 4125 4124
f 4127 4126 917
f 3709 1862 4126
f 829 3709 4127
f 4126 4127 3709
f 4130 4128 1730
f 4129 286 4128
f 1981 4129 4130
f 4128 4130 4129
f 4133 4131 610
f 4132 752 4131
f 115 4132 4133
f 4131 4133 4132
f 4136 4134 578
f 4135 1974 4134
f 404 4135 4136
f 4134 4136 4135
f 4042 4137 1279
f 4138 2027 4137
f 1055 4138 4042
f 4137 4042 4138
f 4140 3631 268
f 4139 1248 3631
f 572 4139 4140
f 3631 4140 4139
f 4142 4141 246
f 2663 41 4141
f 1374 2663 4142
f 4141 4142 2663
f 2248 4143 1710
f 2811 847 4143
f 526 2811 2248
f 4143 2248 2811
f 2176 4144 466
f 4145 609 4144
f 899 4145 2176
f 4144 2176 4145
f 4148 4146 518
f 4147 1236 4146
f 256 4147 4148
f 4146 4148 4147
f 3682 4149 235
f 4150 978 4149
f 712 4150 3682
f 4149 3682 4150
f 4152 4151 1891
f 2764 856 4151
f 1873 2764 4152
f 4151 4152 2764
f 4155 4153 743
f 4154 690 4153
f 1828 4154 4155
f 4153 4155 4154
f 4156 2701 1170
f 2323 1315 2701
f 738 2323 4156
f 2701 4156 2323
f 4159 4157 550
f 4158 1839 4157
f 828 4158 4159
f 4157 4159 4158
f 4162 4160 1457
f 4161 261 4160
f 1028 4161 4162
f 4160 4162 4161
f 3044 4163 670
f 4164 671 4163
f 622 4164 3044
f 4163 3044 4164
f 2980 4165 162
f 4166 754 4165
f 158 4166 2980
f 4165 2980 4166
f 2765 4167 136
f 4168 1228 4167
f 1653 4168 2765
f 4167 2765 4168
f 4170 4169 1190
f 2485 487 4169
f 1164 2485 4170
f 4169 4170 2485
f 4173 4171 1606
f 4172 1615 4171
f 639 4172 4173
f 4171 4173 4172
f 4175 4174 317
f 3489 905 4174
f 510 3489 4175
f 4174 4175 3489
f 4177 4176 966
f 3184 164 4176
f 1772 3184 4177
f 4176 4177 3184
f 4179 4178 1858
f 3812 344 4178
f 1266 3812 4179
f 4178 4179 3812
f 4180 2926 1154
f 2672 13 2926
f 368 2672 4180
f 2926 4180 2672
f 4183 4181 262
f 4182 1941 4181
f 1870 4182 4183
f 4181 4183 4182
f 4186 4184 1594
f 4185 74 4184
f 121 4185 4186
f 4184 4186 4185
f 4189 4187 2007
f 4188 172 4187
f 1553 4188 4189
f 4187 4189 4188
f 4191 3228 293
f 4190 885 3228
f 906 4190 4191
f 3228 4191 4190
f 4193 4192 858
f 4155 743 4192
f 1828 4155 4193
f 4192 4193 4155
f 4196 4194 138
f 4195 1639 4194
f 1322 4195 4196
f 4194 4196 4195
f 4199 4197 895
f 4198 1834 4197
f 178 4198 4199
f 4197 4199 4198
f 4202 4200 1532
f 4201 946 4200
f 1339 4201 4202
f 4200 4202 4201
f 4205 4203 267
f 4204 1817 4203
f 1529 4204 4205
f 4203 4205 4204
f 3870 4206 1752
f 4207 1924 4206
f 84 4207 3870
f 4206 3870 4207
f 4210 4208 368
f 4209 1318 4208
f 490 4209 4210
f 4208 4210 4209
f 4213 4211 1397
f 4212 1838 4211
f 636 4212 4213
f 4211 4213 4212
f 4214 2925 13
f 2249 55 2925
f 526 2249 4214
f 2925 4214 2249
f 2939 4215 291
f 4216 1156 4215
f 339 4216 2939
f 4215 2939 4216
f 4218 2960 1601
f 4217 1914 2960
f 1029 4217 4218
f 2960 4218 4217
f 4220 3645 527
f 4219 398 3645
f 741 4219 4220
f 3645 4220 4219
f 4222 4142 246
f 4221 1374 4142
f 1693 4221 4222
f 4142 4222 4221
f 4225 4223 381
f 4224 338 4223
f 1508 4224 4225
f 4223 4225 4224
f 4228 4226 1603
f 4227 430 4226
f 855 4227 4228
f 4226 4228 4227
f 3363 4229 190
f 4230 1342 4229
f 1964 4230 3363
f 4229 3363 4230
f 2305 4120 1927
f 4231 1902 4120
f 33 4231 2305
f 4120 2305 4231
f 4234 4232 1501
f 4233 1847 4232
f 1625 4233 4234
f 4232 4234 4233
f 4237 4235 1109
f 4236 1324 4235
f 624 4236 4237
f 4235 4237 4236
f 3134 3494 1970
f 2118 1528 3494
f 378 2118 3134
f 3494 3134 2118
f 2338 4238 891
f 3722 37 4238
f 319 3722 2338
f 4238 2338 3722
f 4241 4239 299
f 4240 276 4239
f 1796 4240 4241
f 4239 4241 4240
f 3016 2382 715
f 4242 832 2382
f 507 4242 3016
f 2382 3016 4242
f 3017 3434 525
f 4243 1631 3434
f 1698 4243 3017
f 3434 3017 4243
f 4245 4244 243
f 2755 376 4244
f 841 2755 4245
f 4244 4245 2755
f 4248 4246 1044
f 4247 1437 4246
f 676 4247 4248
f 4246 4248 4247
f 4250 4249 325
f 3405 1903 4249
f 840 3405 4250
f 4249 4250 3405
f 2798 4092 1511
f 4251 1853 4092
f 1192 4251 2798
f 4092 2798 4251
f 4254 4252 785
f 4253 179 4252
f 1699 4253 4254
f 4252 4254 4253
f 4257 4255 78
f 4256 276 4255
f 879 4256 4257
f 4255 4257 4256
f 2930 4258 1855
f 2387 804 4258
f 1535 2387 2930
f 4258 2930 2387
f 2115 4259 1276
f 4260 1692 4259
f 657 4260 2115
f 4259 2115 4260
f 4263 4261 1965
f 4262 90 4261
f 59 4262 4263
f 4261 4263 4262
f 4264 3174 842
f 2056 1969 3174
f 388 2056 4264
f 3174 4264 2056
f 2170 4265 1427
f 2824 295 4265
f 741 2824 2170
f 4265 2170 2824
f 3262 4266 789
f 2878 1555 4266
f 71 2878 3262
f 4266 3262 2878
f 4269 4267 1597
f 4268 1045 4267
f 1524 4268 4269
f 4267 4269 4268
f 4272 4270 1436
f 4271 435 4270
f 447 4271 4272
f 4270 4272 4271
f 4274 4273 1894
f 3954 1039 4273
f 124 3954 4274
f 4273 4274 3954
f 4276 3819 914
f 4275 1431 3819
f 1053 4275 4276
f 3819 4276 4275
f 4279 4277 1506
f 4278 437 4277
f 187 4278 4279
f 4277 4279 4278
f 4282 4280 1319
f 4281 1109 4280
f 1959 4281 4282
f 4280 4282 4281
f 4284 4283 1392
f 3077 1226 4283
f 1292 3077 4284
f 4283 4284 3077
f 2142 4285 1744
f 4286 1961 4285
f 981 4286 2142
f 4285 2142 4286
f 4288 4287 1961
f 2857 415 4287
f 1893 2857 4288
f 4287 4288 2857
f 4291 4289 911
f 4290 87 4289
f 478 4290 4291
f 4289 4291 4290
f 4206 2073 1752
f 4292 1846 2073
f 1924 4292 4206
f 2073 4206 4292
f 4295 4293 726
f 4294 602 4293
f 1986 4294 4295
f 4293 4295 4294
f 4297 4296 1512
f 3840 891 4296
f 634 3840 4297
f 4296 4297 3840
f 2512 4298 148
f 4299 241 4298
f 634 4299 2512
f 4298 2512 4299
f 4302 4300 1042
f 4301 1413 4300
f 1909 4301 4302
f 4300 4302 4301
f 4304 4235 1324
f 4303 1109 4235
f 1460 4303 4304
f 4235 4304 4303
f 4307 4305 815
f 4306 1298 4305
f 1343 4306 4307
f 4305 4307 4306
f 4310 4308 1875
f 4309 578 4308
f 350 4309 4310
f 4308 4310 4309
f 2397 4311 1728
f 4312 1099 4311
f 98 4312 2397
f 4311 2397 4312
f 4313 3529 1580
f 3683 1832 3529
f 712 3683 4313
f 3529 4313 3683
f 4316 4314 662
f 4315 1786 4314
f 465 4315 4316
f 4314 4316 4315
f 2077 4046 5
f 4317 925 4046
f 219 4317 2077
f 4046 2077 4317
f 2505 4318 588
f 4319 874 4318
f 681 4319 2505
f 4318 2505 4319
f 2831 2197 45
f 4320 757 2197
f 1634 4320 2831
f 2197 2831 4320
f 4323 4321 1477
f 4322 1558 4321
f 1136 4322 4323
f 4321 4323 4322
f 4326 4324 1143
f 4325 818 4324
f 1989 4325 4326
f 4324 4326 4325
f 3767 4327 1946
f 3978 704 4327
f 1623 3978 3767
f 4327 3767 3978
f 4329 4328 759
f 3619 1344 4328
f 1116 3619 4329
f 4328 4329 3619
f 4332 4330 2039
f 4331 1789 4330
f 47 4331 4332
f 4330 4332 4331
f 4335 4333 1015
f 4334 1628 4333
f 1123 4334 4335
f 4333 4335 4334
f 2101 2136 1745
f 3313 728 2136
f 27 3313 2101
f 2136 2101 3313
f 4338 4336 1003
f 4337 251 4336
f 225 4337 4338
f 4336 4338 4337
f 4341 4339 233
f 4340 226 4339
f 142 4340 4341
f 4339 4341 4340
f 4344 4342 1641
f 4343 1308 4342
f 1702 4343 4344
f 4342 4344 4343
f 2795 4345 1104
f 4346 1718 4345
f 310 4346 2795
f 4345 2795 4346
f 4348 4347 1782
f 3188 1220 4347
f 1955 3188 4348
f 4347 4348 3188
f 4351 4349 636
f 4350 1168 4349
f 84 4350 4351
f 4349 4351 4350
f 3883 4352 849
f 4353 795 4352
f 373 4353 3883
f 4352 3883 4353
f 4356 4354 48
f 4355 851 4354
f 1406 4355 4356
f 4354 4356 4355
f 4358 4357 1066
f 2261 4 4357
f 347 2261 4358
f 4357 4358 2261
f 4361 4359 1405
f 4360 1717 4359
f 329 4360 4361
f 4359 4361 4360
f 3460 4362 598
f 4187 172 4362
f 2007 4187 3460
f 4362 3460 4187
f 3857 3804 324
f 2415 1819 3804
f 1986 2415 3857
f 3804 3857 2415
f 2728 4363 1165
f 4364 1550 4363
f 212 4364 2728
f 4363 2728 4364
f 4365 2518 852
f 2070 1120 2518
f 1172 2070 4365
f 2518 4365 2070
f 4367 3272 627
f 4366 641 3272
f 343 4366 4367
f 3272 4367 4366
f 4369 3442 1909
f 4368 500 3442
f 1331 4368 4369
f 3442 4369 4368
f 4372 4370 1763
f 4371 1601 4370
f 399 4371 4372
f 4370 4372 4371
f 4375 4373 244
f 4374 936 4373
f 1171 4374 4375
f 4373 4375 4374
f 4378 4376 174
f 4377 1860 4376
f 360 4377 4378
f 4376 4378 4377
f 2507 4379 1191
f 4380 853 4379
f 1726 4380 2507
f 4379 2507 4380
f 4383 4381 89
f 4382 1633 4381
f 1354 4382 4383
f 4381 4383 4382
f 4385 3458 53
f 4384 189 3458
f 245 4384 4385
f 3458 4385 4384
f 4387 4386 876
f 3651 2038 4386
f 1482 3651 4387
f 4386 4387 3651
f 4390 4388 424
f 4389 812 4388
f 764 4389 4390
f 4388 4390 4389
f 4393 4391 1460
f 4392 1319 4391
f 40 4392 4393
f 4391 4393 4392
f 4396 4394 9
f 4395 579 4394
f 1358 4395 4396
f 4394 4396 4395
f 4333 4397 1015
f 4398 1680 4397
f 1628 4398 4333
f 4397 4333 4398
f 4401 4399 2032
f 4400 1712 4399
f 1964 4400 4401
f 4399 4401 4400
f 4403 4402 1415
f 3367 1570 4402
f 158 3367 4403
f 4402 4403 3367
f 4406 4404 1633
f 4405 820 4404
f 1593 4405 4406
f 4404 4406 4405
f 3216 4407 259
f 4408 888 4407
f 211 4408 3216
f 4407 3216 4408
f 4410 4409 1056
f 2869 706 4409
f 1342 2869 4410
f 4409 4410 2869
f 4411 2438 190
f 3629 1090 2438
f 745 3629 4411
f 2438 4411 3629
f 2913 4412 353
f 4413 1721 4412
f 1177 4413 2913
f 4412 2913 4413
f 3858 4294 1986
f 4414 602 4294
f 1737 4414 3858
f 4294 3858 4414
f 4415 3991 1561
f 4068 168 3991
f 42 4068 4415
f 3991 4415 4068
f 4418 4416 132
f 4417 606 4416
f 1687 4417 4418
f 4416 4418 4417
f 4421 4419 1882
f 4420 1806 4419
f 1801 4420 4421
f 4419 4421 4420
f 4424 4422 1778
f 4423 843 4422
f 1215 4423 4424
f 4422 4424 4423
f 4010 4425 296
f 4426 947 4425
f 1715 4426 4010
f 4425 4010 4426
f 4020 4427 444
f 4428 758 4427
f 688 4428 4020
f 4427 4020 4428
f 4431 4429 1274
f 4430 1166 4429
f 1769 4430 4431
f 4429 4431 4430
f 4433 4432 425
f 2398 778 4432
f 861 2398 4433
f 4432 4433 2398
f 4436 4434 2026
f 4435 1464 4434
f 407 4435 4436
f 4434 4436 4435
f 4439 4437 893
f 4438 846 4437
f 1869 4438 4439
f 4437 4439 4438
f 4442 4440 1733
f 4441 1362 4440
f 340 4441 4442
f 4440 4442 4441
f 3456 4443 1835
f 4444 1806 4443
f 1935 4444 3456
f 4443 3456 4444
f 4445 3889 1152
f 4324 818 3889
f 1143 4324 4445
f 3889 4445 4324
f 4421 4446 1801
f 4447 125 4446
f 1882 4447 4421
f 4446 4421 4447
f 4450 4448 246
f 4449 742 4448
f 1428 4449 4450
f 4448 4450 4449
f 4453 4451 53
f 4452 115 4451
f 1874 4452 4453
f 4451 4453 4452
f 4456 4454 967
f 4455 955 4454
f 155 4455 4456
f 4454 4456 4455
f 4459 4457 1851
f 4458 699 4457
f 1686 4458 4459
f 4457 4459 4458
f 4462 4460 1829
f 4461 17 4460
f 1886 4461 4462
f 4460 4462 4461
f 4464 3934 958
f 4463 976 3934
f 1635 4463 4464
f 3934 4464 4463
f 2694 4465 1851
f 4466 1092 4465
f 845 4466 2694
f 4465 2694 4466
f 3996 4467 1751
f 4468 310 4467
f 64 4468 3996
f 4467 3996 4468
f 4471 4469 255
f 4470 1917 4469
f 1800 4470 4471
f 4469 4471 4470
f 4474 4472 248
f 4473 1947 4472
f 613 4473 4474
f 4472 4474 4473
f 4477 4475 504
f 4476 1239 4475
f 112 4476 4477
f 4475 4477 4476
f 3051 4478 1822
f 4479 1085 4478
f 1467 4479 3051
f 4478 3051 4479
f 3163 4480 765
f 3696 1401 4480
f 1086 3696 3163
f 4480 3163 3696
f 4483 4481 168
f 4482 1302 4481
f 635 4482 4483
f 4481 4483 4482
f 4486 4484 1061
f 4485 928 4484
f 306 4485 4486
f 4484 4486 4485
f 4489 4487 483
f 4488 1585 4487
f 844 4488 4489
f 4487 4489 4488
f 4492 4490 1206
f 4491 836 4490
f 582 4491 4492
f 4490 4492 4491
f 4493 2962 498
f 3733 333 2962
f 2022 3733 4493
f 2962 4493 3733
f 4496 4494 982
f 4495 1641 4494
f 769 4495 4496
f 4494 4496 4495
f 4498 4497 1883
f 3955 1435 4497
f 1039 3955 4498
f 4497 4498 3955
f 4501 4499 202
f 4500 1303 4499
f 294 4500 4501
f 4499 4501 4500
f 4502 3307 1225
f 4264 842 3307
f 388 4264 4502
f 3307 4502 4264
f 4505 4503 1398
f 4504 1357 4503
f 1960 4504 4505
f 4503 4505 4504
f 4506 3185 1375
f 2229 164 3185
f 1278 2229 4506
f 3185 4506 2229
f 4509 4507 1399
f 4508 397 4507
f 1167 4508 4509
f 4507 4509 4508
f 4511 4375 244
f 4510 1171 4375
f 390 4510 4511
f 4375 4511 4510
f 3374 4512 52
f 4513 277 4512
f 2005 4513 3374
f 4512 3374 4513
f 4514 2681 1821
f 3778 188 2681
f 1872 3778 4514
f 2681 4514 3778
f 4516 3426 919
f 4515 834 3426
f 1901 4515 4516
f 3426 4516 4515
f 4518 4517 1419
f 2332 776 4517
f 1889 2332 4518
f 4517 4518 2332
f 4521 4519 1071
f 4520 219 4519
f 1122 4520 4521
f 4519 4521 4520
f 4522 3582 123
f 2854 213 3582
f 33 2854 4522
f 3582 4522 2854
f 4525 4523 321
f 4524 1127 4523
f 1815 4524 4525
f 4523 4525 4524
f 4528 4526 322
f 4527 1588 4526
f 1889 4527 4528
f 4526 4528 4527
f 4530 3180 1985
f 4529 1638 3180
f 798 4529 4530
f 3180 4530 4529
f 4533 4531 411
f 4532 1409 4531
f 474 4532 4533
f 4531 4533 4532
f 4536 4534 184
f 4535 1432 4534
f 1487 4535 4536
f 4534 4536 4535
f 4539 4537 1122
f 4538 925 4537
f 956 4538 4539
f 4537 4539 4538
f 4541 4540 1763
f 3759 1054 4540
f 1383 3759 4541
f 4540 4541 3759
f 4544 4542 357
f 4543 797 4542
f 1996 4543 4544
f 4542 4544 4543
f 3672 4545 1096
f 4546 1967 4545
f 1675 4546 3672
f 4545 3672 4546
f 4548 4547 1953
f 3261 859 4547
f 1774 3261 4548
f 4547 4548 3261
f 4550 4549 67
f 4440 1362 4549
f 1733 4440 4550
f 4549 4550 4440
f 4553 4551 1102
f 4552 1849 4551
f 768 4552 4553
f 4551 4553 4552
f 4555 4554 883
f 2916 1860 4554
f 906 2916 4555
f 4554 4555 2916
f 3402 4556 170
f 3232 1404 4556
f 792 3232 3402
f 4556 3402 3232
f 4559 4557 462
f 4558 94 4557
f 1245 4558 4559
f 4557 4559 4558
f 4562 4560 395
f 4561 687 4560
f 289 4561 4562
f 4560 4562 4561
f 4564 4563 83
f 4274 1894 4563
f 124 4274 4564
f 4563 4564 4274
f 4566 3469 1758
f 4565 594 3469
f 43 4565 4566
f 3469 4566 4565
f 4569 4567 571
f 4568 1364 4567
f 957 4568 4569
f 4567 4569 4568
f 4572 4570 1231
f 4571 2008 4570
f 1499 4571 4572
f 4570 4572 4571
f 4575 4573 1253
f 4574 1153 4573
f 102 4574 4575
f 4573 4575 4574
f 2417 4576 101
f 4577 972 4576
f 31 4577 2417
f 4576 2417 4577
f 4580 4578 1797
f 4579 1130 4578
f 332 4579 4580
f 4578 4580 4579
f 4583 4581 1424
f 4582 1665 4581
f 596 4582 4583
f 4581 4583 4582
f 4585 4584 1235
f 4351 636 4584
f 84 4351 4585
f 4584 4585 4351
f 4588 4586 481
f 4587 396 4586
f 1530 4587 4588
f 4586 4588 4587
f 4591 4589 995
f 4590 1813 4589
f 1780 4590 4591
f 4589 4591 4590
f 4592 2834 603
f 2210 573 2834
f 1768 2210 4592
f 2834 4592 2210
f 4595 4593 1491
f 4594 878 4593
f 1709 4594 4595
f 4593 4595 4594
f 4596 2566 2
f 3295 1542 2566
f 1816 3295 4596
f 2566 4596 3295
f 4599 4597 1981
f 4598 61 4597
f 1727 4598 4599
f 4597 4599 4598
f 2425 4600 1450
f 4601 1601 4600
f 787 4601 2425
f 4600 2425 4601
f 4604 4602 1843
f 4603 968 4602
f 898 4603 4604
f 4602 4604 4603
f 4607 4605 1718
f 4606 26 4605
f 95 4606 4607
f 4605 4607 4606
f 3368 4608 865
f 4609 416 4608
f 153 4609 3368
f 4608 3368 4609
f 4611 4284 1392
f 4610 1292 4284
f 1353 4610 4611
f 4284 4611 4610
f 4614 4612 1415
f 4613 1126 4612
f 1224 4613 4614
f 4612 4614 4613
f 4561 4615 687
f 2385 1352 4615
f 289 2385 4561
f 4615 4561 2385
f 4618 4616 850
f 4617 151 4616
f 1974 4617 4618
f 4616 4618 4617
f 4620 4619 1913
f 4265 295 4619
f 1427 4265 4620
f 4619 4620 4265
f 4623 4621 1779
f 4622 203 4621
f 1735 4622 4623
f 4621 4623 4622
f 4626 4624 1775
f 4625 240 4624
f 1213 4625 4626
f 4624 4626 4625
f 3383 4627 1048
f 4628 841 4627
f 323 4628 3383
f 4627 3383 4628
f 4631 4629 1789
f 4630 514 4629
f 1263 4630 4631
f 4629 4631 4630
f 4633 2612 1398
f 4632 1285 2612
f 1502 4632 4633
f 2612 4633 4632
f 4635 3853 1776
f 4634 1037 3853
f 1082 4634 4635
f 3853 4635 4634
f 4638 4636 49
f 4637 595 4636
f 1708 4637 4638
f 4636 4638 4637
f 4640 4639 1485
f 2591 364 4639
f 1031 2591 4640
f 4639 4640 2591
f 4643 4641 620
f 4642 661 4641
f 1803 4642 4643
f 4641 4643 4642
f 4646 4644 404
f 4645 151 4644
f 1229 4645 4646
f 4644 4646 4645
f 4649 4647 873
f 4648 112 4647
f 332 4648 4649
f 4647 4649 4648
f 4651 3288 201
f 4650 1907 3288
f 1428 4650 4651
f 3288 4651 4650
f 3561 4652 1258
f 4653 1268 4652
f 493 4653 3561
f 4652 3561 4653
f 4655 3372 739
f 4654 1241 3372
f 147 4654 4655
f 3372 4655 4654
f 4658 4656 956
f 4657 1757 4656
f 196 4657 4658
f 4656 4658 4657
f 4661 4659 1149
f 4660 1916 4659
f 1102 4660 4661
f 4659 4661 4660
f 4664 4662 1568
f 4663 663 4662
f 263 4663 4664
f 4662 4664 4663
f 4666 4665 185
f 2602 425 4665
f 74 2602 4666
f 4665 4666 2602
f 4667 3002 737
f 2685 1740 3002
f 280 2685 4667
f 3002 4667 2685
f 4670 4668 886
f 4669 892 4668
f 2009 4669 4670
f 4668 4670 4669
f 2311 4671 1957
f 4672 358 4671
f 1284 4672 2311
f 4671 2311 4672
f 3449 2622 544
f 4673 2005 2622
f 536 4673 3449
f 2622 3449 4673
f 4676 4674 975
f 4675 1608 4674
f 1671 4675 4676
f 4674 4676 4675
f 4679 4677 1720
f 4678 1047 4677
f 835 4678 4679
f 4677 4679 4678
f 4681 2725 1931
f 4680 1418 2725
f 1937 4680 4681
f 2725 4681 4680
f 3166 4682 1725
f 4261 90 4682
f 1965 4261 3166
f 4682 3166 4261
f 4685 4683 1867
f 4684 1746 4683
f 887 4684 4685
f 4683 4685 4684
f 4688 4686 341
f 4687 1696 4686
f 1373 4687 4688
f 4686 4688 4687
f 4691 4689 70
f 4690 226 4689
f 874 4690 4691
f 4689 4691 4690
f 4694 4692 1739
f 4693 892 4692
f 1936 4693 4694
f 4692 4694 4693
f 4696 2094 1788
f 4695 605 2094
f 929 4695 4696
f 2094 4696 4695
f 2838 3537 693
f 4697 901 3537
f 1116 4697 2838
f 3537 2838 4697
f 4700 4698 1076
f 4699 1309 4698
f 111 4699 4700
f 4698 4700 4699
f 4703 4701 1815
f 4702 1855 4701
f 687 4702 4703
f 4701 4703 4702
f 4706 4704 68
f 4705 795 4704
f 169 4705 4706
f 4704 4706 4705
f 4709 4707 1401
f 4708 1328 4707
f 213 4708 4709
f 4707 4709 4708
f 4711 4592 603
f 4710 1768 4592
f 1952 4710 4711
f 4592 4711 4710
f 3792 4712 2010
f 2585 429 4712
f 1507 2585 3792
f 4712 3792 2585
f 4715 4713 1366
f 4714 469 4713
f 1242 4714 4715
f 4713 4715 4714
f 4718 4716 969
f 4717 221 4716
f 1007 4717 4718
f 4716 4718 4717
f 3700 2717 209
f 4719 1995 2717
f 1072 4719 3700
f 2717 3700 4719
f 4722 4720 1082
f 4721 122 4720
f 730 4721 4722
f 4720 4722 4721
f 4724 2841 54
f 4723 1080 2841
f 1255 4723 4724
f 2841 4724 4723
f 4727 4725 555
f 4726 599 4725
f 1158 4726 4727
f 4725 4727 4726
f 4730 4728 509
f 4729 1528 4728
f 747 4729 4730
f 4728 4730 4729
f 4732 3920 210
f 4731 1163 3920
f 141 4731 4732
f 3920 4732 4731
f 4735 4733 1956
f 4734 1028 4733
f 1810 4734 4735
f 4733 4735 4734
f 4737 4646 404
f 4736 1229 4646
f 809 4736 4737
f 4646 4737 4736
f 4738 3312 27
f 3049 1027 3312
f 73 3049 4738
f 3312 4738 3049
f 4741 4739 1176
f 4740 1650 4739
f 1723 4740 4741
f 4739 4741 4740
f 4743 4742 497
f 4212 636 4742
f 1838 4212 4743
f 4742 4743 4212
f 4746 4744 1813
f 4745 967 4744
f 1381 4745 4746
f 4744 4746 4745
f 4748 3851 421
f 4747 1776 3851
f 1134 4747 4748
f 3851 4748 4747
f 4751 4749 1205
f 4750 452 4749
f 197 4750 4751
f 4749 4751 4750
f 4754 4752 1495
f 4753 805 4752
f 703 4753 4754
f 4752 4754 4753
f 4757 4755 885
f 4756 1286 4755
f 1400 4756 4757
f 4755 4757 4756
f 3079 4758 1445
f 4759 1760 4758
f 519 4759 3079
f 4758 3079 4759
f 4762 4760 479
f 4761 384 4760
f 1567 4761 4762
f 4760 4762 4761
f 4765 4763 618
f 4764 1013 4763
f 2032 4764 4765
f 4763 4765 4764
f 3019 4766 660
f 4767 2008 4766
f 1538 4767 3019
f 4766 3019 4767
f 2771 4768 943
f 4769 1571 4768
f 973 4769 2771
f 4768 2771 4769
f 4770 4079 2004
f 2988 1522 4079
f 1971 2988 4770
f 4079 4770 2988
f 4772 2850 227
f 4771 1812 2850
f 392 4771 4772
f 2850 4772 4771
f 4774 4737 404
f 4773 809 4737
f 591 4773 4774
f 4737 4774 4773
f 4777 4775 286
f 4776 1742 4775
f 587 4776 4777
f 4775 4777 4776
f 4779 4778 1513
f 3526 1461 4778
f 869 3526 4779
f 4778 4779 3526
f 4782 4780 908
f 4781 219 4780
f 848 4781 4782
f 4780 4782 4781
f 4785 4783 921
f 4784 718 4783
f 431 4784 4785
f 4783 4785 4784
f 4788 4786 1543
f 4787 2013 4786
f 695 4787 4788
f 4786 4788 4787
f 4791 4789 1140
f 4790 1934 4789
f 1918 4790 4791
f 4789 4791 4790
f 2353 4792 1578
f 4793 307 4792
f 34 4793 2353
f 4792 2353 4793
f 3421 2287 1182
f 4794 178 2287
f 884 4794 3421
f 2287 3421 4794
f 4797 4795 1271
f 4796 1943 4795
f 1327 4796 4797
f 4795 4797 4796
f 4798 2718 788
f 3835 209 2718
f 363 3835 4798
f 2718 4798 3835
f 4801 4799 1099
f 4800 1238 4799
f 1898 4800 4801
f 4799 4801 4800
f 4804 4802 1034
f 4803 1222 4802
f 647 4803 4804
f 4802 4804 4803
f 4806 4805 1447
f 2057 1694 4805
f 103 2057 4806
f 4805 4806 2057
f 2428 4300 1413
f 4807 1042 4300
f 1814 4807 2428
f 4300 2428 4807
f 4710 4808 1768
f 4809 267 4808
f 1952 4809 4710
f 4808 4710 4809
f 4812 4810 787
f 4811 1330 4810
f 1812 4811 4812
f 4810 4812 4811
f 4814 4813 177
f 2862 223 4813
f 336 2862 4814
f 4813 4814 2862
f 4816 4815 116
f 2443 2011 4815
f 1510 2443 4816
f 4815 4816 2443
f 2855 4708 213
f 2691 1328 4708
f 1911 2691 2855
f 4708 2855 2691
f 4817 3153 1378
f 2375 237 3153
f 1876 2375 4817
f 3153 4817 2375
f 2786 4818 1423
f 4819 1196 4818
f 2016 4819 2786
f 4818 2786 4819
f 4821 4820 521
f 3926 1115 4820
f 691 3926 4821
f 4820 4821 3926
f 4824 4822 1564
f 4823 574 4822
f 295 4823 4824
f 4822 4824 4823
f 4827 4825 1345
f 4826 1365 4825
f 1453 4826 4827
f 4825 4827 4826
f 4828 4685 1867
f 2333 887 4685
f 776 2333 4828
f 4685 4828 2333
f 4830 4195 1322
f 4829 1639 4195
f 1477 4829 4830
f 4195 4830 4829
f 4833 4831 1823
f 4832 1250 4831
f 929 4832 4833
f 4831 4833 4832
f 4836 4834 531
f 4835 220 4834
f 38 4835 4836
f 4834 4836 4835
f 4839 4837 942
f 4838 206 4837
f 159 4838 4839
f 4837 4839 4838
f 4840 3381 1207
f 4815 2011 3381
f 116 4815 4840
f 3381 4840 4815
f 4841 3856 910
f 4757 885 3856
f 1400 4757 4841
f 3856 4841 4757
f 4843 2564 1288
f 4842 1242 2564
f 944 4842 4843
f 2564 4843 4842
f 4845 4844 73
f 3741 1716 4844
f 1736 3741 4845
f 4844 4845 3741
f 4847 4846 1922
f 2126 453 4846
f 703 2126 4847
f 4846 4847 2126
f 4850 4848 1979
f 4849 1245 4848
f 1708 4849 4850
f 4848 4850 4849
f 4853 4851 1025
f 4852 1235 4851
f 1021 4852 4853
f 4851 4853 4852
f 3047 4854 1027
f 4855 1299 4854
f 666 4855 3047
f 4854 3047 4855
f 4857 4856 1360
f 2166 1105 4856
f 1730 2166 4857
f 4856 4857 2166
f 4860 4858 1819
f 4859 562 4858
f 533 4859 4860
f 4858 4860 4859
f 3860 4861 749
f 2710 1197 4861
f 1113 2710 3860
f 4861 3860 2710
f 4863 4862 131
f 2592 939 4862
f 364 2592 4863
f 4862 4863 2592
f 4866 4864 1685
f 4865 1784 4864
f 477 4865 4866
f 4864 4866 4865
f 3596 4867 672
f 2609 943 4867
f 1992 2609 3596
f 4867 3596 2609
f 4870 4868 629
f 4869 1160 4868
f 308 4869 4870
f 4868 4870 4869
f 4873 4871 761
f 4872 443 4871
f 331 4872 4873
f 4871 4873 4872
f 4876 4874 1683
f 4875 746 4874
f 1953 4875 4876
f 4874 4876 4875
f 4879 4877 1011
f 4878 1476 4877
f 1020 4878 4879
f 4877 4879 4878
f 4882 4880 782
f 4881 1468 4880
f 1178 4881 4882
f 4880 4882 4881
f 4884 4883 1517
f 2910 247 4883
f 480 2910 4884
f 4883 4884 2910
f 4887 4885 1334
f 4886 1788 4885
f 1250 4886 4887
f 4885 4887 4886
f 4889 4888 902
f 3974 1083 4888
f 1642 3974 4889
f 4888 4889 3974
f 3680 4890 607
f 4891 1714 4890
f 1406 4891 3680
f 4890 3680 4891
f 2456 4892 1129
f 4893 1015 4892
f 1359 4893 2456
f 4892 2456 4893
f 3642 4894 1419
f 4895 1019 4894
f 129 4895 3642
f 4894 3642 4895
f 4897 4896 64
f 2146 200 4896
f 1926 2146 4897
f 4896 4897 2146
f 4899 2778 1650
f 4898 272 2778
f 1218 4898 4899
f 2778 4899 4898
f 4902 4900 466
f 4901 168 4900
f 528 4901 4902
f 4900 4902 4901
f 4904 4903 2014
f 2964 1482 4903
f 1852 2964 4904
f 4903 4904 2964
f 4907 4905 441
f 4906 1301 4905
f 1705 4906 4907
f 4905 4907 4906
f 4910 4908 370
f 4909 253 4908
f 354 4909 4910
f 4908 4910 4909
f 4913 4911 1384
f 4912 1899 4911
f 1680 4912 4913
f 4911 4913 4912
f 4916 4914 167
f 4915 251 4914
f 1648 4915 4916
f 4914 4916 4915
f 3993 4917 1474
f 4918 241 4917
f 930 4918 3993
f 4917 3993 4918
f 4920 2634 8
f 4919 1847 2634
f 1662 4919 4920
f 2634 4920 4919
f 3056 4921 1939
f 4922 1600 4921
f 1183 4922 3056
f 4921 3056 4922
f 4925 4923 569
f 4924 522 4923
f 285 4924 4925
f 4923 4925 4924
f 3766 4926 1431
f 4927 596 4926
f 303 4927 3766
f 4926 3766 4927
f 4929 4928 690
f 3429 1341 4928
f 1829 3429 4929
f 4928 4929 3429
f 4932 4930 21
f 4931 413 4930
f 465 4931 4932
f 4930 4932 4931
f 4933 4762 479
f 2132 1567 4762
f 1751 2132 4933
f 4762 4933 2132
f 4935 3652 1209
f 4934 508 3652
f 1066 4934 4935
f 3652 4935 4934
f 4938 4936 903
f 4937 345 4936
f 117 4937 4938
f 4936 4938 4937
f 4941 4939 816
f 4940 1713 4939
f 610 4940 4941
f 4939 4941 4940
f 3667 2145 1926
f 2897 1652 2145
f 1648 2897 3667
f 2145 3667 2897
f 4944 4942 439
f 4943 1836 4942
f 143 4943 4944
f 4942 4944 4943
f 2393 4945 1706
f 4946 1823 4945
f 1260 4946 2393
f 4945 2393 4946
f 4948 4171 1615
f 4947 1606 4171
f 190 4947 4948
f 4171 4948 4947
f 4951 4949 2040
f 4950 644 4949
f 904 4950 4951
f 4949 4951 4950
f 4954 4952 1799
f 4953 970 4952
f 1753 4953 4954
f 4952 4954 4953
f 4957 4955 208
f 4956 1941 4955
f 1569 4956 4957
f 4955 4957 4956
f 4960 4958 1479
f 4959 1500 4958
f 1093 4959 4960
f 4958 4960 4959
f 4963 4961 1265
f 4962 102 4961
f 1586 4962 4963
f 4961 4963 4962
f 3045 4964 622
f 4965 1317 4964
f 2036 4965 3045
f 4964 3045 4965
f 3817 4966 1175
f 4967 1880 4966
f 1674 4967 3817
f 4966 3817 4967
f 4663 4968 663
f 4969 882 4968
f 263 4969 4663
f 4968 4663 4969
f 4972 4970 1865
f 4971 992 4970
f 274 4971 4972
f 4970 4972 4971
f 4973 3292 697
f 4714 1242 3292
f 469 4714 4973
f 3292 4973 4714
f 4976 4974 1830
f 4975 110 4974
f 1221 4975 4976
f 4974 4976 4975
f 4978 4977 1388
f 3730 1212 4977
f 623 3730 4978
f 4977 4978 3730
f 4981 4979 1442
f 4980 349 4979
f 375 4980 4981
f 4979 4981 4980
f 4303 4280 1109
f 4391 1319 4280
f 1460 4391 4303
f 4280 4303 4391
f 2678 4982 871
f 4983 1077 4982
f 1946 4983 2678
f 4982 2678 4983
f 3001 3309 1618
f 2422 1841 3309
f 1740 2422 3001
f 3309 3001 2422
f 4986 4984 916
f 4985 723 4984
f 1146 4985 4986
f 4984 4986 4985
f 4989 4987 330
f 4988 893 4987
f 1020 4988 4989
f 4987 4989 4988
f 4255 2239 78
f 4990 907 2239
f 276 4990 4255
f 2239 4255 4990
f 4992 4368 1331
f 4991 500 4368
f 1137 4991 4992
f 4368 4992 4991
f 2500 4021 490
f 4993 452 4021
f 611 4993 2500
f 4021 2500 4993
f 4995 3635 1679
f 4994 915 3635
f 1283 4994 4995
f 3635 4995 4994
f 4997 4996 783
f 3824 1724 4996
f 1414 3824 4997
f 4996 4997 3824
f 5000 4998 654
f 4999 1280 4998
f 1183 4999 5000
f 4998 5000 4999
f 2976 2486 963
f 4337 225 2486
f 251 4337 2976
f 2486 2976 4337
f 4514 5001 1872
f 3780 2009 5001
f 1821 3780 4514
f 5001 4514 3780
f 2212 3398 1698
f 5002 1107 3398
f 405 5002 2212
f 3398 2212 5002
f 5003 3447 60
f 4478 1085 3447
f 1822 4478 5003
f 3447 5003 4478
f 5005 5004 1577
f 4311 1099 5004
f 1728 4311 5005
f 5004 5005 4311
f 5007 5006 800
f 4392 40 5006
f 1319 4392 5007
f 5006 5007 4392
f 5009 3533 1213
f 5008 1349 3533
f 1326 5008 5009
f 3533 5009 5008
f 5012 5010 455
f 5011 954 5010
f 1154 5011 5012
f 5010 5012 5011
f 5015 5013 281
f 5014 799 5013
f 575 5014 5015
f 5013 5015 5014
f 5017 3255 1139
f 5016 1456 3255
f 577 5016 5017
f 3255 5017 5016
f 2172 3065 1111
f 5018 1994 3065
f 16 5018 2172
f 3065 2172 5018
f 5020 3258 460
f 5019 337 3258
f 1429 5019 5020
f 3258 5020 5019
f 5022 5021 1734
f 2790 1469 5021
f 772 2790 5022
f 5021 5022 2790
f 5024 5023 793
f 3813 1688 5023
f 344 3813 5024
f 5023 5024 3813
f 4278 2104 437
f 3907 862 2104
f 187 3907 4278
f 2104 4278 3907
f 5027 5025 1014
f 5026 114 5025
f 837 5026 5027
f 5025 5027 5026
f 5030 5028 279
f 5029 118 5028
f 614 5029 5030
f 5028 5030 5029
f 5033 5031 829
f 5032 1748 5031
f 435 5032 5033
f 5031 5033 5032
f 5034 4562 395
f 3728 289 4562
f 1212 3728 5034
f 4562 5034 3728
f 5037 5035 546
f 5036 831 5035
f 1769 5036 5037
f 5035 5037 5036
f 4658 5038 196
f 4539 1122 5038
f 956 4539 4658
f 5038 4658 4539
f 5039 2863 1465
f 2390 1023 2863
f 1123 2390 5039
f 2863 5039 2390
f 2667 5040 1385
f 5041 1313 5040
f 529 5041 2667
f 5040 2667 5041
f 5044 5042 1337
f 5043 1781 5042
f 1169 5043 5044
f 5042 5044 5043
f 5046 5045 1856
f 2929 1855 5045
f 1494 2929 5046
f 5045 5046 2929
f 5049 5047 950
f 5048 1805 5047
f 548 5048 5049
f 5047 5049 5048
f 5052 5050 1103
f 5051 401 5050
f 1300 5051 5052
f 5050 5052 5051
f 4186 5053 121
f 5054 1162 5053
f 1594 5054 4186
f 5053 4186 5054
f 2914 5055 1177
f 4731 141 5055
f 1163 4731 2914
f 5055 2914 4731
f 5056 3435 1101
f 4769 973 3435
f 1571 4769 5056
f 3435 5056 4769
f 5059 5057 1560
f 5058 284 5057
f 953 5058 5059
f 5057 5059 5058
f 5062 5060 1624
f 5061 1479 5060
f 414 5061 5062
f 5060 5062 5061
f 5065 5063 40
f 5064 524 5063
f 947 5064 5065
f 5063 5065 5064
f 5067 5066 967
f 2345 1664 5066
f 1470 2345 5067
f 5066 5067 2345
f 5070 5068 1560
f 5069 1282 5068
f 1489 5069 5070
f 5068 5070 5069
f 5072 5071 1057
f 4831 1250 5071
f 1823 4831 5072
f 5071 5072 4831
f 5074 5073 191
f 4318 874 5073
f 588 4318 5074
f 5073 5074 4318
f 2818 5075 1655
f 4115 1336 5075
f 69 4115 2818
f 5075 2818 4115
f 2722 5076 641
f 5077 959 5076
f 1814 5077 2722
f 5076 2722 5077
f 5080 5078 1376
f 5079 63 5078
f 1932 5079 5080
f 5078 5080 5079
f 5082 2777 2025
f 5081 1251 2777
f 1081 5081 5082
f 2777 5082 5081
f 5084 5083 360
f 4359 1717 5083
f 1405 4359 5084
f 5083 5084 4359
f 5087 5085 631
f 5086 67 5085
f 495 5086 5087
f 5085 5087 5086
f 5089 5088 521
f 2731 183 5088
f 1073 2731 5089
f 5088 5089 2731
f 4779 5090 869
f 5091 1524 5090
f 1513 5091 4779
f 5090 4779 5091
f 5094 5092 1837
f 5093 1444 5092
f 1437 5093 5094
f 5092 5094 5093
f 5096 5095 1065
f 4942 1836 5095
f 439 4942 5096
f 5095 5096 4942
f 3263 5097 71
f 5098 1758 5097
f 750 5098 3263
f 5097 3263 5098
f 5100 4828 1867
f 5099 776 4828
f 1850 5099 5100
f 4828 5100 5099
f 3283 3151 1307
f 5101 154 3151
f 1199 5101 3283
f 3151 3283 5101
f 3752 5102 334
f 5103 139 5102
f 374 5103 3752
f 5102 3752 5103
f 2953 5104 108
f 5105 1694 5104
f 1472 5105 2953
f 5104 2953 5105
f 2128 5106 1017
f 5107 1463 5106
f 703 5107 2128
f 5106 2128 5107
f 5110 5108 995
f 5109 287 5108
f 271 5109 5110
f 5108 5110 5109
f 5113 5111 771
f 5112 1649 5111
f 153 5112 5113
f 5111 5113 5112
f 5115 5114 546
f 4564 83 5114
f 124 4564 5115
f 5114 5115 4564
f 5117 4398 1628
f 5116 1680 4398
f 1925 5116 5117
f 4398 5117 5116
f 5119 2714 547
f 5118 409 2714
f 205 5118 5119
f 2714 5119 5118
f 5121 5120 1463
f 3514 261 5120
f 961 3514 5121
f 5120 5121 3514
f 5044 3754 1169
f 5122 935 3754
f 1337 5122 5044
f 3754 5044 5122
f 5124 2853 1687
f 5123 1150 2853
f 1063 5123 5124
f 2853 5124 5123
f 4137 5125 1279
f 5126 233 5125
f 2027 5126 4137
f 5125 4137 5126
f 2596 5127 313
f 5128 214 5127
f 1181 5128 2596
f 5127 2596 5128
f 5131 5129 501
f 5130 1651 5129
f 1629 5130 5131
f 5129 5131 5130
f 5134 5132 1999
f 5133 1390 5132
f 1874 5133 5134
f 5132 5134 5133
f 3266 5135 72
f 2868 1132 5135
f 419 2868 3266
f 5135 3266 2868
f 5137 3350 720
f 5136 230 3350
f 719 5136 5137
f 3350 5137 5136
f 5140 5138 406
f 5139 1371 5138
f 511 5139 5140
f 5138 5140 5139
f 5142 4704 795
f 5141 68 4704
f 49 5141 5142
f 4704 5142 5141
f 3039 5143 1042
f 5144 163 5143
f 197 5144 3039
f 5143 3039 5144
f 4758 3507 1445
f 5145 1632 3507
f 1760 5145 4758
f 3507 4758 5145
f 5148 5146 92
f 5147 1221 5146
f 1159 5147 5148
f 5146 5148 5147
f 2075 4780 219
f 5149 908 4780
f 1581 5149 2075
f 4780 2075 5149
f 5151 2291 923
f 5150 1311 2291
f 1998 5150 5151
f 2291 5151 5150
f 5154 5152 926
f 5153 1632 5152
f 483 5153 5154
f 5152 5154 5153
f 5156 5155 1896
f 4999 1183 5155
f 1280 4999 5156
f 5155 5156 4999
f 5159 5157 1712
f 5158 307 5157
f 327 5158 5159
f 5157 5159 5158
f 4804 2739 647
f 5160 1612 2739
f 1034 5160 4804
f 2739 4804 5160
f 5163 5161 1140
f 5162 1302 5161
f 576 5162 5163
f 5161 5163 5162
f 5166 5164 1930
f 5165 415 5164
f 694 5165 5166
f 5164 5166 5165
f 5168 2640 1157
f 5167 868 2640
f 689 5167 5168
f 2640 5168 5167
f 5171 5169 844
f 5170 1563 5169
f 926 5170 5171
f 5169 5171 5170
f 5173 5172 1573
f 3463 1386 5172
f 195 3463 5173
f 5172 5173 3463
f 5176 5174 1525
f 5175 1594 5174
f 109 5175 5176
f 5174 5176 5175
f 4378 5177 360
f 5178 1987 5177
f 174 5178 4378
f 5177 4378 5178
f 5181 5179 413
f 5180 1030 5179
f 913 5180 5181
f 5179 5181 5180
f 5183 2905 870
f 5182 642 2905
f 222 5182 5183
f 2905 5183 5182
f 5184 4242 507
f 2216 832 4242
f 1088 2216 5184
f 4242 5184 2216
f 5186 3344 89
f 5185 518 3344
f 597 5185 5186
f 3344 5186 5185
f 4302 5187 1909
f 5143 163 5187
f 1042 5143 4302
f 5187 4302 5143
f 5189 4532 474
f 5188 1409 4532
f 357 5188 5189
f 4532 5189 5188
f 5190 3985 1063
f 3910 922 3985
f 132 3910 5190
f 3985 5190 3910
f 5193 5191 696
f 5192 438 5191
f 961 5192 5193
f 5191 5193 5192
f 5195 5194 1555
f 4058 1335 5194
f 49 4058 5195
f 5194 5195 4058
f 4519 5196 1071
f 4781 848 5196
f 219 4781 4519
f 5196 4519 4781
f 5199 5197 1908
f 5198 1135 5197
f 1934 5198 5199
f 5197 5199 5198
f 3126 5200 1976
f 5201 758 5200
f 381 5201 3126
f 5200 3126 5201
f 2624 2865 1023
f 5202 1370 2865
f 1002 5202 2624
f 2865 2624 5202
f 5204 5203 850
f 2866 867 5203
f 1132 2866 5204
f 5203 5204 2866
f 5149 5205 908
f 2671 368 5205
f 1581 2671 5149
f 5205 5149 2671
f 4966 5206 1175
f 5207 1201 5206
f 1880 5207 4966
f 5206 4966 5207
f 4755 5208 885
f 5209 877 5208
f 1286 5209 4755
f 5208 4755 5209
f 5212 5210 2030
f 5211 825 5210
f 1566 5211 5212
f 5210 5212 5211
f 4679 5213 835
f 5214 797 5213
f 1720 5214 4679
f 5213 4679 5214
f 5216 3939 1724
f 5215 1805 3939
f 1126 5215 5216
f 3939 5216 5215
f 5219 5217 1998
f 5218 392 5217
f 1330 5218 5219
f 5217 5219 5218
f 5221 5220 265
f 4179 1858 5220
f 1266 4179 5221
f 5220 5221 4179
f 5224 5222 1518
f 5223 974 5222
f 604 5223 5224
f 5222 5224 5223
f 5226 5225 2017
f 4299 634 5225
f 241 4299 5226
f 5225 5226 4299
f 2231 2086 1144
f 3999 1689 2086
f 1304 3999 2231
f 2086 2231 3999
f 5228 2595 313
f 5227 1892 2595
f 1954 5227 5228
f 2595 5228 5227
f 5230 5229 1781
f 3114 1114 5229
f 866 3114 5230
f 5229 5230 3114
f 3540 4694 1739
f 5231 1936 4694
f 854 5231 3540
f 4694 3540 5231
f 5233 5232 1159
f 3417 803 5232
f 515 3417 5233
f 5232 5233 3417
f 2369 4123 1863
f 5234 550 4123
f 1933 5234 2369
f 4123 2369 5234
f 5236 3938 1202
f 5235 617 3938
f 355 5235 5236
f 3938 5236 5235
f 5239 5237 680
f 5238 1474 5237
f 669 5238 5239
f 5237 5239 5238
f 5242 5240 1926
f 5241 684 5240
f 479 5241 5242
f 5240 5242 5241
f 5245 5243 1741
f 5244 739 5243
f 1062 5244 5245
f 5243 5245 5244
f 5247 5246 57
f 4893 1359 5246
f 1015 4893 5247
f 5246 5247 4893
f 5248 4838 159
f 2285 206 4838
f 1182 2285 5248
f 4838 5248 2285
f 5251 5249 1454
f 5250 402 5249
f 361 5250 5251
f 5249 5251 5250
f 5254 5252 1721
f 5253 2024 5252
f 19 5253 5254
f 5252 5254 5253
f 5256 3658 3
f 5255 621 3658
f 1117 5255 5256
f 3658 5256 5255
f 5258 5257 72
f 2724 1418 5257
f 1811 2724 5258
f 5257 5258 2724
f 5261 5259 1954
f 5260 1885 5259
f 605 5260 5261
f 5259 5261 5260
f 5263 5262 2017
f 3352 1474 5262
f 1512 3352 5263
f 5262 5263 3352
f 5266 5264 1408
f 5265 1190 5264
f 1573 5265 5266
f 5264 5266 5265
f 2434 2898 710
f 5267 1598 2898
f 771 5267 2434
f 2898 2434 5267
f 5270 5268 1434
f 5269 1660 5268
f 1791 5269 5270
f 5268 5270 5269
f 4263 5271 59
f 5272 86 5271
f 1965 5272 4263
f 5271 4263 5272
f 3734 2347 333
f 5273 428 2347
f 312 5273 3734
f 2347 3734 5273
f 5275 4393 1460
f 5274 40 4393
f 296 5274 5275
f 4393 5275 5274
f 5277 5276 29
f 2917 75 5276
f 1860 2917 5277
f 5276 5277 2917
f 2042 5278 359
f 5279 971 5278
f 1488 5279 2042
f 5278 2042 5279
f 2606 5280 559
f 5281 1586 5280
f 373 5281 2606
f 5280 2606 5281
f 5283 5282 511
f 2923 613 5282
f 1731 2923 5283
f 5282 5283 2923
f 5284 3209 749
f 2260 347 3209
f 991 2260 5284
f 3209 5284 2260
f 5287 5285 992
f 5286 1143 5285
f 632 5286 5287
f 5285 5287 5286
f 5290 5288 980
f 5289 1127 5288
f 1093 5289 5290
f 5288 5290 5289
f 5292 5291 1826
f 3617 1155 5291
f 836 3617 5292
f 5291 5292 3617
f 5295 5293 1824
f 5294 44 5293
f 1222 5294 5295
f 5293 5295 5294
f 5297 5296 434
f 2185 1670 5296
f 1809 2185 5297
f 5296 5297 2185
f 2793 4277 437
f 5298 1506 4277
f 1983 5298 2793
f 4277 2793 5298
f 5301 5299 1545
f 5300 979 5299
f 502 5300 5301
f 5299 5301 5300
f 4668 2851 886
f 5302 227 2851
f 892 5302 4668
f 2851 4668 5302
f 5304 5303 1250
f 3873 193 5303
f 268 3873 5304
f 5303 5304 3873
f 5307 5305 1884
f 5306 685 5305
f 1199 5306 5307
f 5305 5307 5306
f 5310 5308 258
f 5309 513 5308
f 822 5309 5310
f 5308 5310 5309
f 5313 5311 1718
f 5312 351 5311
f 987 5312 5313
f 5311 5313 5312
f 2147 5314 28
f 4965 2036 5314
f 1317 4965 2147
f 5314 2147 4965
f 5315 3317 231
f 4687 1373 3317
f 1696 4687 5315
f 3317 5315 4687
f 5317 5316 1761
f 3054 736 5316
f 65 3054 5317
f 5316 5317 3054
f 5319 5318 1133
f 3329 66 5318
f 491 3329 5319
f 5318 5319 3329
f 5322 5320 229
f 5321 1316 5320
f 721 5321 5322
f 5320 5322 5321
f 5325 5323 839
f 5324 1857 5323
f 1616 5324 5325
f 5323 5325 5324
f 5327 5326 1541
f 4469 1917 5326
f 255 4469 5327
f 5326 5327 4469
f 5330 5328 1714
f 5329 1184 5328
f 63 5329 5330
f 5328 5330 5329
f 5229 5331 1781
f 3987 106 5331
f 1114 3987 5229
f 5331 5229 3987
f 5334 5332 291
f 5333 1672 5332
f 93 5333 5334
f 5332 5334 5333
f 2082 5335 1498
f 5336 165 5335
f 586 5336 2082
f 5335 2082 5336
f 5338 4677 1047
f 5337 1720 4677
f 1211 5337 5338
f 4677 5338 5337
f 2202 5339 590
f 5137 720 5339
f 719 5137 2202
f 5339 2202 5137
f 4912 5340 1899
f 5116 1925 5340
f 1680 5116 4912
f 5340 4912 5116
f 5343 5341 390
f 5342 318 5341
f 445 5342 5343
f 5341 5343 5342
f 5345 4524 1815
f 5344 1127 4524
f 804 5344 5345
f 4524 5345 5344
f 5275 3110 296
f 4304 1324 3110
f 1460 4304 5275
f 3110 5275 4304
f 2452 5346 1155
f 5347 145 5346
f 1259 5347 2452
f 5346 2452 5347
f 3009 5348 387
f 5349 105 5348
f 1920 5349 3009
f 5348 3009 5349
f 5351 5350 729
f 4395 1358 5350
f 579 4395 5351
f 5350 5351 4395
f 5353 2194 275
f 5352 1346 2194
f 664 5352 5353
f 2194 5353 5352
f 4252 5354 785
f 5355 839 5354
f 179 5355 4252
f 5354 4252 5355
f 5358 5356 1261
f 5357 1333 5356
f 549 5357 5358
f 5356 5358 5357
f 5360 5359 207
f 2264 1351 5359
f 429 2264 5360
f 5359 5360 2264
f 4364 5361 1550
f 5362 1437 5361
f 212 5362 4364
f 5361 4364 5362
f 5364 2693 1851
f 5363 1232 2693
f 1521 5363 5364
f 2693 5364 5363
f 5366 5365 60
f 5321 721 5365
f 1316 5321 5366
f 5365 5366 5321
f 3661 4880 1468
f 5367 782 4880
f 316 5367 3661
f 4880 3661 5367
f 5370 5368 856
f 5369 297 5368
f 896 5369 5370
f 5368 5370 5369
f 5372 5371 1664
f 3684 173 5371
f 494 3684 5372
f 5371 5372 3684
f 5374 5309 822
f 5373 513 5309
f 1715 5373 5374
f 5309 5374 5373
f 5376 5375 537
f 2378 1203 5375
f 1258 2378 5376
f 5375 5376 2378
f 5378 5377 1389
f 3015 715 5377
f 1111 3015 5378
f 5377 5378 3015
f 3321 5379 175
f 3927 1858 5379
f 1115 3927 3321
f 5379 3321 3927
f 5382 5380 1952
f 5381 462 5380
f 619 5381 5382
f 5380 5382 5381
f 3042 5383 138
f 5384 176 5383
f 1888 5384 3042
f 5383 3042 5384
f 5387 5385 1437
f 5386 309 5385
f 863 5386 5387
f 5385 5387 5386
f 5389 5388 1375
f 2349 428 5388
f 412 2349 5389
f 5388 5389 2349
f 5391 5390 1361
f 3522 1541 5390
f 1067 3522 5391
f 5390 5391 3522
f 5393 5392 1479
f 4523 1127 5392
f 321 4523 5393
f 5392 5393 4523
f 5395 5394 1343
f 4652 1268 5394
f 1258 4652 5395
f 5394 5395 4652
f 5398 5396 1519
f 5397 1972 5396
f 1759 5397 5398
f 5396 5398 5397
f 5279 5399 971
f 5400 520 5399
f 1488 5400 5279
f 5399 5279 5400
f 4048 5401 1098
f 5402 1773 5401
f 1323 5402 4048
f 5401 4048 5402
f 5404 5306 1199
f 5403 685 5306
f 779 5403 5404
f 5306 5404 5403
f 5405 4293 602
f 3981 726 4293
f 292 3981 5405
f 4293 5405 3981
f 5407 5406 763
f 4205 267 5406
f 1529 4205 5407
f 5406 5407 4205
f 2295 3922 1163
f 5408 897 3922
f 247 5408 2295
f 3922 2295 5408
f 4985 4066 723
f 5409 1651 4066
f 1146 5409 4985
f 4066 4985 5409
f 2180 2490 315
f 3967 1002 2490
f 1186 3967 2180
f 2490 2180 3967
f 4287 5410 1961
f 5165 694 5410
f 415 5165 4287
f 5410 4287 5165
f 5412 5150 1998
f 5411 1311 5150
f 952 5411 5412
f 5150 5412 5411
f 2192 5413 561
f 5414 1793 5413
f 626 5414 2192
f 5413 2192 5414
f 5416 5415 1741
f 4599 1981 5415
f 1727 4599 5416
f 5415 5416 4599
f 5418 3072 669
f 5417 638 3072
f 495 5417 5418
f 3072 5418 5417
f 5420 4112 1637
f 5419 149 4112
f 1825 5419 5420
f 4112 5420 5419
f 5422 5247 57
f 5421 1015 5247
f 1703 5421 5422
f 5247 5422 5421
f 5425 5423 1955
f 5424 1590 5423
f 1447 5424 5425
f 5423 5425 5424
f 5427 2846 1306
f 5426 1265 2846
f 450 5426 5427
f 2846 5427 5426
f 5430 5428 1372
f 5429 1145 5428
f 686 5429 5430
f 5428 5430 5429
f 5433 5431 94
f 5432 1291 5431
f 1420 5432 5433
f 5431 5433 5432
f 5435 5434 1443
f 2355 1578 5434
f 1118 2355 5435
f 5434 5435 2355
f 5437 5436 356
f 2597 1890 5436
f 496 2597 5437
f 5436 5437 2597
f 5439 5337 1211
f 5438 1720 5337
f 181 5438 5439
f 5337 5439 5438
f 3031 5440 1878
f 5441 1469 5440
f 24 5441 3031
f 5440 3031 5441
f 2097 5442 473
f 5443 1756 5442
f 714 5443 2097
f 5442 2097 5443
f 5445 3169 1504
f 5444 1564 3169
f 1262 5444 5445
f 3169 5445 5444
f 5447 4109 418
f 5446 864 4109
f 1523 5446 5447
f 4109 5447 5446
f 5450 5448 718
f 5449 1441 5448
f 1701 5449 5450
f 5448 5450 5449
f 5452 5451 1056
f 4567 1364 5451
f 571 4567 5452
f 5451 5452 4567
f 5455 5453 166
f 5454 1252 5453
f 2039 5454 5455
f 5453 5455 5454
f 5458 5456 1641
f 5457 1227 5456
f 1347 5457 5458
f 5456 5458 5457
f 5459 4059 1467
f 4436 2026 4059
f 407 4436 5459
f 4059 5459 4436
f 5462 5460 1325
f 5461 567 5460
f 515 5461 5462
f 5460 5462 5461
f 2997 5463 1009
f 5464 1382 5463
f 485 5464 2997
f 5463 2997 5464
f 5467 5465 1476
f 5466 237 5465
f 492 5466 5467
f 5465 5467 5466
f 2783 3706 385
f 3877 781 3706
f 565 3877 2783
f 3706 2783 3877
f 4151 5468 1891
f 5368 297 5468
f 856 5368 4151
f 5468 4151 5368
f 5470 2548 1834
f 5469 156 2548
f 1977 5469 5470
f 2548 5470 5469
f 3499 5471 1875
f 5472 336 5471
f 419 5472 3499
f 5471 3499 5472
f 5473 2543 1387
f 5228 313 2543
f 1954 5228 5473
f 2543 5473 5228
f 5476 5474 651
f 5475 207 5474
f 1546 5475 5476
f 5474 5476 5475
f 5479 5477 1293
f 5478 811 5477
f 1987 5478 5479
f 5477 5479 5478
f 5481 2278 970
f 5480 1629 2278
f 391 5480 5481
f 2278 5481 5480
f 5483 5482 1166
f 5114 83 5482
f 546 5114 5483
f 5482 5483 5114
f 4971 5287 992
f 5484 632 5287
f 274 5484 4971
f 5287 4971 5484
f 5486 5485 1217
f 5467 1476 5485
f 492 5467 5486
f 5485 5486 5467
f 5488 3412 1022
f 5487 652 3412
f 1377 5487 5488
f 3412 5488 5487
f 3470 2658 1010
f 4726 1158 2658
f 599 4726 3470
f 2658 3470 4726
f 2804 5489 1317
f 5490 147 5489
f 1149 5490 2804
f 5489 2804 5490
f 5492 5339 720
f 5491 590 5339
f 1292 5491 5492
f 5339 5492 5491
f 5494 4446 125
f 5493 1801 4446
f 397 5493 5494
f 4446 5494 5493
f 2601 5495 1883
f 4185 121 5495
f 74 4185 2601
f 5495 2601 4185
f 5304 5496 268
f 4887 1334 5496
f 1250 4887 5304
f 5496 5304 4887
f 5499 5497 2037
f 5498 521 5497
f 1448 5498 5499
f 5497 5499 5498
f 3805 5500 324
f 5501 1095 5500
f 1040 5501 3805
f 5500 3805 5501
f 5503 5083 1717
f 5502 360 5083
f 912 5502 5503
f 5083 5503 5502
f 5505 5504 2006
f 4283 1226 5504
f 1392 4283 5505
f 5504 5505 4283
f 5507 5506 56
f 3248 1497 5506
f 278 3248 5507
f 5506 5507 3248
f 3474 5508 358
f 4581 1665 5508
f 1424 4581 3474
f 5508 3474 4581
f 5511 5509 1429
f 5510 1491 5509
f 1026 5510 5511
f 5509 5511 5510
f 5514 5512 1026
f 5513 1228 5512
f 1691 5513 5514
f 5512 5514 5513
f 4517 3641 1419
f 3162 765 3641
f 776 3162 4517
f 3641 4517 3162
f 5517 5515 1433
f 5516 283 5515
f 1484 5516 5517
f 5515 5517 5516
f 5519 5518 1277
f 5176 1525 5518
f 109 5176 5519
f 5518 5519 5176
f 5521 5520 1718
f 4896 200 5520
f 64 4896 5521
f 5520 5521 4896
f 5523 5522 157
f 3648 2019 5522
f 166 3648 5523
f 5522 5523 3648
f 5141 5524 68
f 4636 595 5524
f 49 4636 5141
f 5524 5141 4636
f 4969 5525 882
f 5526 1410 5525
f 263 5526 4969
f 5525 4969 5526
f 3869 5527 1100
f 2074 1053 5527
f 1752 2074 3869
f 5527 3869 2074
f 4118 5528 2023
f 5095 1836 5528
f 1065 5095 4118
f 5528 4118 5095
f 5531 5529 1192
f 5530 711 5529
f 496 5530 5531
f 5529 5531 5530
f 2270 5532 484
f 5533 830 5532
f 1440 5533 2270
f 5532 2270 5533
f 5536 5534 1390
f 5535 301 5534
f 264 5535 5536
f 5534 5536 5535
f 5538 5537 1568
f 2219 1410 5537
f 239 2219 5538
f 5537 5538 2219
f 4738 4845 73
f 5539 1736 4845
f 27 5539 4738
f 4845 4738 5539
f 5088 5497 521
f 3356 2037 5497
f 183 3356 5088
f 5497 5088 3356
f 5541 3096 382
f 5540 1207 3096
f 436 5540 5541
f 3096 5541 5540
f 3479 5335 165
f 5542 1498 5335
f 131 5542 3479
f 5335 3479 5542
f 4006 2386 1535
f 3601 566 2386
f 1403 3601 4006
f 2386 4006 3601
f 3414 5543 852
f 3078 383 5543
f 1226 3078 3414
f 5543 3414 3078
f 5544 2825 652
f 4823 295 2825
f 574 4823 5544
f 2825 5544 4823
f 4830 4323 1477
f 5545 1136 4323
f 1322 5545 4830
f 4323 4830 5545
f 5547 4747 1134
f 5546 1776 4747
f 1626 5546 5547
f 4747 5547 5546
f 5550 5548 716
f 5549 991 5548
f 1750 5549 5550
f 5548 5550 5549
f 2556 5551 205
f 5552 1485 5551
f 732 5552 2556
f 5551 2556 5552
f 5554 5553 47
f 4645 1229 5553
f 151 4645 5554
f 5553 5554 4645
f 5555 5172 1386
f 5265 1573 5172
f 1190 5265 5555
f 5172 5555 5265
f 5558 5556 637
f 5557 334 5556
f 1643 5557 5558
f 5556 5558 5557
f 2928 5559 601
f 5560 1166 5559
f 1374 5560 2928
f 5559 2928 5560
f 5439 5561 181
f 5562 312 5561
f 1211 5562 5439
f 5561 5439 5562
f 5564 4071 1711
f 5563 1068 4071
f 1232 5563 5564
f 4071 5564 5563
f 5566 5565 191
f 2150 1572 5565
f 70 2150 5566
f 5565 5566 2150
f 5569 5567 1050
f 5568 1608 5567
f 1704 5568 5569
f 5567 5569 5568
f 5572 5570 1391
f 5571 1756 5570
f 1436 5571 5572
f 5570 5572 5571
f 5575 5573 1920
f 5574 1458 5573
f 505 5574 5575
f 5573 5575 5574
f 3603 2328 1382
f 5576 735 2328
f 783 5576 3603
f 2328 3603 5576
f 3115 5577 1948
f 5578 1545 5577
f 866 5578 3115
f 5577 3115 5578
f 5580 5281 373
f 5579 1586 5281
f 1558 5579 5580
f 5281 5580 5579
f 5583 5581 2038
f 5582 304 5581
f 1791 5582 5583
f 5581 5583 5582
f 5586 5584 1732
f 5585 224 5584
f 1282 5585 5586
f 5584 5586 5585
f 5587 4862 939
f 5542 131 4862
f 1498 5542 5587
f 4862 5587 5542
f 3227 4009 654
f 5208 877 4009
f 885 5208 3227
f 4009 3227 5208
f 5588 5069 1489
f 5585 1282 5069
f 224 5585 5588
f 5069 5588 5585
f 3794 5589 821
f 5590 1546 5589
f 2010 5590 3794
f 5589 3794 5590
f 5592 3005 1787
f 5591 1393 3005
f 1252 5591 5592
f 3005 5592 5591
f 5594 5593 583
f 4102 1868 5593
f 1905 4102 5594
f 5593 5594 4102
f 5596 5595 1443
f 3303 1667 5595
f 900 3303 5596
f 5595 5596 3303
f 3671 5597 609
f 5598 931 5597
f 1096 5598 3671
f 5597 3671 5598
f 5601 5599 1043
f 5600 993 5599
f 1532 5600 5601
f 5599 5601 5600
f 5603 2990 1971
f 5602 278 2990
f 1825 5602 5603
f 2990 5603 5602
f 4383 5604 1354
f 5605 1621 5604
f 89 5605 4383
f 5604 4383 5605
f 5608 5606 2001
f 5607 1099 5606
f 945 5607 5608
f 5606 5608 5607
f 5611 5609 520
f 5610 438 5609
f 1790 5610 5611
f 5609 5611 5610
f 5613 5612 1395
f 2812 1990 5612
f 847 2812 5613
f 5612 5613 2812
f 5615 5614 1869
f 2727 1165 5614
f 767 2727 5615
f 5614 5615 2727
f 5618 5616 1766
f 5617 537 5616
f 493 5617 5618
f 5616 5618 5617
f 5292 5619 836
f 5620 920 5619
f 1826 5620 5292
f 5619 5292 5620
f 4612 2346 1415
f 5621 1664 2346
f 1126 5621 4612
f 2346 4612 5621
f 5624 5622 1189
f 5623 1565 5622
f 1632 5623 5624
f 5622 5624 5623
f 5627 5625 744
f 5626 449 5625
f 1983 5626 5627
f 5625 5627 5626
f 5629 2538 370
f 5628 409 2538
f 1308 5628 5629
f 2538 5629 5628
f 2289 2450 813
f 5630 1259 2450
f 1587 5630 2289
f 2450 2289 5630
f 5632 2702 541
f 5631 1170 2702
f 282 5631 5632
f 2702 5632 5631
f 5635 5633 997
f 5634 39 5633
f 688 5634 5635
f 5633 5635 5634
f 5637 2469 896
f 5636 1032 2469
f 1840 5636 5637
f 2469 5637 5636
f 3484 5638 1743
f 5639 1572 5638
f 817 5639 3484
f 5638 3484 5639
f 5642 5640 1421
f 5641 1145 5640
f 372 5641 5642
f 5640 5642 5641
f 5644 3048 73
f 5643 666 3048
f 1377 5643 5644
f 3048 5644 5643
f 2955 2273 1747
f 5645 921 2273
f 133 5645 2955
f 2273 2955 5645
f 5648 5646 1514
f 5647 1699 5646
f 277 5647 5648
f 5646 5648 5647
f 5651 5649 811
f 5650 29 5649
f 174 5650 5651
f 5649 5651 5650
f 5654 5652 426
f 5653 955 5652
f 1813 5653 5654
f 5652 5654 5653
f 5609 5655 520
f 5656 708 5655
f 438 5656 5609
f 5655 5609 5656
f 5658 5657 1214
f 4927 303 5657
f 596 4927 5658
f 5657 5658 4927
f 5659 3539 1739
f 3779 1369 3539
f 2009 3779 5659
f 3539 5659 3779
f 5661 5660 1990
f 3409 1312 5660
f 159 3409 5661
f 5660 5661 3409
f 5219 5662 1330
f 5663 965 5662
f 1998 5663 5219
f 5662 5219 5663
f 5666 5664 255
f 5665 199 5664
f 532 5665 5666
f 5664 5666 5665
f 5669 5667 374
f 5668 1108 5667
f 2031 5668 5669
f 5667 5669 5668
f 5671 5670 1037
f 4826 1453 5670
f 1365 4826 5671
f 5670 5671 4826
f 3371 5224 1518
f 5672 604 5224
f 1241 5672 3371
f 5224 3371 5672
f 5674 5182 222
f 5673 642 5182
f 130 5673 5674
f 5182 5674 5673
f 5677 5675 753
f 5676 1647 5675
f 1172 5676 5677
f 5675 5677 5676
f 5679 4683 1746
f 5678 1867 4683
f 442 5678 5679
f 4683 5679 5678
f 5681 5680 1640
f 3097 1932 5680
f 1008 3097 5681
f 5680 5681 3097
f 5683 5682 532
f 5364 1851 5682
f 1521 5364 5683
f 5682 5683 5364
f 5686 5684 1366
f 5685 1840 5684
f 780 5685 5686
f 5684 5686 5685
f 5534 5687 1390
f 5688 389 5687
f 301 5688 5534
f 5687 5534 5688
f 5691 5689 192
f 5690 1306 5689
f 1758 5690 5691
f 5689 5691 5690
f 3136 5692 335
f 3495 1000 5692
f 1970 3495 3136
f 5692 3136 3495
f 4681 5693 1937
f 5694 874 5693
f 1931 5694 4681
f 5693 4681 5694
f 5696 3424 1466
f 5695 1161 3424
f 1949 5695 5696
f 3424 5696 5695
f 5699 5697 1012
f 5698 984 5697
f 493 5698 5699
f 5697 5699 5698
f 5701 5700 401
f 3160 342 5700
f 534 3160 5701
f 5700 5701 3160
f 5704 5702 1276
f 5703 1817 5702
f 357 5703 5704
f 5702 5704 5703
f 4341 5705 142
f 5706 446 5705
f 233 5706 4341
f 5705 4341 5706
f 2816 2843 135
f 5707 1264 2843
f 1278 5707 2816
f 2843 2816 5707
f 5709 5708 1876
f 5596 1443 5708
f 900 5596 5709
f 5708 5709 5596
f 5711 5276 75
f 5710 29 5276
f 87 5710 5711
f 5276 5711 5710
f 5713 2963 761
f 5712 498 2963
f 410 5712 5713
f 2963 5713 5712
f 5715 2705 1379
f 5714 1287 2705
f 1838 5714 5715
f 2705 5715 5714
f 5718 5716 1358
f 5717 895 5716
f 206 5717 5718
f 5716 5718 5717
f 3879 5719 1179
f 3579 224 5719
f 1685 3579 3879
f 5719 3879 3579
f 5183 5720 222
f 5721 1244 5720
f 870 5721 5183
f 5720 5183 5721
f 5723 5722 1176
f 5657 303 5722
f 1214 5657 5723
f 5722 5723 5657
f 5725 3965 1220
f 5724 657 3965
f 1580 5724 5725
f 3965 5725 5724
f 5727 5726 1516
f 2946 258 5726
f 148 2946 5727
f 5726 5727 2946
f 4345 5728 1104
f 5311 351 5728
f 1718 5311 4345
f 5728 4345 5311
f 5730 4241 299
f 5729 1796 4241
f 1719 5729 5730
f 4241 5730 5729
f 5731 4064 4
f 4984 723 4064
f 916 4984 5731
f 4064 5731 4984
f 5734 5732 1761
f 5733 60 5732
f 697 5733 5734
f 5732 5734 5733
f 5735 5016 577
f 2633 1456 5016
f 1196 2633 5735
f 5016 5735 2633
f 5736 5133 1874
f 5536 1390 5133
f 264 5536 5736
f 5133 5736 5536
f 5738 2047 1396
f 5737 1394 2047
f 1707 5737 5738
f 2047 5738 5737
f 5488 2061 1377
f 3986 1114 2061
f 1022 3986 5488
f 2061 5488 3986
f 5741 5739 933
f 5740 801 5739
f 2041 5740 5741
f 5739 5741 5740
f 2244 4363 1550
f 5742 1165 4363
f 1139 5742 2244
f 4363 2244 5742
f 5736 5743 264
f 5744 1200 5743
f 1874 5744 5736
f 5743 5736 5744
f 5746 5745 568
f 4108 864 5745
f 751 4108 5746
f 5745 5746 4108
f 2065 5747 387
f 5748 1919 5747
f 962 5748 2065
f 5747 2065 5748
f 5750 2558 946
f 5749 1087 2558
f 1891 5749 5750
f 2558 5750 5749
f 5753 5751 1886
f 5752 1407 5751
f 690 5752 5753
f 5751 5753 5752
f 5756 5754 1947
f 5755 1247 5754
f 806 5755 5756
f 5754 5756 5755
f 5758 5757 1016
f 5517 1433 5757
f 1484 5517 5758
f 5757 5758 5517
f 5760 5759 1982
f 3774 843 5759
f 1096 3774 5760
f 5759 5760 3774
f 5762 2203 1539
f 5761 1672 2203
f 83 5761 5762
f 2203 5762 5761
f 5764 3510 1004
f 5763 772 3510
f 1792 5763 5764
f 3510 5764 5763
f 5767 5765 1036
f 5766 1350 5765
f 1013 5766 5767
f 5765 5767 5766
f 5770 5768 1152
f 5769 992 5768
f 1210 5769 5770
f 5768 5770 5769
f 5524 5771 68
f 5772 603 5771
f 595 5772 5524
f 5771 5524 5772
f 5773 4706 68
f 3918 169 4706
f 1888 3918 5773
f 4706 5773 3918
f 4031 5774 1977
f 5775 1091 5774
f 1724 5775 4031
f 5774 4031 5775
f 4075 3058 1939
f 5776 1861 3058
f 1251 5776 4075
f 3058 4075 5776
f 5777 5312 987
f 3133 351 5312
f 1526 3133 5777
f 5312 5777 3133
f 5167 2514 868
f 3717 1794 2514
f 689 3717 5167
f 2514 5167 3717
f 5780 5778 434
f 5779 1635 5778
f 535 5779 5780
f 5778 5780 5779
f 5781 3657 716
f 2709 1402 3657
f 1197 2709 5781
f 3657 5781 2709
f 5783 5782 115
f 2441 560 5782
f 1999 2441 5783
f 5782 5783 2441
f 5786 5784 1554
f 5785 1896 5784
f 589 5785 5786
f 5784 5786 5785
f 4975 5787 110
f 2449 1646 5787
f 1221 2449 4975
f 5787 4975 2449
f 5790 5788 1269
f 5789 1915 5788
f 1416 5789 5790
f 5788 5790 5789
f 2290 5791 1587
f 5792 1493 5791
f 1439 5792 2290
f 5791 2290 5792
f 5795 5793 430
f 5794 1407 5793
f 1622 5794 5795
f 5793 5795 5794
f 2161 5373 1715
f 5796 513 5373
f 148 5796 2161
f 5373 2161 5796
f 5799 5797 980
f 5798 747 5797
f 566 5798 5799
f 5797 5799 5798
f 5802 5800 1141
f 5801 311 5800
f 1075 5801 5802
f 5800 5802 5801
f 5804 5157 307
f 5803 1712 5157
f 1013 5803 5804
f 5157 5804 5803
f 2848 5805 1537
f 4961 102 5805
f 1265 4961 2848
f 5805 2848 4961
f 5807 5806 1772
f 2130 1314 5806
f 300 2130 5807
f 5806 5807 2130
f 5808 5076 959
f 3271 641 5076
f 808 3271 5808
f 5076 5808 3271
f 5810 5809 1798
f 5377 715 5809
f 1389 5377 5810
f 5809 5810 5377
f 3125 5811 1799
f 5812 915 5811
f 1976 5812 3125
f 5811 3125 5812
f 5814 5813 1005
f 5357 549 5813
f 1333 5357 5814
f 5813 5814 5357
f 5695 2664 1161
f 5815 1035 2664
f 1949 5815 5695
f 2664 5695 5815
f 3034 5816 909
f 5817 1438 5816
f 1351 5817 3034
f 5816 3034 5817
f 5820 5818 624
f 5819 510 5818
f 1755 5819 5820
f 5818 5820 5819
f 3655 5821 1536
f 5822 918 5821
f 1944 5822 3655
f 5821 3655 5822
f 5825 5823 1982
f 5824 989 5823
f 1871 5824 5825
f 5823 5825 5824
f 5810 5826 1389
f 3118 802 5826
f 1798 3118 5810
f 5826 5810 3118
f 5828 5827 1326
f 3569 552 5827
f 1493 3569 5828
f 5827 5828 3569
f 3416 2620 564
f 5829 542 2620
f 852 5829 3416
f 2620 3416 5829
f 5830 2225 548
f 3475 794 2225
f 1557 3475 5830
f 2225 5830 3475
f 5105 5831 1694
f 5832 1590 5831
f 1472 5832 5105
f 5831 5105 5832
f 3739 5765 1350
f 5833 1036 5765
f 1878 5833 3739
f 5765 3739 5833
f 4763 5834 618
f 5835 625 5834
f 1013 5835 4763
f 5834 4763 5835
f 5644 5836 1377
f 5837 574 5836
f 73 5837 5644
f 5836 5644 5837
f 5839 4439 893
f 5838 1869 4439
f 1011 5838 5839
f 4439 5839 5838
f 5840 5529 711
f 4251 1192 5529
f 1853 4251 5840
f 5529 5840 4251
f 5842 3610 1243
f 5841 1534 3610
f 985 5841 5842
f 3610 5842 5841
f 5845 5843 593
f 5844 253 5843
f 982 5844 5845
f 5843 5845 5844
f 3408 5846 298
f 4839 942 5846
f 159 4839 3408
f 5846 3408 4839
f 5848 5847 201
f 4435 407 5847
f 1464 4435 5848
f 5847 5848 4435
f 5849 5531 1192
f 2599 496 5531
f 570 2599 5849
f 5531 5849 2599
f 5851 5728 351
f 5850 1104 5728
f 1631 5850 5851
f 5728 5851 5850
f 5852 3703 42
f 4822 574 3703
f 1564 4822 5852
f 3703 5852 4822
f 5855 5853 827
f 5854 1233 5853
f 400 5854 5855
f 5853 5855 5854
f 4724 5856 1255
f 5857 1225 5856
f 54 5857 4724
f 5856 4724 5857
f 5859 2588 461
f 5858 116 2588
f 1060 5858 5859
f 2588 5859 5858
f 3428 5860 880
f 5861 818 5860
f 1829 5861 3428
f 5860 3428 5861
f 5864 5862 817
f 5863 1125 5862
f 240 5863 5864
f 5862 5864 5863
f 5867 5865 727
f 5866 600 5865
f 1344 5866 5867
f 5865 5867 5866
f 5598 5868 931
f 5869 1595 5868
f 1096 5869 5598
f 5868 5598 5869
f 5871 5870 1630
f 2222 1636 5870
f 1645 2222 5871
f 5870 5871 2222
f 5874 5872 1690
f 5873 1539 5872
f 601 5873 5874
f 5872 5874 5873
f 5877 5875 543
f 5876 952 5875
f 1754 5876 5877
f 5875 5877 5876
f 2921 5878 613
f 3084 305 5878
f 1802 3084 2921
f 5878 2921 3084
f 5352 2987 1346
f 5879 1807 2987
f 664 5879 5352
f 2987 5352 5879
f 5880 2493 953
f 5586 1732 2493
f 1282 5586 5880
f 2493 5880 5586
f 5882 3868 1100
f 5881 84 3868
f 600 5881 5882
f 3868 5882 5881
f 4367 2752 343
f 3222 848 2752
f 627 3222 4367
f 2752 4367 3222
f 4275 3765 1431
f 2072 1846 3765
f 1053 2072 4275
f 3765 4275 2072
f 3503 5883 212
f 5884 19 5883
f 1363 5884 3503
f 5883 3503 5884
f 2403 5815 1949
f 5885 1035 5815
f 790 5885 2403
f 5815 2403 5885
f 2392 5886 15
f 5887 1683 5886
f 1706 5887 2392
f 5886 2392 5887
f 5890 5888 1257
f 5889 242 5888
f 454 5889 5890
f 5888 5890 5889
f 5891 5741 933
f 3361 2041 5741
f 1336 3361 5891
f 5741 5891 3361
f 4138 5892 2027
f 5893 890 5892
f 1055 5893 4138
f 5892 4138 5893
f 5896 5894 1991
f 5895 683 5894
f 1214 5895 5896
f 5894 5896 5895
f 4692 5659 1739
f 4669 2009 5659
f 892 4669 4692
f 5659 4692 4669
f 5898 5897 472
f 4674 1608 5897
f 975 4674 5898
f 5897 5898 4674
f 2046 5899 691
f 5900 265 5899
f 1394 5900 2046
f 5899 2046 5900
f 5902 5901 470
f 3802 713 5901
f 516 3802 5902
f 5901 5902 3802
f 2655 5903 951
f 5904 257 5903
f 678 5904 2655
f 5903 2655 5904
f 5906 2819 650
f 5905 69 2819
f 105 5905 5906
f 2819 5906 5905
f 5909 5907 1185
f 5908 1870 5907
f 1321 5908 5909
f 5907 5909 5908
f 5911 5413 1793
f 5910 561 5413
f 133 5910 5911
f 5413 5911 5910
f 5914 5912 420
f 5913 1618 5912
f 956 5913 5914
f 5912 5914 5913
f 5916 5915 803
f 5679 1746 5915
f 442 5679 5916
f 5915 5916 5679
f 2409 5917 769
f 5918 701 5917
f 1951 5918 2409
f 5917 2409 5918
f 5919 3816 10
f 2738 1612 3816
f 646 2738 5919
f 3816 5919 2738
f 5921 5898 472
f 5920 975 5898
f 1762 5920 5921
f 5898 5921 5920
f 2769 4231 33
f 5922 1902 4231
f 182 5922 2769
f 4231 2769 5922
f 3446 4060 65
f 4479 1467 4060
f 1085 4479 3446
f 4060 3446 4479
f 5924 3719 1643
f 5923 1820 3719
f 2002 5923 5924
f 3719 5924 5923
f 5925 2773 943
f 5855 827 2773
f 400 5855 5925
f 2773 5925 5855
f 5926 4203 1817
f 4808 267 4203
f 1768 4808 5926
f 4203 5926 4808
f 5928 2933 597
f 5927 236 2933
f 1471 5927 5928
f 2933 5928 5927
f 5931 5929 807
f 5930 1309 5929
f 1659 5930 5931
f 5929 5931 5930
f 5934 5932 1804
f 5933 1928 5932
f 1640 5933 5934
f 5932 5934 5933
f 3865 3937 617
f 5935 1654 3937
f 1942 5935 3865
f 3937 3865 5935
f 5937 3506 1632
f 5936 932 3506
f 1593 5936 5937
f 3506 5937 5936
f 5015 5938 575
f 2586 786 5938
f 281 2586 5015
f 5938 5015 2586
f 5941 5939 530
f 5940 1047 5939
f 1411 5940 5941
f 5939 5941 5940
f 5615 2653 767
f 5942 678 2653
f 1869 5942 5615
f 2653 5615 5942
f 5944 5322 229
f 5943 721 5322
f 1822 5943 5944
f 5322 5944 5943
f 5947 5945 1980
f 5946 1249 5945
f 1688 5946 5947
f 5945 5947 5946
f 4654 5948 1241
f 5949 1916 5948
f 147 5949 4654
f 5948 4654 5949
f 3088 5950 1616
f 5894 683 5950
f 1991 5894 3088
f 5950 3088 5894
f 5418 5086 495
f 5951 67 5086
f 669 5951 5418
f 5086 5418 5951
f 3681 5952 1832
f 5953 1112 5952
f 235 5953 3681
f 5952 3681 5953
f 4800 2688 1238
f 5954 985 2688
f 1898 5954 4800
f 2688 4800 5954
f 5956 3525 2024
f 5955 1696 3525
f 1234 5955 5956
f 3525 5956 5955
f 5959 5957 1727
f 5958 123 5957
f 974 5958 5959
f 5957 5959 5958
f 3659 3546 3
f 5960 459 3546
f 674 5960 3659
f 3546 3659 5960
f 5963 5961 1703
f 5962 1713 5961
f 1519 5962 5963
f 5961 5963 5962
f 4721 4052 122
f 5964 1439 4052
f 730 5964 4721
f 4052 4721 5964
f 5967 5965 1162
f 5966 1509 5965
f 422 5966 5967
f 5965 5967 5966
f 5969 5968 1340
f 5948 1916 5968
f 1241 5948 5969
f 5968 5969 5948
f 5971 5970 1180
f 3024 76 5970
f 987 3024 5971
f 5970 5971 3024
f 5973 5972 1027
f 4122 1902 5972
f 269 4122 5973
f 5972 5973 4122
f 5975 3192 1145
f 5974 423 3192
f 553 5974 5975
f 3192 5975 5974
f 4853 5976 1021
f 5977 722 5976
f 1025 5977 4853
f 5976 4853 5977
f 5148 5233 1159
f 4063 515 5233
f 92 4063 5148
f 5233 5148 4063
f 3724 2643 2041
f 2603 342 2643
f 658 2603 3724
f 2643 3724 2603
f 5978 5699 1012
f 4653 493 5699
f 1268 4653 5978
f 5699 5978 4653
f 3127 4225 381
f 5979 1508 4225
f 1799 5979 3127
f 4225 3127 5979
f 5981 5980 1380
f 2837 693 5980
f 556 2837 5981
f 5980 5981 2837
f 3545 5982 1760
f 5983 1565 5982
f 459 5983 3545
f 5982 3545 5983
f 3257 3251 937
f 5984 2030 3251
f 337 5984 3257
f 3251 3257 5984
f 5987 5985 316
f 5986 555 5985
f 266 5986 5987
f 5985 5987 5986
f 5457 5988 1227
f 3290 252 5988
f 1347 3290 5457
f 5988 5457 3290
f 4161 5120 261
f 5989 1463 5120
f 1028 5989 4161
f 5120 4161 5989
f 5991 5990 1501
f 5169 1563 5990
f 844 5169 5991
f 5990 5991 5169
f 4143 5992 1710
f 5993 1430 5992
f 847 5993 4143
f 5992 4143 5993
f 5996 5994 1830
f 5995 1551 5994
f 1997 5995 5996
f 5994 5996 5995
f 5998 5997 1248
f 5127 214 5997
f 313 5127 5998
f 5997 5998 5127
f 5999 2209 1768
f 5438 181 2209
f 1720 5438 5999
f 2209 5999 5438
f 6000 2103 862
f 3393 1422 2103
f 1845 3393 6000
f 2103 6000 3393
f 6003 6001 2015
f 6002 731 6001
f 1717 6002 6003
f 6001 6003 6002
f 6005 6004 895
f 2303 729 6004
f 505 2303 6005
f 6004 6005 2303
f 4296 6006 1512
f 4238 37 6006
f 891 4238 4296
f 6006 4296 4238
f 6009 6007 1117
f 6008 2024 6007
f 1910 6008 6009
f 6007 6009 6008
f 6012 6010 304
f 6011 1573 6010
f 484 6011 6012
f 6010 6012 6011
f 5130 6013 1651
f 5480 391 6013
f 1629 5480 5130
f 6013 5130 5480
f 6015 6014 1596
f 5407 763 6014
f 1529 5407 6015
f 6014 6015 5407
f 6018 6016 403
f 6017 545 6016
f 1636 6017 6018
f 6016 6018 6017
f 3206 3843 1240
f 6019 821 3843
f 104 6019 3206
f 3843 3206 6019
f 4728 6020 509
f 2119 365 6020
f 1528 2119 4728
f 6020 4728 2119
f 5059 5880 953
f 5068 1282 5880
f 1560 5068 5059
f 5880 5059 5068
f 2402 6021 2018
f 5696 1466 6021
f 1949 5696 2402
f 6021 2402 5696
f 6024 6022 1754
f 6023 18 6022
f 746 6023 6024
f 6022 6024 6023
f 6026 5006 40
f 6025 800 5006
f 455 6025 6026
f 5006 6026 6025
f 4937 6027 345
f 6028 1870 6027
f 117 6028 4937
f 6027 4937 6028
f 6029 5498 1448
f 4821 521 5498
f 691 4821 6029
f 5498 6029 4821
f 5139 6030 1371
f 3172 612 6030
f 511 3172 5139
f 6030 5139 3172
f 6032 6031 840
f 4285 1961 6031
f 1744 4285 6032
f 6031 6032 4285
f 6035 6033 831
f 6034 124 6033
f 1865 6034 6035
f 6033 6035 6034
f 3332 2645 1113
f 6036 1749 2645
f 1496 6036 3332
f 2645 3332 6036
f 6038 5468 297
f 6037 1891 5468
f 1295 6037 6038
f 5468 6038 6037
f 5354 6039 785
f 5323 1857 6039
f 839 5323 5354
f 6039 5354 5323
f 6041 6040 1658
f 3789 670 6040
f 1574 3789 6041
f 6040 6041 3789
f 6043 6042 205
f 5181 413 6042
f 913 5181 6043
f 6042 6043 5181
f 4736 6044 1229
f 6045 1263 6044
f 809 6045 4736
f 6044 4736 6045
f 4601 4370 1601
f 6046 1763 4370
f 787 6046 4601
f 4370 4601 6046
f 5452 6047 571
f 4409 706 6047
f 1056 4409 5452
f 6047 5452 4409
f 6050 6048 1399
f 6049 1533 6048
f 1778 6049 6050
f 6048 6050 6049
f 2125 4590 1780
f 4746 1813 4590
f 1381 4746 2125
f 4590 2125 4746
f 5419 6051 149
f 2510 1767 6051
f 1825 2510 5419
f 6051 5419 2510
f 6052 3729 623
f 2384 289 3729
f 1179 2384 6052
f 3729 6052 2384
f 5507 6053 278
f 4089 1700 6053
f 56 4089 5507
f 6053 5507 4089
f 6054 4847 1922
f 4753 703 4847
f 805 4753 6054
f 4847 6054 4753
f 3464 6055 656
f 6056 1341 6055
f 743 6056 3464
f 6055 3464 6056
f 5131 2275 1629
f 3915 1050 2275
f 501 3915 5131
f 2275 5131 3915
f 3400 6057 535
f 6058 348 6057
f 986 6058 3400
f 6057 3400 6058
f 6060 6059 349
f 4866 1685 6059
f 477 4866 6060
f 6059 6060 4866
f 4497 6061 1883
f 6062 1270 6061
f 1435 6062 4497
f 6061 4497 6062
f 6064 3678 1785
f 6063 1406 3678
f 774 6063 6064
f 3678 6064 6063
f 6066 2066 1119
f 6065 1206 2066
f 924 6065 6066
f 2066 6066 6065
f 2555 6067 1124
f 6068 986 6067
f 205 6068 2555
f 6067 2555 6068
f 3623 3727 12
f 4982 1077 3727
f 871 4982 3623
f 3727 3623 4982
f 4045 3626 101
f 6069 420 3626
f 925 6069 4045
f 3626 4045 6069
f 6070 4387 876
f 4903 1482 4387
f 2014 4903 6070
f 4387 6070 4903
f 2511 3252 1767
f 2268 1041 3252
f 1678 2268 2511
f 3252 2511 2268
f 6072 6071 1607
f 2401 2018 6071
f 790 2401 6072
f 6071 6072 2401
f 4870 6073 308
f 6074 736 6073
f 629 6074 4870
f 6073 4870 6074
f 6076 2631 294
f 6075 683 2631
f 1208 6075 6076
f 2631 6076 6075
f 6078 3423 1973
f 6077 1466 3423
f 955 6077 6078
f 3423 6078 6077
f 6080 6079 1162
f 5519 1277 6079
f 109 5519 6080
f 6079 6080 5519
f 3597 6081 107
f 5603 1971 6081
f 1825 5603 3597
f 6081 3597 5603
f 3175 6082 842
f 6083 934 6082
f 1774 6083 3175
f 6082 3175 6083
f 6086 6084 1138
f 6085 394 6084
f 1281 6085 6086
f 6084 6086 6085
f 6088 6087 1734
f 3795 1084 6087
f 1376 3795 6088
f 6087 6088 3795
f 6090 6089 352
f 3370 865 6089
f 1661 3370 6090
f 6089 6090 3370
f 6092 6091 1475
f 2828 1831 6091
f 1859 2828 6092
f 6091 6092 2828
f 6093 2945 1121
f 3541 126 2945
f 113 3541 6093
f 2945 6093 3541
f 6095 4641 661
f 6094 620 4641
f 1705 6094 6095
f 4641 6095 6094
f 4770 6081 1971
f 6096 107 6081
f 2004 6096 4770
f 6081 4770 6096
f 3654 6097 1944
f 6098 1092 6097
f 1978 6098 3654
f 6097 3654 6098
f 6100 6099 536
f 5647 277 6099
f 1699 5647 6100
f 6099 6100 5647
f 4534 6101 184
f 6102 194 6101
f 1432 6102 4534
f 6101 4534 6102
f 2571 2430 2002
f 6103 1356 2430
f 615 6103 2571
f 2430 2571 6103
f 5574 6104 1458
f 6105 1637 6104
f 505 6105 5574
f 6104 5574 6105
f 6108 6106 1899
f 6107 1816 6106
f 325 6107 6108
f 6106 6108 6107
f 6111 6109 1309
f 6110 901 6109
f 709 6110 6111
f 6109 6111 6110
f 6113 4188 1553
f 6112 172 4188
f 822 6112 6113
f 4188 6113 6112
f 6115 4270 435
f 6114 1436 4270
f 473 6114 6115
f 4270 6115 6114
f 6117 5378 1389
f 6116 1111 5378
f 1584 6116 6117
f 5378 6117 6116
f 6119 6118 1599
f 3130 244 6118
f 322 3130 6119
f 6118 6119 3130
f 2762 6120 856
f 6121 1288 6120
f 656 6121 2762
f 6120 2762 6121
f 6124 6122 1269
f 6123 346 6122
f 980 6123 6124
f 6122 6124 6123
f 6125 3847 250
f 4437 846 3847
f 893 4437 6125
f 3847 6125 4437
f 6127 6126 978
f 3574 475 6126
f 1473 3574 6127
f 6126 6127 3574
f 5737 6128 1394
f 2044 359 6128
f 1707 2044 5737
f 6128 5737 2044
f 4759 6129 1760
f 6130 480 6129
f 519 6130 4759
f 6129 4759 6130
f 6132 6131 1253
f 4026 1338 6131
f 1605 4026 6132
f 6131 6132 4026
f 2617 6133 1766
f 6134 984 6133
f 1927 6134 2617
f 6133 2617 6134
f 6137 6135 695
f 6136 1281 6135
f 82 6136 6137
f 6135 6137 6136
f 4890 6138 607
f 6139 345 6138
f 1714 6139 4890
f 6138 4890 6139
f 6140 5760 1982
f 5869 1096 5760
f 1595 5869 6140
f 5760 6140 5869
f 6141 2213 1174
f 3461 405 2213
f 1386 3461 6141
f 2213 6141 3461
f 6143 5516 1484
f 6142 283 5516
f 948 6142 6143
f 5516 6143 6142
f 6146 6144 1577
f 6145 1544 6144
f 660 6145 6146
f 6144 6146 6145
f 6148 6147 369
f 3297 1804 6147
f 431 3297 6148
f 6147 6148 3297
f 6150 6149 1012
f 4855 666 6149
f 1299 4855 6150
f 6149 6150 4855
f 6151 3966 1186
f 5271 86 3966
f 59 5271 6151
f 3966 6151 5271
f 4911 6152 1384
f 6106 1816 6152
f 1899 6106 4911
f 6152 4911 6106
f 6155 6153 1332
f 6154 1426 6153
f 1673 6154 6155
f 6153 6155 6154
f 3354 4442 1733
f 6156 340 4442
f 1512 6156 3354
f 4442 3354 6156
f 6158 6157 705
f 4835 38 6157
f 220 4835 6158
f 6157 6158 4835
f 4699 5929 1309
f 6159 807 5929
f 111 6159 4699
f 5929 4699 6159
f 6161 6160 854
f 5877 543 6160
f 1754 5877 6161
f 6160 6161 5877
f 6163 5745 864
f 6162 568 5745
f 1372 6162 6163
f 5745 6163 6162
f 6165 6164 1146
f 3607 1059 6164
f 1750 3607 6165
f 6164 6165 3607
f 3656 6166 380
f 6167 1967 6166
f 1402 6167 3656
f 6166 3656 6167
f 6169 4127 917
f 6168 829 4127
f 1188 6168 6169
f 4127 6169 6168
f 6172 6170 318
f 6171 362 6170
f 1329 6171 6172
f 6170 6172 6171
f 6173 5641 372
f 5428 1145 5641
f 1372 5428 6173
f 5641 6173 5428
f 6175 5434 1578
f 6174 1443 5434
f 1611 6174 6175
f 5434 6175 6174
f 6178 6176 331
f 6177 256 6176
f 300 6177 6178
f 6176 6178 6177
f 4930 2524 21
f 5179 1030 2524
f 413 5179 4930
f 2524 4930 5179
f 6180 6179 903
f 5079 1932 6179
f 63 5079 6180
f 6179 6180 5079
f 3896 6181 1070
f 6182 969 6181
f 356 6182 3896
f 6181 3896 6182
f 6184 6183 938
f 3760 143 6183
f 1054 3760 6184
f 6183 6184 3760
f 6185 2188 204
f 6131 1338 2188
f 1253 6131 6185
f 2188 6185 6131
f 6187 3379 1626
f 6186 1267 3379
f 1191 6186 6187
f 3379 6187 6186
f 6190 6188 28
f 6189 1301 6188
f 81 6189 6190
f 6188 6190 6189
f 6192 6191 218
f 5112 153 6191
f 1649 5112 6192
f 6191 6192 5112
f 3723 2605 658
f 6193 194 2605
f 551 6193 3723
f 2605 3723 6193
f 6195 4918 930
f 6194 241 4918
f 998 6194 6195
f 4918 6195 6194
f 6197 6196 1269
f 4959 1093 6196
f 1500 4959 6197
f 6196 6197 4959
f 6199 6198 997
f 3636 679 6198
f 1679 3636 6199
f 6198 6199 3636
f 6200 5637 896
f 3775 1840 5637
f 1194 3775 6200
f 5637 6200 3775
f 6201 3887 941
f 6100 536 3887
f 1699 6100 6201
f 3887 6201 6100
f 6202 2900 1598
f 4522 123 2900
f 33 4522 6202
f 2900 6202 4522
f 6205 6203 377
f 6204 1842 6203
f 1158 6204 6205
f 6203 6205 6204
f 6207 4675 1671
f 6206 1608 4675
f 448 6206 6207
f 4675 6207 6206
f 5740 2540 801
f 6208 968 2540
f 2041 6208 5740
f 2540 5740 6208
f 6210 6209 1561
f 4268 1524 6209
f 1045 4268 6210
f 6209 6210 4268
f 6213 6211 631
f 6212 506 6211
f 1684 6212 6213
f 6211 6213 6212
f 3466 6214 1531
f 6215 1339 6214
f 656 6215 3466
f 6214 3466 6215
f 4986 6165 1146
f 6216 1750 6165
f 916 6216 4986
f 6165 4986 6216
f 5168 3716 689
f 2053 464 3716
f 1157 2053 5168
f 3716 5168 2053
f 2766 3638 1653
f 6084 394 3638
f 1138 6084 2766
f 3638 2766 6084
f 6218 5332 1672
f 6217 291 5332
f 1894 6217 6218
f 5332 6218 6217
f 6220 4054 1052
f 6219 649 4054
f 1103 6219 6220
f 4054 6220 6219
f 5196 6221 1071
f 3223 808 6221
f 848 3223 5196
f 6221 5196 3223
f 6223 6222 1353
f 3587 667 6222
f 1912 3587 6223
f 6222 6223 3587
f 6053 2989 278
f 4087 1522 2989
f 1700 4087 6053
f 2989 6053 4087
f 5527 6224 1100
f 4276 914 6224
f 1053 4276 5527
f 6224 5527 4276
f 6225 5934 1804
f 5681 1640 5934
f 1008 5681 6225
f 5934 6225 5681
f 5538 6226 239
f 6227 1495 6226
f 1568 6227 5538
f 6226 5538 6227
f 5425 6228 1447
f 4348 1782 6228
f 1955 4348 5425
f 6228 5425 4348
f 6231 6229 175
f 6230 1613 6229
f 80 6230 6231
f 6229 6231 6230
f 6234 6232 563
f 6233 1283 6232
f 512 6233 6234
f 6232 6234 6233
f 4631 6235 1263
f 4331 47 6235
f 1789 4331 4631
f 6235 4631 4331
f 6237 6236 1068
f 5355 179 6236
f 839 5355 6237
f 6236 6237 5355
f 6239 6238 657
f 4531 1409 6238
f 411 4531 6239
f 6238 6239 4531
f 4169 5264 1190
f 6240 1408 5264
f 487 6240 4169
f 5264 4169 6240
f 4829 6241 1639
f 3885 849 6241
f 1477 3885 4829
f 6241 4829 3885
f 3788 5476 651
f 3958 1546 5476
f 1290 3958 3788
f 5476 3788 3958
f 6243 6242 994
f 3492 648 6242
f 1480 3492 6243
f 6242 6243 3492
f 4459 6244 1686
f 6245 1856 6244
f 1851 6245 4459
f 6244 4459 6245
f 4771 4811 1812
f 5218 1330 4811
f 392 5218 4771
f 4811 4771 5218
f 6247 6246 1795
f 2740 646 6246
f 647 2740 6247
f 6246 6247 2740
f 5627 5298 1983
f 2774 1506 5298
f 744 2774 5627
f 5298 5627 2774
f 6248 5325 839
f 3087 1616 5325
f 1232 3087 6248
f 5325 6248 3087
f 5346 6249 1155
f 3269 2029 6249
f 145 3269 5346
f 6249 5346 3269
f 6250 3396 1069
f 3177 379 3396
f 167 3177 6250
f 3396 6250 3177
f 3694 6101 194
f 6251 184 6101
f 107 6251 3694
f 6101 3694 6251
f 6252 3129 322
f 2943 467 3129
f 150 2943 6252
f 3129 6252 2943
f 6254 3962 1346
f 6253 1300 3962
f 534 6253 6254
f 3962 6254 6253
f 2625 2440 1999
f 2391 1975 2440
f 1023 2391 2625
f 2440 2625 2391
f 4211 6255 1397
f 6256 1592 6255
f 1838 6256 4211
f 6255 4211 6256
f 4782 2751 848
f 6257 1318 2751
f 908 6257 4782
f 2751 4782 6257
f 6259 2970 1613
f 6258 1562 2970
f 1187 6258 6259
f 2970 6259 6258
f 6261 5174 1594
f 6260 1525 5174
f 185 6260 6261
f 5174 6261 6260
f 6264 6262 960
f 6263 785 6262
f 1514 6263 6264
f 6262 6264 6263
f 3862 5026 837
f 6265 114 5026
f 694 6265 3862
f 5026 3862 6265
f 6267 5300 502
f 6266 979 5300
f 666 6266 6267
f 5300 6267 6266
f 6269 4076 25
f 6268 1765 4076
f 1995 6268 6269
f 4076 6269 6268
f 6272 6270 1647
f 6271 1400 6270
f 1783 6271 6272
f 6270 6272 6271
f 6274 4919 1662
f 6273 1847 4919
f 1585 6273 6274
f 4919 6274 6273
f 6275 4361 1405
f 2829 329 4361
f 1634 2829 6275
f 4361 6275 2829
f 2567 6276 2
f 2615 707 6276
f 127 2615 2567
f 6276 2567 2615
f 3757 4881 1178
f 6277 1468 4881
f 216 6277 3757
f 4881 3757 6277
f 2088 6090 352
f 6278 1661 6090
f 20 6278 2088
f 6090 2088 6278
f 6280 6279 1906
f 5259 1885 6279
f 1954 5259 6280
f 6279 6280 5259
f 4248 6281 676
f 6282 593 6281
f 1044 6282 4248
f 6281 4248 6282
f 6284 6283 1627
f 4843 1288 6283
f 944 4843 6284
f 6283 6284 4843
f 3880 6059 1685
f 4979 349 6059
f 1442 4979 3880
f 6059 3880 4979
f 5694 6285 874
f 6286 1279 6285
f 1931 6286 5694
f 6285 5694 6286
f 6287 2139 1759
f 5422 57 2139
f 1703 5422 6287
f 2139 6287 5422
f 6278 6288 1661
f 6289 58 6288
f 20 6289 6278
f 6288 6278 6289
f 6292 6290 584
f 6291 191 6290
f 1726 6291 6292
f 6290 6292 6291
f 6293 5842 1243
f 2687 985 5842
f 1142 2687 6293
f 5842 6293 2687
f 6294 3575 2021
f 5404 1199 3575
f 779 5404 6294
f 3575 6294 5404
f 6296 6295 838
f 3771 542 6295
f 1481 3771 6296
f 6295 6296 3771
f 5661 5248 159
f 3420 1182 5248
f 1990 3420 5661
f 5248 5661 3420
f 2550 6297 505
f 6298 1825 6297
f 156 6298 2550
f 6297 2550 6298
f 5620 6299 920
f 2341 336 6299
f 1826 2341 5620
f 6299 5620 2341
f 6301 6300 1831
f 4796 1327 6300
f 1943 4796 6301
f 6300 6301 4796
f 6303 6302 1074
f 4945 1823 6302
f 1706 4945 6303
f 6302 6303 4945
f 6306 6304 1607
f 6305 1691 6304
f 136 6305 6306
f 6304 6306 6305
f 6308 6307 1669
f 4806 1447 6307
f 103 4806 6308
f 6307 6308 4806
f 6310 2329 172
f 6309 872 2329
f 258 6309 6310
f 2329 6310 6309
f 3415 6311 1226
f 6312 1828 6311
f 564 6312 3415
f 6311 3415 6312
f 6017 6313 545
f 2223 1562 6313
f 1636 2223 6017
f 6313 6017 2223
f 4528 2334 1889
f 6314 887 2334
f 322 6314 4528
f 2334 4528 6314
f 6315 2950 290
f 4175 317 2950
f 510 4175 6315
f 2950 6315 4175
f 6318 6316 335
f 6317 633 6316
f 1866 6317 6318
f 6316 6318 6317
f 6320 6319 1587
f 4626 1775 6319
f 1213 4626 6320
f 6319 6320 4626
f 3639 6321 1653
f 5510 1026 6321
f 1491 5510 3639
f 6321 3639 5510
f 6324 6322 1936
f 6323 392 6322
f 543 6323 6324
f 6322 6324 6323
f 6325 6289 20
f 3715 58 6289
f 1644 3715 6325
f 6289 6325 3715
f 6327 4405 1593
f 6326 820 4405
f 483 6326 6327
f 4405 6327 6326
f 4366 2721 641
f 6328 988 2721
f 343 6328 4366
f 2721 4366 6328
f 6330 3389 1217
f 6329 539 3389
f 288 6329 6330
f 3389 6330 6329
f 6332 2293 1311
f 6331 1877 2293
f 18 6331 6332
f 2293 6332 6331
f 6333 4506 1375
f 5707 1278 4506
f 1264 5707 6333
f 4506 6333 5707
f 6336 6334 130
f 6335 1619 6334
f 1173 6335 6336
f 6334 6336 6335
f 6338 5777 987
f 6337 1526 5777
f 328 6337 6338
f 5777 6338 6337
f 6340 5614 1165
f 6339 1869 5614
f 1984 6339 6340
f 5614 6340 6339
f 6342 2367 983
f 6341 457 2367
f 558 6341 6342
f 2367 6342 6341
f 3904 6343 1072
f 3245 1765 6343
f 1859 3245 3904
f 6343 3904 3245
f 6344 5221 265
f 2529 1266 5221
f 1985 2529 6344
f 5221 6344 2529
f 6346 6345 1723
f 5594 583 6345
f 1905 5594 6346
f 6345 6346 5594
f 6348 2419 734
f 6347 1259 2419
f 350 6347 6348
f 2419 6348 6347
f 3758 6349 1204
f 4882 782 6349
f 1178 4882 3758
f 6349 3758 4882
f 6352 6350 1827
f 6351 960 6350
f 1972 6351 6352
f 6350 6352 6351
f 6355 6353 482
f 6354 178 6353
f 1581 6354 6355
f 6353 6355 6354
f 6358 6356 274
f 6357 229 6356
f 831 6357 6358
f 6356 6358 6357
f 5201 6359 758
f 4223 338 6359
f 381 4223 5201
f 6359 5201 4223
f 6360 3390 1187
f 5486 1217 3390
f 492 5486 6360
f 3390 6360 5486
f 4856 6361 1360
f 6362 1741 6361
f 1105 6362 4856
f 6361 4856 6362
f 6364 4556 1404
f 6363 170 4556
f 1298 6363 6364
f 4556 6364 6363
f 6366 3660 621
f 6365 674 3660
f 760 6365 6366
f 3660 6366 6365
f 6229 6367 175
f 2971 1645 6367
f 1613 2971 6229
f 6367 6229 2971
f 6370 6368 854
f 6369 15 6368
f 1906 6369 6370
f 6368 6370 6369
f 5296 5780 434
f 3399 535 5780
f 1670 3399 5296
f 5780 5296 3399
f 6372 6371 11
f 3008 994 6371
f 6 3008 6372
f 6371 6372 3008
f 6374 6373 1662
f 2975 1619 6373
f 949 2975 6374
f 6373 6374 2975
f 6377 6375 635
f 6376 989 6375
f 1595 6376 6377
f 6375 6377 6376
f 6379 6378 524
f 3111 455 6378
f 1854 3111 6379
f 6378 6379 3111
f 3820 6380 914
f 6381 120 6380
f 1246 6381 3820
f 6380 3820 6381
f 4607 6382 95
f 5520 200 6382
f 1718 5520 4607
f 6382 4607 5520
f 6384 5501 1040
f 6383 1095 5501
f 447 6383 6384
f 5501 6384 6383
f 6386 4326 1143
f 6385 1989 4326
f 1006 6385 6386
f 4326 6386 6385
f 6388 6387 1540
f 5477 811 6387
f 1293 5477 6388
f 6387 6388 5477
f 3214 6389 232
f 6390 2003 6389
f 1591 6390 3214
f 6389 3214 6390
f 5108 6391 995
f 6392 1513 6391
f 287 6392 5108
f 6391 5108 6392
f 2371 5091 1513
f 6209 1524 5091
f 1561 6209 2371
f 5091 2371 6209
f 6395 6393 1140
f 6394 1904 6393
f 989 6394 6395
f 6393 6395 6394
f 4073 6396 941
f 6236 179 6396
f 1068 6236 4073
f 6396 4073 6236
f 6035 4972 1865
f 6358 274 4972
f 831 6358 6035
f 4972 6035 6358
f 4914 3176 167
f 2977 875 3176
f 251 2977 4914
f 3176 4914 2977
f 6398 5301 1545
f 6397 502 5301
f 1268 6397 6398
f 5301 6398 6397
f 3691 6399 630
f 6400 757 6399
f 1289 6400 3691
f 6399 3691 6400
f 6402 5030 279
f 6401 614 5030
f 16 6401 6402
f 5030 6402 6401
f 6405 6403 553
f 6404 755 6403
f 881 6404 6405
f 6403 6405 6404
f 5891 5075 1336
f 6406 1655 5075
f 933 6406 5891
f 5075 5891 6406
f 6408 6407 1237
f 2574 1690 6407
f 538 2574 6408
f 6407 6408 2574
f 2257 4713 469
f 5686 1366 4713
f 780 5686 2257
f 4713 2257 5686
f 2113 5705 446
f 6409 142 5705
f 1764 6409 2113
f 5705 2113 6409
f 6412 6410 596
f 6411 1246 6410
f 1966 6411 6412
f 6410 6412 6411
f 6413 3998 1304
f 3075 581 3998
f 234 3075 6413
f 3998 6413 3075
f 2468 4416 606
f 6414 132 4416
f 1032 6414 2468
f 4416 2468 6414
f 3131 6415 351
f 6416 85 6415
f 876 6416 3131
f 6415 3131 6416
f 6418 3218 259
f 6417 161 3218
f 1049 6417 6418
f 3218 6418 6417
f 6420 2177 1677
f 6419 899 2177
f 1146 6419 6420
f 2177 6420 6419
f 2847 5689 1306
f 6421 192 5689
f 1537 6421 2847
f 5689 2847 6421
f 6424 6422 77
f 6423 1426 6422
f 423 6423 6424
f 6422 6424 6423
f 2638 6342 983
f 6425 558 6342
f 1052 6425 2638
f 6342 2638 6425
f 6427 4888 1083
f 6426 902 4888
f 1610 6426 6427
f 4888 6427 6426
f 6429 2903 217
f 6428 1457 2903
f 655 6428 6429
f 2903 6429 6428
f 6432 6430 1198
f 6431 1837 6430
f 204 6431 6432
f 6430 6432 6431
f 4625 6433 240
f 3534 1449 6433
f 1213 3534 4625
f 6433 4625 3534
f 6321 4168 1653
f 5512 1228 4168
f 1026 5512 6321
f 4168 6321 5512
f 3226 6434 1128
f 6424 77 6434
f 423 6424 3226
f 6434 3226 6424
f 2952 6435 1195
f 6436 139 6435
f 108 6436 2952
f 6435 2952 6436
f 6437 5884 1363
f 5253 19 5884
f 2024 5253 6437
f 5884 6437 5253
f 6439 6438 867
f 4134 1974 6438
f 578 4134 6439
f 6438 6439 4134
f 4024 2190 1338
f 5028 118 2190
f 279 5028 4024
f 2190 4024 5028
f 6441 6142 948
f 6440 283 6142
f 1563 6440 6441
f 6142 6441 6440
f 2761 2906 2020
f 6442 870 2906
f 1770 6442 2761
f 2906 2761 6442
f 4415 5852 42
f 3168 1564 5852
f 1561 3168 4415
f 5852 4415 3168
f 6444 6443 1095
f 5572 1391 6443
f 1436 5572 6444
f 6443 6444 5572
f 5693 6445 1937
f 4319 681 6445
f 874 4319 5693
f 6445 5693 4319
f 4412 6446 353
f 5252 2024 6446
f 1721 5252 4412
f 6446 4412 5252
f 5367 6447 782
f 6448 599 6447
f 316 6448 5367
f 6447 5367 6448
f 3815 6276 707
f 6449 2 6276
f 1612 6449 3815
f 6276 3815 6449
f 6451 6450 1470
f 2123 754 6450
f 1381 2123 6451
f 6450 6451 2123
f 5767 5835 1013
f 6452 625 5835
f 1036 6452 5767
f 5835 5767 6452
f 6454 2195 1617
f 6453 275 2195
f 1361 6453 6454
f 2195 6454 6453
f 4827 6455 1453
f 6456 682 6455
f 1345 6456 4827
f 6455 4827 6456
f 6457 5444 1262
f 3481 1564 5444
f 1929 3481 6457
f 5444 6457 3481
f 6459 5770 1152
f 6458 1210 5770
f 430 6458 6459
f 5770 6459 6458
f 6461 5014 575
f 6460 799 5014
f 1719 6460 6461
f 5014 6461 6460
f 6462 3140 762
f 2308 766 3140
f 1079 2308 6462
f 3140 6462 2308
f 5343 6463 445
f 6464 467 6463
f 390 6464 5343
f 6463 5343 6464
f 6466 6465 1208
f 5324 1616 6465
f 1857 5324 6466
f 6465 6466 5324
f 6468 5206 1201
f 6467 1175 5206
f 1671 6467 6468
f 5206 6468 6467
f 6471 6469 309
f 6470 1444 6469
f 1537 6470 6471
f 6469 6471 6470
f 6473 5447 418
f 6472 1523 5447
f 1237 6472 6473
f 5447 6473 6472
f 6474 5415 1981
f 6361 1741 5415
f 1360 6361 6474
f 5415 6474 6361
f 6476 4281 1959
f 6475 1109 4281
f 1151 6475 6476
f 4281 6476 6475
f 4778 6391 1513
f 6477 995 6391
f 1461 6477 4778
f 6391 4778 6477
f 4993 6478 452
f 3113 1854 6478
f 611 3113 4993
f 6478 4993 3113
f 2920 4177 966
f 6479 1772 4177
f 256 6479 2920
f 4177 2920 6479
f 3698 6480 1296
f 3357 445 6480
f 2037 3357 3698
f 6480 3698 3357
f 2699 3267 819
f 6481 419 3267
f 97 6481 2699
f 3267 2699 6481
f 2864 3387 1465
f 3013 981 3387
f 1370 3013 2864
f 3387 2864 3013
f 2744 6482 260
f 4732 210 6482
f 141 4732 2744
f 6482 2744 4732
f 6240 6483 1408
f 6484 2038 6483
f 487 6484 6240
f 6483 6240 6484
f 6486 6485 1787
f 5892 890 6485
f 2027 5892 6486
f 6485 6486 5892
f 6488 6487 1969
f 2669 1385 6487
f 1921 2669 6488
f 6487 6488 2669
f 6490 6489 1511
f 5400 1488 6489
f 520 5400 6490
f 6489 6490 5400
f 2418 6491 31
f 2767 136 6491
f 1138 2767 2418
f 6491 2418 2767
f 4493 6492 2022
f 6493 573 6492
f 498 6493 4493
f 6492 4493 6493
f 5316 6494 1761
f 6495 469 6494
f 736 6495 5316
f 6494 5316 6495
f 6496 5727 1516
f 5796 148 5727
f 513 5796 6496
f 5727 6496 5796
f 6001 6497 2015
f 6498 96 6497
f 731 6498 6001
f 6497 6001 6498
f 6098 4004 1092
f 3600 1403 4004
f 1978 3600 6098
f 4004 6098 3600
f 5881 4350 84
f 6499 1168 4350
f 600 6499 5881
f 4350 5881 6499
f 6500 6214 1339
f 3898 1531 6214
f 1043 3898 6500
f 6214 6500 3898
f 3093 6501 1089
f 4044 101 6501
f 5 4044 3093
f 6501 3093 4044
f 5035 5115 546
f 6033 124 5115
f 831 6033 5035
f 5115 5035 6033
f 3331 3882 1423
f 6502 1478 3882
f 491 6502 3331
f 3882 3331 6502
f 4317 4537 925
f 4520 1122 4537
f 219 4520 4317
f 4537 4317 4520
f 5839 4879 1011
f 4988 1020 4879
f 893 4988 5839
f 4879 5839 4988
f 3355 5342 445
f 2729 318 5342
f 183 2729 3355
f 5342 3355 2729
f 6504 2551 1919
f 6503 533 2551
f 1747 6503 6504
f 2551 6504 6503
f 6505 5374 822
f 4426 1715 5374
f 947 4426 6505
f 5374 6505 4426
f 6507 6506 1091
f 6298 156 6506
f 1825 6298 6507
f 6506 6507 6298
f 6510 6508 733
f 6509 1850 6508
f 587 6509 6510
f 6508 6510 6509
f 6512 6511 911
f 3547 1367 6511
f 1230 3547 6512
f 6511 6512 3547
f 4837 6513 942
f 6514 9 6513
f 206 6514 4837
f 6513 4837 6514
f 5350 6004 729
f 5716 895 6004
f 1358 5716 5350
f 6004 5350 5716
f 4510 6515 1171
f 2049 1480 6515
f 390 2049 4510
f 6515 4510 2049
f 6505 6516 947
f 6113 1553 6516
f 822 6113 6505
f 6516 6505 6113
f 2235 4379 853
f 6517 1191 4379
f 552 6517 2235
f 4379 2235 6517
f 6518 3568 1493
f 3378 1267 3568
f 730 3378 6518
f 3568 6518 3378
f 6520 6519 306
f 6162 1372 6519
f 568 6162 6520
f 6519 6520 6162
f 5724 6239 657
f 3530 411 6239
f 1580 3530 5724
f 6239 5724 3530
f 6493 6521 573
f 6522 1244 6521
f 498 6522 6493
f 6521 6493 6522
f 3620 6523 497
f 2839 556 6523
f 1116 2839 3620
f 6523 3620 2839
f 6525 5890 1257
f 6524 454 5890
f 71 6524 6525
f 5890 6525 6524
f 6527 6526 1780
f 3527 162 6526
f 1461 3527 6527
f 6526 6527 3527
f 4170 6528 1164
f 3433 1631 6528
f 1190 3433 4170
f 6528 4170 3433
f 5764 6529 1792
f 6530 1254 6529
f 1004 6530 5764
f 6529 5764 6530
f 6532 6531 1277
f 6427 1083 6531
f 1610 6427 6532
f 6531 6532 6427
f 6534 3854 883
f 6533 910 3854
f 2015 6533 6534
f 3854 6534 6533
f 2068 6535 177
f 6536 920 6535
f 1206 6536 2068
f 6535 2068 6536
f 6538 6537 582
f 2884 1486 6537
f 1365 2884 6538
f 6537 6538 2884
f 5471 3270 1875
f 2342 2029 3270
f 336 2342 5471
f 3270 5471 2342
f 6540 4335 1015
f 6539 1123 4335
f 560 6539 6540
f 4335 6540 6539
f 6541 4107 751
f 3979 418 4107
f 250 3979 6541
f 4107 6541 3979
f 6038 6542 1295
f 6543 1001 6542
f 297 6543 6038
f 6542 6038 6543
f 3385 6544 273
f 6545 998 6544
f 1048 6545 3385
f 6544 3385 6545
f 6547 6546 422
f 6531 1083 6546
f 1277 6531 6547
f 6546 6547 6531
f 6549 2315 8
f 6548 592 2315
f 2020 6548 6549
f 2315 6549 6548
f 6551 2654 951
f 6550 767 2654
f 1887 6550 6551
f 2654 6551 6550
f 6553 5649 29
f 6552 811 5649
f 810 6552 6553
f 5649 6553 6552
f 2372 3167 1561
f 2674 1504 3167
f 628 2674 2372
f 3167 2372 2674
f 4214 2936 526
f 6554 482 2936
f 13 6554 4214
f 2936 4214 6554
f 6556 6555 103
f 5924 1643 6555
f 2002 5924 6556
f 6555 6556 5924
f 6558 2689 1552
f 6557 1328 2689
f 129 6557 6558
f 2689 6558 6557
f 6561 6559 1411
f 6560 1575 6559
f 1842 6560 6561
f 6559 6561 6560
f 5330 6562 63
f 4891 1406 6562
f 1714 4891 5330
f 6562 5330 4891
f 6564 3149 1270
f 6563 417 3149
f 1459 6563 6564
f 3149 6564 6563
f 6566 6565 1619
f 5927 1471 6565
f 236 5927 6566
f 6565 6566 5927
f 6568 2168 211
f 6567 741 2168
f 990 6567 6568
f 2168 6568 6567
f 6569 6216 916
f 5549 1750 6216
f 991 5549 6569
f 6216 6569 5549
f 6572 6570 1223
f 6571 1133 6570
f 1367 6571 6572
f 6570 6572 6571
f 5814 3725 1333
f 6573 12 3725
f 1005 6573 5814
f 3725 5814 6573
f 6284 6574 944
f 6575 1006 6574
f 1627 6575 6284
f 6574 6284 6575
f 6578 6576 700
f 6577 299 6576
f 1472 6577 6578
f 6576 6578 6577
f 6581 6579 1074
f 6580 193 6579
f 1057 6580 6581
f 6579 6581 6580
f 6584 6582 1219
f 6583 1895 6582
f 1058 6583 6584
f 6582 6584 6583
f 4944 6585 143
f 2298 1310 6585
f 439 2298 4944
f 6585 4944 2298
f 5009 5828 1326
f 6586 1493 5828
f 1213 6586 5009
f 5828 5009 6586
f 6587 2821 7
f 4773 591 2821
f 809 4773 6587
f 2821 6587 4773
f 6589 6588 724
f 2140 633 6588
f 1759 2140 6589
f 6588 6589 2140
f 2330 4362 172
f 2158 598 4362
f 243 2158 2330
f 4362 2330 2158
f 4643 6590 1803
f 6591 248 6590
f 620 6591 4643
f 6590 4643 6591
f 6593 3249 35
f 6592 1497 3249
f 1659 6592 6593
f 3249 6593 6592
f 6595 6594 1651
f 6325 20 6594
f 1644 6325 6595
f 6594 6595 6325
f 6597 6596 1575
f 6293 1243 6596
f 1142 6293 6597
f 6596 6597 6293
f 6599 3487 675
f 6598 905 3487
f 1261 6598 6599
f 3487 6599 6598
f 6601 3207 612
f 6600 104 3207
f 14 6600 6601
f 3207 6601 6600
f 3994 6602 930
f 6603 1110 6602
f 1262 6603 3994
f 6602 3994 6603
f 6605 5136 719
f 6604 230 5136
f 1783 6604 6605
f 5136 6605 6604
f 6606 4141 41
f 4450 246 4141
f 1428 4450 6606
f 4141 6606 4450
f 5733 6607 60
f 3293 1006 6607
f 697 3293 5733
f 6607 5733 3293
f 2059 5558 637
f 6555 1643 5558
f 103 6555 2059
f 5558 2059 6555
f 3513 6608 1205
f 6609 163 6608
f 2035 6609 3513
f 6608 3513 6609
f 4900 2178 466
f 6610 1677 2178
f 168 6610 4900
f 2178 4900 6610
f 6612 5630 1587
f 6611 1259 5630
f 1556 6611 6612
f 5630 6612 6611
f 6482 6613 260
f 6614 1368 6613
f 210 6614 6482
f 6613 6482 6614
f 6617 6615 1574
f 6616 1462 6615
f 1679 6616 6617
f 6615 6617 6616
f 6619 6618 1273
f 5461 515 6618
f 567 5461 6619
f 6618 6619 5461
f 6569 2262 991
f 5731 4 2262
f 916 5731 6569
f 2262 6569 5731
f 3801 6620 402
f 6621 1945 6620
f 516 6621 3801
f 6620 3801 6621
f 6622 2719 1995
f 3152 788 2719
f 1307 3152 6622
f 2719 6622 3152
f 6624 5608 2001
f 6623 945 5608
f 192 6623 6624
f 5608 6624 6623
f 4470 6625 1917
f 6626 275 6625
f 1800 6626 4470
f 6625 4470 6626
f 4328 3711 759
f 5867 727 3711
f 1344 5867 4328
f 3711 4328 5867
f 6628 6627 1979
f 5381 619 6627
f 462 5381 6628
f 6627 6628 5381
f 6630 6629 701
f 5901 713 6629
f 470 5901 6630
f 6629 6630 5901
f 4029 5216 1724
f 6631 1126 5216
f 494 6631 4029
f 5216 4029 6631
f 6632 2259 469
f 4868 1160 2259
f 629 4868 6632
f 2259 6632 4868
f 6633 3098 1933
f 6179 1932 3098
f 903 6179 6633
f 3098 6633 6179
f 6635 6634 677
f 5267 771 6634
f 1598 5267 6635
f 6634 6635 5267
f 6636 2763 1873
f 6215 656 2763
f 1339 6215 6636
f 2763 6636 6215
f 6638 6212 1684
f 6637 506 6212
f 905 6637 6638
f 6212 6638 6637
f 6641 6639 646
f 6640 1579 6639
f 238 6640 6641
f 6639 6641 6640
f 6643 6642 1024
f 4196 138 6642
f 1322 4196 6643
f 6642 6643 4196
f 5487 5544 652
f 5836 574 5544
f 1377 5836 5487
f 5544 5487 5836
f 6646 6644 1610
f 6645 1289 6644
f 1525 6645 6646
f 6644 6646 6645
f 6648 2745 863
f 6647 141 2745
f 212 6647 6648
f 2745 6648 6647
f 6519 6649 306
f 6173 372 6649
f 1372 6173 6519
f 6649 6519 6173
f 4703 4560 687
f 6650 395 4560
f 1815 6650 4703
f 4560 4703 6650
f 6652 6651 1391
f 3621 1737 6651
f 871 3621 6652
f 6651 6652 3621
f 6654 6653 1256
f 5215 1126 6653
f 1805 5215 6654
f 6653 6654 5215
f 3137 5177 1987
f 5084 360 5177
f 1405 5084 3137
f 5177 3137 5084
f 3485 6655 817
f 6656 975 6655
f 1175 6656 3485
f 6655 3485 6656
f 4507 6657 1399
f 5494 125 6657
f 397 5494 4507
f 6657 4507 5494
f 6659 6658 1210
f 3148 417 6658
f 2028 3148 6659
f 6658 6659 3148
f 6660 5417 495
f 2780 638 5417
f 259 2780 6660
f 5417 6660 2780
f 6661 2521 2012
f 3933 976 2521
f 1097 3933 6661
f 2521 6661 3933
f 6662 2129 300
f 5389 1375 2129
f 412 5389 6662
f 2129 6662 5389
f 6663 3101 1582
f 2381 832 3101
f 1773 2381 6663
f 3101 6663 2381
f 3419 2467 659
f 6664 733 2467
f 515 6664 3419
f 2467 3419 6664
f 6666 6665 1321
f 6138 345 6665
f 607 6138 6666
f 6665 6666 6138
f 6667 5158 327
f 4792 307 5158
f 1578 4792 6667
f 5158 6667 4792
f 6669 4164 622
f 6668 671 4164
f 1105 6668 6669
f 4164 6669 6668
f 6176 6670 331
f 4148 518 6670
f 256 4148 6176
f 6670 6176 4148
f 6638 4174 905
f 3743 317 4174
f 1684 3743 6638
f 4174 6638 3743
f 6672 6671 91
f 5027 1014 6671
f 837 5027 6672
f 6671 6672 5027
f 4854 5973 1027
f 6673 269 5973
f 1299 6673 4854
f 5973 4854 6673
f 6675 6674 1940
f 3229 654 6674
f 293 3229 6675
f 6674 6675 3229
f 2760 6676 699
f 6677 198 6676
f 2020 6677 2760
f 6676 2760 6677
f 4719 6268 1995
f 6343 1765 6268
f 1072 6343 4719
f 6268 4719 6343
f 6679 6678 577
f 4084 66 6678
f 676 4084 6679
f 6678 6679 4084
f 6681 3007 6
f 6680 936 3007
f 1646 6680 6681
f 3007 6681 6680
f 4098 4980 375
f 6060 349 4980
f 477 6060 4098
f 4980 4098 6060
f 6683 2690 1911
f 6682 1552 2690
f 1203 6682 6683
f 2690 6683 6682
f 6686 6684 366
f 6685 1112 6684
f 411 6685 6686
f 6684 6686 6685
f 6687 2918 1818
f 4147 256 2918
f 1236 4147 6687
f 2918 6687 4147
f 3404 5043 1169
f 6688 1781 5043
f 170 6688 3404
f 5043 3404 6688
f 6691 6689 1844
f 6690 815 6689
f 221 6690 6691
f 6689 6691 6690
f 5850 2794 1104
f 4243 1698 2794
f 1631 4243 5850
f 2794 5850 4243
f 6591 3501 248
f 3062 215 3501
f 620 3062 6591
f 3501 6591 3062
f 6692 6267 502
f 6149 666 6267
f 1012 6149 6692
f 6267 6692 6149
f 6050 4424 1778
f 6693 1215 4424
f 1399 6693 6050
f 4424 6050 6693
f 3055 6073 736
f 6694 308 6073
f 2026 6694 3055
f 6073 3055 6694
f 6697 6695 673
f 6696 748 6695
f 1952 6696 6697
f 6695 6697 6696
f 6700 6698 1960
f 6699 180 6698
f 1530 6699 6700
f 6698 6700 6699
f 4723 6701 1080
f 6702 860 6701
f 1255 6702 4723
f 6701 4723 6702
f 6704 6703 1685
f 3026 433 6703
f 1503 3026 6704
f 6703 6704 3026
f 6134 6705 984
f 4121 269 6705
f 1927 4121 6134
f 6705 6134 4121
f 3647 6706 890
f 5453 1252 6706
f 166 5453 3647
f 6706 3647 5453
f 6708 6707 793
f 3876 565 6707
f 1980 3876 6708
f 6707 6708 3876
f 3301 6709 1459
f 6034 1865 6709
f 124 6034 3301
f 6709 3301 6034
f 6711 6710 1490
f 5851 351 6710
f 1631 5851 6711
f 6710 6711 5851
f 6712 4182 1870
f 4955 1941 4182
f 208 4955 6712
f 4182 6712 4955
f 6713 5455 166
f 4332 2039 5455
f 47 4332 6713
f 5455 6713 4332
f 4727 6714 1158
f 6715 1695 6714
f 555 6715 4727
f 6714 4727 6715
f 2879 5195 1555
f 4638 49 5195
f 1708 4638 2879
f 5195 2879 4638
f 6351 6716 960
f 6717 724 6716
f 1972 6717 6351
f 6716 6351 6717
f 6719 6718 1576
f 5293 44 6718
f 1824 5293 6719
f 6718 6719 5293
f 6408 3737 538
f 2875 894 3737
f 1237 2875 6408
f 3737 6408 2875
f 6720 5408 247
f 3220 897 5408
f 824 3220 6720
f 5408 6720 3220
f 6606 4650 1428
f 6721 1907 4650
f 41 6721 6606
f 4650 6606 6721
f 6724 6722 1420
f 6723 242 6722
f 1245 6723 6724
f 6722 6724 6723
f 6040 6725 1658
f 6726 1938 6725
f 670 6726 6040
f 6725 6040 6726
f 6728 5294 1222
f 6727 44 5294
f 1058 6727 6728
f 5294 6728 6727
f 6730 6729 19
f 5055 141 6729
f 1177 5055 6730
f 6729 6730 5055
f 5595 5435 1443
f 6731 1118 5435
f 1667 6731 5595
f 5435 5595 6731
f 3070 6732 341
f 6733 100 6732
f 1363 6733 3070
f 6732 3070 6733
f 6736 6734 1
f 6735 665 6734
f 1681 6735 6736
f 6734 6736 6735
f 3294 4249 1903
f 6107 325 4249
f 1816 6107 3294
f 4249 3294 6107
f 6739 6737 1157
f 6738 1541 6737
f 532 6738 6739
f 6737 6739 6738
f 5562 6740 312
f 6741 1411 6740
f 1211 6741 5562
f 6740 5562 6741
f 4734 6742 1028
f 6743 1017 6742
f 1810 6743 4734
f 6742 4734 6743
f 3980 6744 418
f 2632 756 6744
f 1456 2632 3980
f 6744 3980 2632
f 6021 6745 2018
f 6746 155 6745
f 1466 6746 6021
f 6745 6021 6746
f 6747 5040 1313
f 2351 1385 5040
f 923 2351 6747
f 5040 6747 2351
f 6749 6095 661
f 6748 1705 6095
f 489 6748 6749
f 6095 6749 6748
f 6751 6750 1993
f 5983 459 6750
f 1565 5983 6751
f 6750 6751 5983
f 6414 3909 132
f 6752 780 3909
f 1032 6752 6414
f 3909 6414 6752
f 5971 6338 987
f 6753 328 6338
f 1180 6753 5971
f 6338 5971 6753
f 5268 6754 1434
f 6755 1272 6754
f 1660 6755 5268
f 6754 5268 6755
f 6757 2650 773
f 6756 722 2650
f 1924 6756 6757
f 2650 6757 6756
f 6759 6758 1794
f 5935 1942 6758
f 1654 5935 6759
f 6758 6759 5935
f 6761 3089 1232
f 6760 1991 3089
f 23 6760 6761
f 3089 6761 6760
f 6616 6762 1462
f 6199 997 6762
f 1679 6199 6616
f 6762 6616 6199
f 5123 6763 1150
f 2445 30 6763
f 1063 2445 5123
f 6763 5123 2445
f 6765 2503 421
f 6764 681 2503
f 1453 6764 6765
f 2503 6765 6764
f 6768 6766 1827
f 6767 1519 6766
f 816 6767 6768
f 6766 6768 6767
f 6770 6769 583
f 4515 1901 6769
f 834 4515 6770
f 6769 6770 4515
f 6771 3532 1349
f 2208 1449 3532
f 584 2208 6771
f 3532 6771 2208
f 2364 6772 927
f 6773 969 6772
f 857 6773 2364
f 6772 2364 6773
f 6775 6774 964
f 6552 810 6774
f 811 6552 6775
f 6774 6775 6552
f 4916 2896 1648
f 6776 1 2896
f 167 6776 4916
f 2896 4916 6776
f 4101 6777 1357
f 6778 424 6777
f 1905 6778 4101
f 6777 4101 6778
f 6780 2608 559
f 6779 789 2608
f 1265 6779 6780
f 2608 6780 6779
f 5879 6781 1807
f 6782 1569 6781
f 664 6782 5879
f 6781 5879 6782
f 6784 2404 1757
f 6783 1682 2404
f 1848 6783 6784
f 2404 6784 6783
f 6339 4438 1869
f 3846 846 4438
f 1984 3846 6339
f 4438 6339 3846
f 6602 6785 930
f 6786 698 6785
f 1110 6786 6602
f 6785 6602 6786
f 6789 6787 612
f 6788 20 6787
f 501 6788 6789
f 6787 6789 6788
f 4291 6790 478
f 6511 1367 6790
f 911 6511 4291
f 6790 4291 6511
f 6014 2431 1596
f 6791 2002 2431
f 763 6791 6014
f 2431 6014 6791
f 6794 6792 1294
f 6793 1102 6792
f 1803 6793 6794
f 6792 6794 6793
f 5937 6327 1593
f 5153 483 6327
f 1632 5153 5937
f 6327 5937 5153
f 6795 3785 1475
f 5199 1908 3785
f 1934 5199 6795
f 3785 6795 5199
f 5102 5556 334
f 6796 637 5556
f 139 6796 5102
f 5556 5102 6796
f 5345 4258 804
f 4701 1855 4258
f 1815 4701 5345
f 4258 5345 4701
f 6798 6797 1481
f 2908 861 6797
f 1120 2908 6798
f 6797 6798 2908
f 6419 6799 899
f 6164 1059 6799
f 1146 6164 6419
f 6799 6419 6164
f 6801 5485 1476
f 6800 1217 5485
f 1061 6800 6801
f 5485 6801 6800
f 6536 5619 920
f 4490 836 5619
f 1206 4490 6536
f 5619 6536 4490
f 6340 6802 1984
f 5742 1139 6802
f 1165 5742 6340
f 6802 6340 5742
f 2502 4180 1154
f 4210 368 4180
f 490 4210 2502
f 4180 2502 4210
f 6804 5754 1247
f 6803 1947 5754
f 1849 6803 6804
f 5754 6804 6803
f 6144 5005 1577
f 6805 1728 5005
f 1544 6805 6144
f 5005 6144 6805
f 4499 2497 202
f 6806 816 2497
f 1303 6806 4499
f 2497 4499 6806
f 6808 6807 395
f 2998 1388 6807
f 485 2998 6808
f 6807 6808 2998
f 6810 6809 395
f 5393 1479 6809
f 321 5393 6810
f 6809 6810 5393
f 3531 6685 411
f 5952 1112 6685
f 1832 5952 3531
f 6685 3531 5952
f 3425 5593 1868
f 6770 583 5593
f 834 6770 3425
f 5593 3425 6770
f 5210 6811 2030
f 6812 628 6811
f 825 6812 5210
f 6811 5210 6812
f 5801 6813 311
f 6814 1476 6813
f 1075 6814 5801
f 6813 5801 6814
f 6817 6815 386
f 6816 1769 6815
f 229 6816 6817
f 6815 6817 6816
f 6818 5122 1337
f 3646 935 5122
f 527 3646 6818
f 5122 6818 3646
f 6820 6819 359
f 4530 1985 6819
f 798 4530 6820
f 6819 6820 4530
f 6822 6821 80
f 4178 344 6821
f 1858 4178 6822
f 6821 6822 4178
f 4267 3633 1597
f 6823 1958 3633
f 1045 6823 4267
f 3633 4267 6823
f 6826 6824 2008
f 6825 1355 6824
f 89 6825 6826
f 6824 6826 6825
f 4593 6827 1491
f 3945 62 6827
f 878 3945 4593
f 6827 4593 3945
f 3116 6828 802
f 4049 692 6828
f 1323 4049 3116
f 6828 3116 4049
f 6830 6829 509
f 6123 980 6829
f 346 6123 6830
f 6829 6830 6123
f 6832 5446 1523
f 6831 864 5446
f 686 6831 6832
f 5446 6832 6831
f 5961 3616 1703
f 4940 610 3616
f 1713 4940 5961
f 3616 5961 4940
f 6833 4157 1839
f 4125 550 4157
f 898 4125 6833
f 4157 6833 4125
f 2889 6834 1060
f 6835 1510 6834
f 113 6835 2889
f 6834 2889 6835
f 3268 4310 1875
f 6836 350 4310
f 145 6836 3268
f 4310 3268 6836
f 6837 2458 1129
f 6582 1895 2458
f 1219 6582 6837
f 2458 6837 6582
f 4952 6838 1799
f 2277 1663 6838
f 970 2277 4952
f 6838 4952 2277
f 6840 6739 1157
f 6839 532 6739
f 999 6839 6840
f 6739 6840 6839
f 3901 6841 1904
f 6842 1882 6841
f 1215 6842 3901
f 6841 3901 6842
f 6843 6029 1448
f 2045 691 6029
f 1396 2045 6843
f 6029 6843 2045
f 6845 6844 286
f 3697 1900 6844
f 1401 3697 6845
f 6844 6845 3697
f 6846 4239 276
f 6576 299 4239
f 700 6576 6846
f 4239 6846 6576
f 6848 3046 670
f 6847 2036 3046
f 644 6847 6848
f 3046 6848 6847
f 6850 3319 1373
f 6849 1606 3319
f 257 6849 6850
f 3319 6850 6849
f 3231 5840 711
f 6851 1853 5840
f 792 6851 3231
f 5840 3231 6851
f 6852 5443 714
f 3768 1756 5443
f 1623 3768 6852
f 5443 6852 3768
f 6854 6853 1656
f 2593 1031 6853
f 939 2593 6854
f 6853 6854 2593
f 3483 6855 1913
f 2782 259 6855
f 1929 2782 3483
f 6855 3483 2782
f 6548 6856 592
f 2904 642 6856
f 2020 2904 6548
f 6856 6548 2904
f 3335 2481 996
f 2427 1413 2481
f 1450 2427 3335
f 2481 3335 2427
f 6857 3339 1106
f 4516 919 3339
f 1901 4516 6857
f 3339 6857 4516
f 6858 3326 503
f 2191 561 3326
f 828 2191 6858
f 3326 6858 2191
f 6859 2187 1809
f 2554 1124 2187
f 732 2554 6859
f 2187 6859 2554
f 5440 5833 1878
f 3952 1036 5833
f 1469 3952 5440
f 5833 5440 3952
f 6861 6860 1693
f 4429 1166 6860
f 1274 4429 6861
f 6860 6861 4429
f 6862 5581 304
f 6483 2038 5581
f 1408 6483 6862
f 5581 6862 6483
f 6864 6863 1968
f 2478 36 6863
f 1483 2478 6864
f 6863 6864 2478
f 6866 6832 1523
f 6865 686 6832
f 881 6865 6866
f 6832 6866 6865
f 4451 6867 53
f 4133 610 6867
f 115 4133 4451
f 6867 4451 4133
f 6869 5622 1565
f 6868 1189 5622
f 1364 6868 6869
f 5622 6869 6868
f 3073 5238 669
f 6870 1474 5238
f 1929 6870 3073
f 5238 3073 6870
f 3549 6502 491
f 2163 1478 6502
f 1230 2163 3549
f 6502 3549 2163
f 4874 5886 1683
f 6871 15 5886
f 746 6871 4874
f 5886 4874 6871
f 6874 6872 948
f 6873 774 6872
f 1004 6873 6874
f 6872 6874 6873
f 2052 6875 1202
f 6737 1541 6875
f 1157 6737 2052
f 6875 2052 6737
f 6876 4502 1225
f 4119 388 4502
f 1065 4119 6876
f 4502 6876 4119
f 6877 6455 682
f 6764 1453 6455
f 681 6764 6877
f 6455 6877 6764
f 6878 3099 1008
f 5234 1933 3099
f 550 5234 6878
f 3099 6878 5234
f 6277 6879 1468
f 4094 1968 6879
f 216 4094 6277
f 6879 6277 4094
f 6881 6880 823
f 6441 948 6880
f 1563 6441 6881
f 6880 6881 6441
f 6884 6882 1081
f 6883 1666 6882
f 517 6883 6884
f 6882 6884 6883
f 6157 3989 705
f 3969 1561 3989
f 38 3969 6157
f 3989 6157 3969
f 5249 6885 1454
f 6886 433 6885
f 402 6886 5249
f 6885 5249 6886
f 6887 5333 93
f 2205 1672 5333
f 1881 2205 6887
f 5333 6887 2205
f 5561 6888 181
f 3735 2022 6888
f 312 3735 5561
f 6888 5561 3735
f 6889 4549 1362
f 5085 67 4549
f 631 5085 6889
f 4549 6889 5085
f 6891 6837 1129
f 6890 1219 6837
f 44 6890 6891
f 6837 6891 6890
f 3076 6892 383
f 5492 720 6892
f 1292 5492 3076
f 6892 3076 5492
f 6894 6893 2034
f 5755 806 6893
f 1247 5755 6894
f 6893 6894 5755
f 5830 6895 1557
f 5049 950 6895
f 548 5049 5830
f 6895 5830 5049
f 2639 6840 1157
f 2649 999 6840
f 1957 2649 2639
f 6840 2639 2649
f 2476 3230 711
f 6896 1404 3230
f 1844 6896 2476
f 3230 2476 6896
f 6806 6897 816
f 6898 245 6897
f 1303 6898 6806
f 6897 6806 6898
f 6167 6899 1967
f 2644 1749 6899
f 1402 2644 6167
f 6899 6167 2644
f 3764 6900 303
f 4292 1924 6900
f 1846 4292 3764
f 6900 3764 4292
f 4702 5045 1855
f 6901 1856 5045
f 687 6901 4702
f 5045 4702 6901
f 6902 6116 1584
f 2171 1111 6116
f 249 2171 6902
f 6116 6902 2171
f 6903 2887 563
f 4935 1209 2887
f 1066 4935 6903
f 2887 6903 4935
f 6904 4496 982
f 2408 769 4496
f 1044 2408 6904
f 4496 6904 2408
f 6906 5772 595
f 6905 603 5772
f 619 6905 6906
f 5772 6906 6905
f 5451 6907 1056
f 6869 1565 6907
f 1364 6869 5451
f 6907 5451 6869
f 4441 3744 1362
f 6908 317 3744
f 340 6908 4441
f 3744 4441 6908
f 6909 5969 1340
f 5672 1241 5969
f 604 5672 6909
f 5969 6909 5672
f 6910 6039 1857
f 6262 785 6039
f 960 6262 6910
f 6039 6910 6262
f 6912 2274 1050
f 6911 1663 2274
f 448 6911 6912
f 2274 6912 6911
f 3902 4423 1215
f 6913 843 4423
f 1871 6913 3902
f 4423 3902 6913
f 3273 6914 1589
f 6915 266 6914
f 1695 6915 3273
f 6914 3273 6915
f 6916 3653 508
f 6013 391 3653
f 1651 6013 6916
f 3653 6916 6013
f 4226 6917 1603
f 5793 1407 6917
f 430 5793 4226
f 6917 4226 5793
f 6919 4587 1530
f 6918 396 4587
f 1592 6918 6919
f 4587 6919 6918
f 6765 5670 1453
f 3852 1037 5670
f 421 3852 6765
f 5670 6765 3852
f 6922 6920 665
f 6921 993 6920
f 858 6921 6922
f 6920 6922 6921
f 6924 5981 1380
f 6923 556 5981
f 1287 6923 6924
f 5981 6924 6923
f 5251 6925 361
f 6926 1347 6925
f 1454 6926 5251
f 6925 5251 6926
f 6928 6927 1509
f 2734 1156 6927
f 585 2734 6928
f 6927 6928 2734
f 6415 6710 351
f 6929 1490 6710
f 85 6929 6415
f 6710 6415 6929
f 6931 6930 284
f 6828 692 6930
f 802 6828 6931
f 6930 6931 6828
f 6932 2380 1773
f 5809 715 2380
f 1798 5809 6932
f 2380 6932 5809
f 2817 6933 650
f 6406 933 6933
f 1655 6406 2817
f 6933 2817 6406
f 6935 4189 2007
f 6934 1553 4189
f 524 6934 6935
f 4189 6935 6934
f 6833 4603 898
f 2539 968 4603
f 1839 2539 6833
f 4603 6833 2539
f 6938 6936 684
f 6937 830 6936
f 384 6937 6938
f 6936 6938 6937
f 6940 6939 52
f 6588 633 6939
f 724 6588 6940
f 6939 6940 6588
f 6943 6941 1291
f 6942 673 6941
f 461 6942 6943
f 6941 6943 6942
f 6945 6944 18
f 4547 859 6944
f 1953 4547 6945
f 6944 6945 4547
f 6947 6946 188
f 6280 1906 6946
f 1954 6280 6947
f 6946 6947 6280
f 6949 6948 1945
f 2173 249 6948
f 16 2173 6949
f 6948 6949 2173
f 6950 5875 952
f 6323 543 5875
f 392 6323 6950
f 5875 6950 6323
f 6953 6951 88
f 6952 446 6951
f 427 6952 6953
f 6951 6953 6952
f 5931 6592 1659
f 4069 1497 6592
f 807 4069 5931
f 6592 5931 4069
f 6955 6954 1879
f 2358 472 6954
f 1556 2358 6955
f 6954 6955 2358
f 6957 3695 1086
f 6956 1900 3695
f 587 6956 6957
f 3695 6957 6956
f 6959 6958 606
f 6543 297 6958
f 1001 6543 6959
f 6958 6959 6543
f 6961 4995 1679
f 6960 1283 4995
f 1591 6960 6961
f 4995 6961 6960
f 6962 6560 1842
f 3274 1575 6560
f 1695 3274 6962
f 6560 6962 3274
f 6965 6963 1030
f 6964 779 6963
f 1620 6964 6965
f 6963 6965 6964
f 4819 2284 1196
f 6966 894 2284
f 2016 6966 4819
f 2284 4819 6966
f 2233 5827 552
f 5008 1326 5827
f 1349 5008 2233
f 5827 2233 5008
f 6968 3613 1005
f 6967 791 3613
f 1151 6967 6968
f 3613 6968 6967
f 6969 4943 143
f 5528 1836 4943
f 2023 5528 6969
f 4943 6969 5528
f 6970 2974 592
f 6334 1619 2974
f 130 6334 6970
f 2974 6970 6334
f 5623 5982 1565
f 5145 1760 5982
f 1632 5145 5623
f 5982 5623 5145
f 6972 6971 176
f 3102 1024 6971
f 1582 3102 6972
f 6971 6972 3102
f 6649 6973 306
f 5642 1421 6973
f 372 5642 6649
f 6973 6649 5642
f 5669 6974 2031
f 6975 1583 6974
f 374 6975 5669
f 6974 5669 6975
f 5351 2413 579
f 6976 1819 2413
f 729 6976 5351
f 2413 5351 6976
f 6977 2121 1868
f 3814 707 2121
f 10 3814 6977
f 2121 6977 3814
f 6979 2932 236
f 6978 443 2932
f 1173 6978 6979
f 2932 6979 6978
f 6980 5111 1649
f 6634 771 5111
f 677 6634 6980
f 5111 6980 6634
f 6120 6981 856
f 2565 1194 6981
f 1288 2565 6120
f 6981 6120 2565
f 6983 2495 1609
f 6982 202 2495
f 1208 6982 6983
f 2495 6983 6982
f 6984 6662 300
f 2348 412 6662
f 333 2348 6984
f 6662 6984 2348
f 6380 6224 914
f 6985 1100 6224
f 120 6985 6380
f 6224 6380 6985
f 6986 4690 874
f 4339 226 4690
f 233 4339 6986
f 4690 6986 4339
f 5053 3745 121
f 5965 1509 3745
f 1162 5965 5053
f 3745 5053 5965
f 6989 6987 894
f 6988 1907 6987
f 140 6988 6989
f 6987 6989 6988
f 3413 3988 1022
f 6990 106 3988
f 527 6990 3413
f 3988 3413 6990
f 6991 6046 787
f 3557 1763 6046
f 965 3557 6991
f 6046 6991 3557
f 6994 6992 966
f 6993 1499 6992
f 777 6993 6994
f 6992 6994 6993
f 6995 6626 1800
f 5353 275 6626
f 664 5353 6995
f 6626 6995 5353
f 6997 6313 1562
f 6996 545 6313
f 616 6996 6997
f 6313 6997 6996
f 6998 6732 100
f 4688 341 6732
f 1373 4688 6998
f 6732 6998 4688
f 5211 6999 825
f 7000 889 6999
f 1566 7000 5211
f 6999 5211 7000
f 7002 7001 528
f 6377 635 7001
f 1595 6377 7002
f 7001 7002 6377
f 2331 4245 243
f 7003 841 4245
f 872 7003 2331
f 4245 2331 7003
f 4775 4128 286
f 7004 1730 4128
f 1742 7004 4775
f 4128 4775 7004
f 6027 6665 345
f 5908 1321 6665
f 1870 5908 6027
f 6665 6027 5908
f 7005 5530 496
f 2475 711 5530
f 725 2475 7005
f 5530 7005 2475
f 7007 6341 558
f 7006 457 6341
f 56 7006 7007
f 6341 7007 7006
f 4209 2750 1318
f 4022 343 2750
f 490 4022 4209
f 2750 4209 4022
f 3643 6557 129
f 7008 1328 6557
f 765 7008 3643
f 6557 3643 7008
f 7011 7009 332
f 7010 1239 7009
f 1533 7010 7011
f 7009 7011 7010
f 6376 5823 989
f 6140 1982 5823
f 1595 6140 6376
f 5823 6376 6140
f 4482 7012 1302
f 6375 989 7012
f 635 6375 4482
f 7012 4482 6375
f 7013 5363 1521
f 6761 1232 5363
f 23 6761 7013
f 5363 7013 6761
f 4017 5966 422
f 7014 1509 5966
f 254 7014 4017
f 5966 4017 7014
f 2377 7015 1007
f 5395 1343 7015
f 1258 5395 2377
f 7015 2377 5395
f 7017 4682 90
f 7016 1725 4682
f 1218 7016 7017
f 4682 7017 7016
f 6532 6646 1610
f 5518 1525 6646
f 1277 5518 6532
f 6646 6532 5518
f 7020 7018 549
f 7019 1151 7018
f 1755 7019 7020
f 7018 7020 7019
f 6886 7021 433
f 3675 314 7021
f 402 3675 6886
f 7021 6886 3675
f 7024 7022 1395
f 7023 1959 7022
f 791 7023 7024
f 7022 7024 7023
f 6714 6204 1158
f 6962 1842 6204
f 1695 6962 6714
f 6204 6714 6962
f 4014 6691 1844
f 7025 221 6691
f 1070 7025 4014
f 6691 4014 7025
f 7028 7026 747
f 7027 544 7026
f 1536 7027 7028
f 7026 7028 7027
f 7029 4647 112
f 3138 873 4647
f 1405 3138 7029
f 4647 7029 3138
f 7031 5096 1065
f 7030 439 5096
f 1729 7030 7031
f 5096 7031 7030
f 7033 3107 1091
f 7032 1380 3107
f 378 7032 7033
f 3107 7033 7032
f 4158 4035 1839
f 6858 503 4035
f 828 6858 4158
f 4035 4158 6858
f 4751 5144 197
f 6608 163 5144
f 1205 6608 4751
f 5144 4751 6608
f 4579 4105 1130
f 4649 873 4105
f 332 4649 4579
f 4105 4579 4649
f 7034 6607 1006
f 5366 60 6607
f 1316 5366 7034
f 6607 7034 5366
f 3375 7035 2005
f 6318 335 7035
f 1866 6318 3375
f 7035 3375 6318
f 3859 7036 1737
f 5500 1095 7036
f 324 5500 3859
f 7036 3859 5500
f 6097 5822 1944
f 7037 918 5822
f 1092 7037 6097
f 5822 6097 7037
f 5274 5065 40
f 4425 947 5065
f 296 4425 5274
f 5065 5274 4425
f 7039 3060 386
f 7038 742 3060
f 1274 7038 7039
f 3060 7039 7038
f 5779 7040 1635
f 7041 1167 7040
f 535 7041 5779
f 7040 5779 7041
f 7044 7042 128
f 7043 54 7042
f 1729 7043 7044
f 7042 7044 7043
f 7046 7045 1285
f 4388 812 7045
f 424 4388 7046
f 7045 7046 4388
f 6291 5074 191
f 7047 588 5074
f 1726 7047 6291
f 5074 6291 7047
f 3407 3807 1312
f 7048 9 3807
f 298 7048 3407
f 3807 3407 7048
f 7051 7049 431
f 7050 1701 7049
f 432 7050 7051
f 7049 7051 7050
f 7052 3726 1077
f 5356 1333 3726
f 1261 5356 7052
f 3726 7052 5356
f 7054 7053 1119
f 4825 1365 7053
f 1345 4825 7054
f 7053 7054 4825
f 2516 5829 852
f 6295 542 5829
f 838 6295 2516
f 5829 2516 6295
f 3595 4219 741
f 3558 398 4219
f 672 3558 3595
f 4219 3595 3558
f 6658 7055 1210
f 6563 1459 7055
f 417 6563 6658
f 7055 6658 6563
f 2805 7056 1861
f 7057 1554 7056
f 580 7057 2805
f 7056 2805 7057
f 7059 4616 151
f 7058 850 4616
f 2019 7058 7059
f 4616 7059 7058
f 7061 7060 945
f 6613 1368 7060
f 260 6613 7061
f 7060 7061 6613
f 4097 7062 1802
f 7063 806 7062
f 865 7063 4097
f 7062 4097 7063
f 3028 4526 1588
f 6252 322 4526
f 150 6252 3028
f 4526 3028 6252
f 4509 7064 1167
f 6048 1533 7064
f 1399 6048 4509
f 7064 4509 6048
f 3029 2560 24
f 6054 1922 2560
f 805 6054 3029
f 2560 3029 6054
f 6159 2659 807
f 7065 740 2659
f 111 7065 6159
f 2659 6159 7065
f 7067 4080 1451
f 7066 2004 4080
f 1487 7066 7067
f 4080 7067 7066
f 7068 6796 139
f 2058 637 6796
f 1694 2058 7068
f 6796 7068 2058
f 7070 3360 171
f 7069 1321 3360
f 367 7069 7070
f 3360 7070 7069
f 5831 4805 1694
f 5424 1447 4805
f 1590 5424 5831
f 4805 5831 5424
f 7072 6893 806
f 7071 2034 6893
f 710 7071 7072
f 6893 7072 7071
f 3751 3720 1348
f 5557 1643 3720
f 334 5557 3751
f 3720 3751 5557
f 6449 7073 2
f 5160 1034 7073
f 1612 5160 6449
f 7073 6449 5160
f 6251 7074 184
f 6096 2004 7074
f 107 6096 6251
f 7074 6251 6096
f 7077 7075 267
f 7076 1988 7075
f 673 7076 7077
f 7075 7077 7076
f 3278 4477 504
f 7078 112 4477
f 630 7078 3278
f 4477 3278 7078
f 7081 7079 1599
f 7080 1746 7079
f 936 7080 7081
f 7079 7081 7080
f 6901 7082 1856
f 7083 1489 7082
f 687 7083 6901
f 7082 6901 7083
f 7084 5409 1146
f 6595 1651 5409
f 1644 6595 7084
f 5409 7084 6595
f 2093 5473 1387
f 5261 1954 5473
f 605 5261 2093
f 5473 2093 5261
f 3747 4216 339
f 6927 1156 4216
f 1509 6927 3747
f 4216 3747 6927
f 7086 7085 1141
f 5942 1869 7085
f 678 5942 7086
f 7085 7086 5942
f 3173 3260 1774
f 6487 1385 3260
f 1969 6487 3173
f 3260 3173 6487
f 5703 7087 1817
f 4542 797 7087
f 357 4542 5703
f 7087 5703 4542
f 7060 7088 945
f 7089 1577 7088
f 1368 7089 7060
f 7088 7060 7089
f 5552 7090 1485
f 7091 1656 7090
f 732 7091 5552
f 7090 5552 7091
f 4279 2711 187
f 7092 645 2711
f 1506 7092 4279
f 2711 4279 7092
f 5103 7093 139
f 5667 1108 7093
f 374 5667 5103
f 7093 5103 5667
f 7094 7089 1368
f 6146 1577 7089
f 660 6146 7094
f 7089 7094 6146
f 7096 7095 940
f 4735 1956 7095
f 1810 4735 7096
f 7095 7096 4735
f 4428 5200 758
f 7097 1976 5200
f 688 7097 4428
f 5200 4428 7097
f 7098 5991 1501
f 4488 844 5991
f 1585 4488 7098
f 5991 7098 4488
f 6745 2756 2018
f 7099 1046 2756
f 155 7099 6745
f 2756 6745 7099
f 7100 3457 189
f 5743 1200 3457
f 264 5743 7100
f 3457 7100 5743
f 6954 2748 1879
f 5897 1608 2748
f 472 5897 6954
f 2748 6954 5897
f 7102 5135 1132
f 7101 72 5135
f 1055 7101 7102
f 5135 7102 7101
f 4396 5718 1358
f 6514 206 5718
f 9 6514 4396
f 5718 4396 6514
f 4250 6032 840
f 7103 1744 6032
f 325 7103 4250
f 6032 4250 7103
f 7105 7104 399
f 6184 938 7104
f 1054 6184 7105
f 7104 7105 6184
f 6917 3769 1603
f 2619 542 3769
f 1407 2619 6917
f 3769 6917 2619
f 3445 5732 60
f 5317 1761 5732
f 65 5317 3445
f 5732 3445 5317
f 2598 3699 1890
f 2280 2037 3699
f 570 2280 2598
f 3699 2598 2280
f 7108 7106 1216
f 7107 348 7106
f 1801 7107 7108
f 7106 7108 7107
f 7109 4104 873
f 6388 1540 4104
f 1293 6388 7109
f 4104 7109 6388
f 7111 6534 883
f 7110 2015 6534
f 912 7110 7111
f 6534 7111 7110
f 3995 7112 1777
f 4933 479 7112
f 1751 4933 3995
f 7112 3995 4933
f 7114 5078 63
f 7113 1376 5078
f 48 7113 7114
f 5078 7114 7113
f 6147 2547 369
f 5932 1928 2547
f 1804 5932 6147
f 2547 6147 5932
f 5953 7115 1112
f 7116 1204 7115
f 235 7116 5953
f 7115 5953 7116
f 5545 3554 1136
f 7117 832 3554
f 1322 7117 5545
f 3554 5545 7117
f 3756 7118 282
f 3644 398 7118
f 935 3644 3756
f 7118 3756 3644
f 7119 5900 1394
f 6344 265 5900
f 1985 6344 7119
f 5900 7119 6344
f 4355 7120 851
f 6063 774 7120
f 1406 6063 4355
f 7120 4355 6063
f 5568 2747 1608
f 7121 1038 2747
f 1704 7121 5568
f 2747 5568 7121
f 7123 7122 1380
f 5246 1359 7122
f 57 5246 7123
f 7122 7123 5246
f 7125 6426 1610
f 7124 902 6426
f 92 7124 7125
f 6426 7125 7124
f 7126 3970 770
f 6210 1561 3970
f 1045 6210 7126
f 3970 7126 6210
f 4670 7127 2009
f 3444 500 7127
f 886 3444 4670
f 7127 4670 3444
f 7129 4978 1388
f 7128 623 4978
f 375 7128 7129
f 4978 7129 7128
f 7130 3947 653
f 6851 792 3947
f 1853 6851 7130
f 3947 7130 6851
f 7132 5239 680
f 7131 669 5239
f 1733 7131 7132
f 5239 7132 7131
f 3373 5243 739
f 3748 1741 5243
f 1518 3748 3373
f 5243 3373 3748
f 6044 5553 1229
f 6235 47 5553
f 1263 6235 6044
f 5553 6044 6235
f 2871 4401 2032
f 4230 1964 4401
f 1342 4230 2871
f 4401 2871 4230
f 6702 2882 860
f 7133 934 2882
f 1255 7133 6702
f 2882 6702 7133
f 7134 6311 1828
f 5504 1226 6311
f 2006 5504 7134
f 6311 7134 5504
f 3923 3963 137
f 2196 1346 3963
f 1617 2196 3923
f 3963 3923 2196
f 7136 7135 879
f 3583 146 7135
f 1602 3583 7136
f 7135 7136 3583
f 7139 7137 554
f 7138 99 7137
f 134 7138 7139
f 7137 7139 7138
f 7142 7140 985
f 7141 135 7140
f 98 7141 7142
f 7140 7142 7141
f 7144 5834 625
f 7143 618 5834
f 957 7143 7144
f 5834 7144 7143
f 3615 7145 440
f 4131 752 7145
f 610 4131 3615
f 7145 3615 4131
f 7147 7146 61
f 6845 286 7146
f 1401 6845 7147
f 7146 7147 6845
f 5173 7148 195
f 6011 484 7148
f 1573 6011 5173
f 7148 5173 6011
f 6418 3839 1049
f 6660 495 3839
f 259 6660 6418
f 3839 6418 6660
f 7149 2520 976
f 4578 1130 2520
f 1797 4578 7149
f 2520 7149 4578
f 7151 7150 2033
f 6072 1607 7150
f 790 6072 7151
f 7150 7151 6072
f 7154 7152 134
f 7153 1604 7152
f 120 7153 7154
f 7152 7154 7153
f 4322 7155 1558
f 3618 1492 7155
f 1136 3618 4322
f 7155 4322 3618
f 5914 4538 956
f 6069 925 4538
f 420 6069 5914
f 4538 5914 6069
f 7158 7156 218
f 7157 27 7156
f 58 7157 7158
f 7156 7158 7157
f 4584 7159 1235
f 4213 1397 7159
f 636 4213 4584
f 7159 4584 4213
f 6006 6156 1512
f 7160 340 6156
f 37 7160 6006
f 6156 6006 7160
f 7162 3627 1614
f 7161 1090 3627
f 1611 7161 7162
f 3627 7162 7161
f 5868 7163 931
f 7002 528 7163
f 1595 7002 5868
f 7163 5868 7002
f 7164 4432 778
f 4665 425 4432
f 185 4665 7164
f 4432 7164 4665
f 7167 7165 378
f 7166 1416 7165
f 1724 7166 7167
f 7165 7167 7166
f 7169 7168 782
f 6684 1112 7168
f 366 6684 7169
f 7168 7169 6684
f 7171 6899 1749
f 7170 1967 6899
f 1735 7170 7171
f 6899 7171 7170
f 6881 3564 1563
f 7172 302 3564
f 823 7172 6881
f 3564 6881 7172
f 6395 7012 989
f 5161 1302 7012
f 1140 5161 6395
f 7012 6395 5161
f 7173 6364 1404
f 4305 1298 6364
f 815 4305 7173
f 6364 7173 4305
f 7174 6260 185
f 3181 1525 6260
f 1147 3181 7174
f 6260 7174 3181
f 3123 5804 307
f 5766 1013 5804
f 1350 5766 3123
f 5804 3123 5766
f 5013 3382 281
f 3095 1207 3382
f 799 3095 5013
f 3382 5013 3095
f 7176 7175 904
f 4905 1301 7175
f 441 4905 7176
f 7175 7176 4905
f 4749 2079 1205
f 6478 1854 2079
f 452 6478 4749
f 2079 4749 6478
f 7054 6456 1345
f 7177 682 6456
f 1119 7177 7054
f 6456 7054 7177
f 7178 2254 554
f 6220 1052 2254
f 1103 6220 7178
f 2254 7178 6220
f 7180 7179 1530
f 2613 1148 7179
f 1398 2613 7180
f 7179 7180 2613
f 6450 2344 1470
f 7181 1415 2344
f 754 7181 6450
f 2344 6450 7181
f 3438 7182 1014
f 2335 643 7182
f 127 2335 3438
f 7182 3438 2335
f 7184 7183 706
f 7143 957 7183
f 618 7143 7184
f 7183 7184 7143
f 7186 7185 750
f 5427 1306 7185
f 450 5427 7186
f 7185 7186 5427
f 6786 7187 698
f 2673 628 7187
f 1110 2673 6786
f 7187 6786 2673
f 5843 7188 593
f 4909 354 7188
f 253 4909 5843
f 7188 5843 4909
f 7190 7189 644
f 6189 81 7189
f 1301 6189 7190
f 7189 7190 6189
f 7192 7191 1184
f 4936 345 7191
f 903 4936 7192
f 7191 7192 4936
f 5319 3548 491
f 6571 1367 3548
f 1133 6571 5319
f 3548 5319 6571
f 5186 7193 597
f 4381 1633 7193
f 89 4381 5186
f 7193 5186 4381
f 4257 7194 879
f 7195 978 7194
f 78 7195 4257
f 7194 4257 7195
f 4130 6474 1981
f 4857 1360 6474
f 1730 4857 4130
f 6474 4130 4857
f 5064 6934 524
f 6516 1553 6934
f 947 6516 5064
f 6934 5064 6516
f 7196 6393 1904
f 4791 1140 6393
f 1918 4791 7196
f 6393 7196 4791
f 4473 3085 1947
f 5878 305 3085
f 613 5878 4473
f 3085 4473 5878
f 7197 6238 1409
f 4260 657 6238
f 1692 4260 7197
f 6238 7197 4260
f 6242 6371 994
f 7198 11 6371
f 648 7198 6242
f 6371 6242 7198
f 7036 6651 1737
f 6443 1391 6651
f 1095 6443 7036
f 6651 7036 6443
f 7200 3091 488
f 7199 160 3091
f 1574 7199 7200
f 3091 7200 7199
f 3212 5436 1890
f 7201 356 5436
f 927 7201 3212
f 5436 3212 7201
f 5387 6648 863
f 5362 212 6648
f 1437 5362 5387
f 6648 5387 5362
f 4536 7066 1487
f 7074 2004 7066
f 184 7074 4536
f 7066 4536 7074
f 7203 7202 354
f 4863 131 7202
f 364 4863 7203
f 7202 7203 4863
f 4486 7204 306
f 7205 330 7204
f 1061 7205 4486
f 7204 4486 7205
f 6285 6986 874
f 5125 233 6986
f 1279 5125 6285
f 6986 6285 5125
f 2810 3422 1990
f 2937 884 3422
f 526 2937 2810
f 3422 2810 2937
f 5798 7028 747
f 3517 1536 7028
f 566 3517 5798
f 7028 5798 3517
f 3673 7206 30
f 5270 1434 7206
f 1791 5270 3673
f 7206 3673 5270
f 5077 2958 959
f 7207 1601 2958
f 1814 7207 5077
f 2958 5077 7207
f 5132 3025 1999
f 7208 320 3025
f 1390 7208 5132
f 3025 5132 7208
f 6594 5129 1651
f 6788 501 5129
f 20 6788 6594
f 5129 6594 6788
f 7210 2713 645
f 7209 696 2713
f 451 7209 7210
f 2713 7210 7209
f 7212 7211 1463
f 6227 1568 7211
f 1495 6227 7212
f 7211 7212 6227
f 3063 7213 215
f 7214 476 7213
f 429 7214 3063
f 7213 3063 7214
f 2610 5925 943
f 3942 400 5925
f 161 3942 2610
f 5925 2610 3942
f 4754 5107 703
f 7212 1463 5107
f 1495 7212 4754
f 5107 4754 7212
f 6795 7215 1934
f 6091 1831 7215
f 1475 6091 6795
f 7215 6795 6091
f 7217 4557 94
f 7216 462 4557
f 748 7216 7217
f 4557 7217 7216
f 6394 3900 1904
f 5824 1871 3900
f 989 5824 6394
f 3900 6394 5824
f 4344 7218 1702
f 5456 1227 7218
f 1641 5456 4344
f 7218 4344 5456
f 4085 5318 66
f 7219 1133 5318
f 354 7219 4085
f 5318 4085 7219
f 7222 7220 585
f 7221 77 7220
f 22 7221 7222
f 7220 7222 7221
f 7223 4861 1197
f 5284 749 4861
f 991 5284 7223
f 4861 7223 5284
f 3071 6437 1363
f 5956 2024 6437
f 1234 5956 3071
f 6437 3071 5956
f 5634 7224 39
f 7225 226 7224
f 688 7225 5634
f 7224 5634 7225
f 7227 7226 1835
f 7108 1216 7226
f 1801 7108 7227
f 7226 7227 7108
f 7229 7228 924
f 6538 582 7228
f 1365 6538 7229
f 7228 7229 6538
f 2399 7164 778
f 7174 185 7164
f 1147 7174 2399
f 7164 2399 7174
f 6775 6387 811
f 7230 1540 6387
f 964 7230 6775
f 6387 6775 7230
f 6564 3300 1459
f 6062 1435 3300
f 1270 6062 6564
f 3300 6564 6062
f 7232 7231 1514
f 6940 52 7231
f 724 6940 7232
f 7231 7232 6940
f 6480 7233 1296
f 6463 467 7233
f 445 6463 6480
f 7233 6480 6463
f 7234 6988 140
f 3287 1907 6988
f 589 3287 7234
f 6988 7234 3287
f 5748 6504 1919
f 2957 1747 6504
f 962 2957 5748
f 6504 5748 2957
f 6763 2852 1150
f 7206 1434 2852
f 30 7206 6763
f 2852 6763 7206
f 7236 3241 1782
f 7235 615 3241
f 1527 7235 7236
f 3241 7236 7235
f 7148 3891 195
f 5532 830 3891
f 484 5532 7148
f 3891 7148 5532
f 5272 7237 86
f 7238 1930 7237
f 1965 7238 5272
f 7237 5272 7238
f 2799 7239 1192
f 5738 1396 7239
f 1707 5738 2799
f 7239 2799 5738
f 7238 7240 1930
f 7241 114 7240
f 1965 7241 7238
f 7240 7238 7241
f 2954 7242 1472
f 7243 1719 7242
f 1195 7243 2954
f 7242 2954 7243
f 7244 5344 804
f 5288 1127 5344
f 980 5288 7244
f 5344 7244 5288
f 4577 7245 972
f 6491 136 7245
f 31 6491 4577
f 7245 4577 6491
f 7246 3314 576
f 4795 1943 3314
f 1271 4795 7246
f 3314 7246 4795
f 5320 7247 229
f 7248 632 7247
f 1316 7248 5320
f 7247 5320 7248
f 6432 6185 204
f 3452 1253 6185
f 1198 3452 6432
f 6185 6432 3452
f 7249 3943 523
f 5854 400 3943
f 1233 5854 7249
f 3943 7249 5854
f 2362 7250 857
f 7251 129 7250
f 1588 7251 2362
f 7250 2362 7251
f 3276 6839 999
f 7252 532 6839
f 23 7252 3276
f 6839 3276 7252
f 7253 7072 806
f 2433 710 7072
f 1275 2433 7253
f 7072 7253 2433
f 7255 7254 1913
f 4408 211 7254
f 888 4408 7255
f 7254 7255 4408
f 3094 7256 382
f 7257 50 7256
f 799 7257 3094
f 7256 3094 7257
f 7260 7258 447
f 7259 557 7258
f 1079 7259 7260
f 7258 7260 7259
f 5844 7261 253
f 4494 1641 7261
f 982 4494 5844
f 7261 5844 4494
f 3911 7262 663
f 5121 1463 7262
f 961 5121 3911
f 7262 3911 5121
f 2861 6481 97
f 5472 419 6481
f 336 5472 2861
f 6481 2861 5472
f 2238 2317 468
f 7263 1018 2317
f 1620 7263 2238
f 2317 2238 7263
f 3323 2218 239
f 7264 1638 2218
f 1249 7264 3323
f 2218 3323 7264
f 3330 6678 66
f 7265 577 6678
f 1423 7265 3330
f 6678 3330 7265
f 6556 2573 2002
f 6308 1669 2573
f 103 6308 6556
f 2573 6556 6308
f 7267 3944 161
f 7266 523 3944
f 1131 7266 7267
f 3944 7267 7266
f 5540 7268 1207
f 7269 1505 7268
f 436 7269 5540
f 7268 5540 7269
f 7271 5995 1997
f 7270 1551 5995
f 11 7270 7271
f 5995 7271 7270
f 7273 6551 951
f 7272 1887 6551
f 100 7272 7273
f 6551 7273 7272
f 7041 7274 1167
f 6057 348 7274
f 535 6057 7041
f 7274 7041 6057
f 6686 4533 411
f 7275 474 4533
f 366 7275 6686
f 4533 6686 7275
f 7277 7017 90
f 7276 1218 7017
f 1186 7276 7277
f 7017 7277 7276
f 7279 4500 294
f 7278 1303 4500
f 189 7278 7279
f 4500 7279 7278
f 7282 7280 986
f 7281 1216 7280
f 662 7281 7282
f 7280 7282 7281
f 7283 6711 1490
f 6528 1631 6711
f 1164 6528 7283
f 6711 7283 6528
f 3384 2968 323
f 7284 698 2968
f 273 7284 3384
f 2968 3384 7284
f 7286 5197 1135
f 7285 1908 5197
f 1786 7285 7286
f 5197 7286 7285
f 7287 6423 423
f 6153 1426 6423
f 1332 6153 7287
f 6423 7287 6153
f 5723 7288 1214
f 4739 1650 7288
f 1176 4739 5723
f 7288 5723 4739
f 7176 2522 441
f 7289 1764 2522
f 904 7289 7176
f 2522 7176 7289
f 3552 2241 907
f 7116 235 2241
f 1204 7116 3552
f 2241 3552 7116
f 6637 7290 506
f 7291 51 7290
f 905 7291 6637
f 7290 6637 7291
f 7293 5611 520
f 7292 1790 5611
f 738 7292 7293
f 5611 7293 7292
f 4132 7294 752
f 5782 560 7294
f 115 5782 4132
f 7294 4132 5782
f 2537 4639 364
f 7295 1485 4639
f 409 7295 2537
f 4639 2537 7295
f 3242 3566 302
f 3197 1625 3566
f 367 3197 3242
f 3566 3242 3197
f 7297 2894 913
f 7296 1227 2894
f 547 7296 7297
f 2894 7297 7296
f 3886 4072 941
f 7298 1711 4072
f 1425 7298 3886
f 4072 3886 7298
f 7299 3203 1892
f 7000 1566 3203
f 889 7000 7299
f 3203 7299 7000
f 7301 7300 745
f 6813 1476 7300
f 311 6813 7301
f 7300 7301 6813
f 4672 3473 358
f 3800 1963 3473
f 1284 3800 4672
f 3473 4672 3800
f 4546 6166 1967
f 2992 380 6166
f 1675 2992 4546
f 6166 4546 2992
f 7303 7302 435
f 5626 1983 7302
f 449 5626 7303
f 7302 7303 5626
f 7306 7304 408
f 7305 820 7304
f 1471 7305 7306
f 7304 7306 7305
f 7308 7307 87
f 2175 1230 7307
f 1940 2175 7308
f 7307 7308 2175
f 6469 5385 309
f 5093 1437 5385
f 1444 5093 6469
f 5385 6469 5093
f 5773 2832 1888
f 5771 603 2832
f 68 5771 5773
f 2832 5773 5771
f 2618 7309 564
f 5752 690 7309
f 1407 5752 2618
f 7309 2618 5752
f 7311 7310 169
f 6241 849 7310
f 1639 6241 7311
f 7310 7311 6241
f 7312 3917 1738
f 7311 169 3917
f 1639 7311 7312
f 3917 7312 7311
f 4552 6803 1849
f 7313 1947 6803
f 768 7313 4552
f 6803 4552 7313
f 4254 5646 1699
f 6263 1514 5646
f 785 6263 4254
f 5646 4254 6263
f 7314 2931 1494
f 4005 1535 2931
f 1092 4005 7314
f 2931 7314 4005
f 7316 4008 877
f 7315 1600 4008
f 1864 7315 7316
f 4008 7316 7315
f 2487 2530 963
f 7317 2025 2530
f 270 7317 2487
f 2530 2487 7317
f 4511 6464 390
f 3128 467 6464
f 244 3128 4511
f 6464 4511 3128
f 4162 4733 1028
f 7318 1956 4733
f 1457 7318 4162
f 4733 4162 7318
f 7320 7102 1132
f 7319 1055 7102
f 2019 7319 7320
f 7102 7320 7319
f 3850 7321 39
f 7322 1462 7321
f 2040 7322 3850
f 7321 3850 7322
f 4201 5750 946
f 7323 1891 5750
f 1339 7323 4201
f 5750 4201 7323
f 4353 5142 795
f 4057 49 5142
f 373 4057 4353
f 5142 4353 4057
f 3687 2310 1079
f 2154 1441 2310
f 562 2154 3687
f 2310 3687 2154
f 6110 3536 901
f 7324 35 3536
f 709 7324 6110
f 3536 6110 7324
f 5685 5636 1840
f 6752 1032 5636
f 780 6752 5685
f 5636 5685 6752
f 7097 7325 1976
f 7326 679 7325
f 688 7326 7097
f 7325 7097 7326
f 7327 5326 1917
f 5390 1541 5326
f 1361 5390 7327
f 5326 7327 5390
f 3410 6258 1187
f 6997 1562 6258
f 616 6997 3410
f 6258 3410 6997
f 4895 7328 1019
f 7251 1588 7328
f 129 7251 4895
f 7328 4895 7251
f 7329 3543 113
f 3468 594 3543
f 1722 3468 7329
f 3543 7329 3468
f 2823 3411 652
f 4220 527 3411
f 741 4220 2823
f 3411 2823 4220
f 3588 7330 667
f 7331 1808 7330
f 1069 7331 3588
f 7330 3588 7331
f 7332 5140 406
f 5283 511 5140
f 1731 5283 7332
f 5140 7332 5283
f 4357 4934 1066
f 7333 508 4934
f 4 7333 4357
f 4934 4357 7333
f 3772 4422 843
f 7334 1778 4422
f 1779 7334 3772
f 4422 3772 7334
f 4198 7335 1834
f 3685 494 7335
f 178 3685 4198
f 7335 4198 3685
f 7337 7336 602
f 3611 46 7336
f 1005 3611 7337
f 7336 7337 3611
f 7340 7338 1529
f 7339 1276 7338
f 1356 7339 7340
f 7338 7340 7339
f 3763 7153 120
f 3798 1604 7153
f 1963 3798 3763
f 7153 3763 3798
f 3194 7243 1195
f 7341 1719 7243
f 1515 7341 3194
f 7243 3194 7341
f 6347 5347 1259
f 6836 145 5347
f 350 6836 6347
f 5347 6347 6836
f 2675 5445 1504
f 6603 1262 5445
f 1110 6603 2675
f 5445 2675 6603
f 6722 7342 1420
f 2891 1060 7342
f 242 2891 6722
f 7342 6722 2891
f 4941 7343 610
f 6897 245 7343
f 816 6897 4941
f 7343 4941 6897
f 7344 3308 1841
f 4033 2000 3308
f 128 4033 7344
f 3308 7344 4033
f 2174 4998 1280
f 6674 654 4998
f 1940 6674 2174
f 4998 2174 6674
f 7346 2802 180
f 7345 238 2802
f 481 7345 7346
f 2802 7346 7345
f 7349 7347 1808
f 7348 1783 7347
f 1864 7348 7349
f 7347 7349 7348
f 4925 7350 285
f 7351 540 7350
f 569 7351 4925
f 7350 4925 7351
f 7352 5189 474
f 2455 357 5189
f 144 2455 7352
f 5189 7352 2455
f 4572 6992 1499
f 7353 966 6992
f 1231 7353 4572
f 6992 4572 7353
f 7355 7354 1451
f 7007 558 7354
f 56 7007 7355
f 7354 7355 7007
f 2635 6549 8
f 6677 2020 6549
f 198 6677 2635
f 6549 2635 6677
f 4884 7356 480
f 7357 3 7356
f 1517 7357 4884
f 7356 4884 7357
f 7307 4289 87
f 6512 911 4289
f 1230 6512 7307
f 4289 7307 6512
f 7358 3811 32
f 2135 728 3811
f 677 2135 7358
f 3811 7358 2135
f 5029 7359 118
f 3439 1951 7359
f 614 3439 5029
f 7359 5029 3439
f 3233 7360 458
f 7361 326 7360
f 271 7361 3233
f 7360 3233 7361
f 5671 2883 1365
f 4634 1082 2883
f 1037 4634 5671
f 2883 5671 4634
f 3182 6645 1525
f 6400 1289 6645
f 757 6400 3182
f 6645 3182 6400
f 5866 6499 600
f 3104 1168 6499
f 1344 3104 5866
f 6499 5866 3104
f 3874 4786 2013
f 3632 1543 4786
f 268 3632 3874
f 4786 3874 3632
f 6148 7051 431
f 2105 432 7051
f 369 2105 6148
f 7051 6148 2105
f 7018 5813 549
f 6968 1005 5813
f 1151 6968 7018
f 5813 7018 6968
f 7363 7091 732
f 7362 1656 7091
f 958 7362 7363
f 7091 7363 7362
f 7364 3570 1508
f 6911 448 3570
f 1663 6911 7364
f 3570 7364 6911
f 7367 7365 1414
f 7366 1500 7365
f 1624 7366 7367
f 7365 7367 7366
f 7368 2545 1956
f 2107 369 2545
f 655 2107 7368
f 2545 7368 2107
f 5496 4140 268
f 7369 572 4140
f 1334 7369 5496
f 4140 5496 7369
f 7371 5460 567
f 7370 1325 5460
f 587 7370 7371
f 5460 7371 7370
f 4385 7343 245
f 6867 610 7343
f 53 6867 4385
f 7343 4385 6867
f 5803 4399 1712
f 4764 2032 4399
f 1013 4764 5803
f 4399 5803 4764
f 6861 7038 1274
f 7372 742 7038
f 1693 7372 6861
f 7038 6861 7372
f 6601 7373 14
f 3170 1417 7373
f 612 3170 6601
f 7373 6601 3170
f 7152 7138 134
f 7374 99 7138
f 1604 7374 7152
f 7138 7152 7374
f 7026 4729 747
f 7375 1528 4729
f 544 7375 7026
f 4729 7026 7375
f 7378 7376 1921
f 7377 668 7376
f 1383 7377 7378
f 7376 7378 7377
f 7094 3021 660
f 6614 210 3021
f 1368 6614 7094
f 3021 7094 6614
f 5610 7379 438
f 3906 187 7379
f 1790 3906 5610
f 7379 5610 3906
f 6058 7106 348
f 7280 1216 7106
f 986 7280 6058
f 7106 6058 7280
f 6777 4503 1357
f 7380 1398 4503
f 424 7380 6777
f 4503 6777 7380
f 7382 7381 146
f 6578 700 7381
f 1472 6578 7382
f 7381 7382 6578
f 5811 4954 1799
f 7383 1753 4954
f 915 7383 5811
f 4954 5811 7383
f 7385 7384 972
f 2757 1089 7384
f 2018 2757 7385
f 7384 7385 2757
f 7386 4295 726
f 2414 1986 4295
f 579 2414 7386
f 4295 7386 2414
f 5761 6218 1672
f 4563 1894 6218
f 83 4563 5761
f 6218 5761 4563
f 7389 7387 531
f 7388 770 7387
f 1455 7388 7389
f 7387 7389 7388
f 2840 6303 1074
f 7390 1706 6303
f 1080 7390 2840
f 6303 2840 7390
f 7393 7391 1605
f 7392 1994 7391
f 1088 7392 7393
f 7391 7393 7392
f 6620 3677 402
f 7394 1732 3677
f 1945 7394 6620
f 3677 6620 7394
f 6198 5635 997
f 7326 688 5635
f 679 7326 6198
f 5635 6198 7326
f 6931 5826 802
f 7395 1389 5826
f 284 7395 6931
f 5826 6931 7395
f 7396 3165 1725
f 6857 1106 3165
f 1901 6857 7396
f 3165 7396 6857
f 2686 7397 1238
f 3825 1483 7397
f 1142 3825 2686
f 7397 2686 3825
f 7399 5606 1099
f 7398 2001 5606
f 1968 7398 7399
f 5606 7399 7398
f 7400 6778 1905
f 4390 424 6778
f 764 4390 7400
f 6778 7400 4390
f 2536 4910 370
f 7203 354 4910
f 364 7203 2536
f 4910 2536 7203
f 7401 7003 872
f 4627 841 7003
f 1048 4627 7401
f 7003 7401 4627
f 2407 7359 1951
f 7402 118 7359
f 1044 7402 2407
f 7359 2407 7402
f 7057 7403 1554
f 7404 308 7403
f 580 7404 7057
f 7403 7057 7404
f 4011 2160 1715
f 3841 1897 2160
f 891 3841 4011
f 2160 4011 3841
f 7286 7405 1786
f 3455 1835 7405
f 1135 3455 7286
f 7405 7286 3455
f 5735 4818 1196
f 7265 1423 4818
f 577 7265 5735
f 4818 5735 7265
f 4931 7406 413
f 4316 662 7406
f 465 4316 4931
f 7406 4931 4316
f 5768 4445 1152
f 5285 1143 4445
f 992 5285 5768
f 4445 5768 5285
f 6266 7407 979
f 5643 1377 7407
f 666 5643 6266
f 7407 6266 5643
f 3358 7408 171
f 7409 699 7408
f 199 7409 3358
f 7408 3358 7409
f 7410 6558 1552
f 7250 129 6558
f 857 7250 7410
f 6558 7410 7250
f 7413 7411 1795
f 7412 1058 7411
f 1579 7412 7413
f 7411 7413 7412
f 2186 3401 1670
f 6067 986 3401
f 1124 6067 2186
f 3401 2186 6067
f 7414 5712 410
f 6522 498 5712
f 1244 6522 7414
f 5712 7414 6522
f 4433 7415 861
f 3187 2028 7415
f 425 3187 4433
f 7415 4433 3187
f 5653 4454 955
f 4744 967 4454
f 1813 4744 5653
f 4454 5653 4744
f 7417 7104 938
f 7416 399 7104
f 1029 7416 7417
f 7104 7417 7416
f 7278 6898 1303
f 4384 245 6898
f 189 4384 7278
f 6898 7278 4384
f 4443 7227 1835
f 4420 1801 7227
f 1806 4420 4443
f 7227 4443 4420
f 6567 3594 741
f 2534 1992 3594
f 990 2534 6567
f 3594 6567 2534
f 6115 7418 473
f 5033 829 7418
f 435 5033 6115
f 7418 6115 5033
f 7420 7419 1451
f 4055 1559 7419
f 1052 4055 7420
f 7419 7420 4055
f 7134 7421 2006
f 4193 858 7421
f 1828 4193 7134
f 7421 7134 4193
f 7092 7210 645
f 3146 451 7210
f 1506 3146 7092
f 7210 7092 3146
f 6496 5308 513
f 5726 258 5308
f 1516 5726 6496
f 5308 6496 5726
f 7423 3968 86
f 7422 1002 3968
f 415 7422 7423
f 3968 7423 7422
f 5871 6367 1645
f 3320 175 6367
f 1630 3320 5871
f 6367 5871 3320
f 7425 4485 306
f 7424 928 4485
f 288 7424 7425
f 4485 7425 7424
f 7226 7405 1835
f 7426 1786 7405
f 1216 7426 7226
f 7405 7226 7426
f 3004 7427 88
f 3787 651 7427
f 1393 3787 3004
f 7427 3004 3787
f 7428 3144 940
f 5933 1640 3144
f 1928 5933 7428
f 3144 7428 5933
f 7429 6247 1795
f 4803 647 6247
f 1222 4803 7429
f 6247 7429 4803
f 4575 7430 102
f 3453 1444 7430
f 1253 3453 4575
f 7430 4575 3453
f 4950 7190 644
f 7175 1301 7190
f 904 7175 4950
f 7190 4950 7175
f 7432 3556 965
f 7431 668 3556
f 1313 7431 7432
f 3556 7432 7431
f 7434 4077 1765
f 7433 2021 4077
f 814 7433 7434
f 4077 7434 7433
f 7435 2087 352
f 7332 406 2087
f 1731 7332 7435
f 2087 7435 7332
f 6859 7436 732
f 5297 434 7436
f 1809 5297 6859
f 7436 6859 5297
f 7438 7437 1440
f 2488 225 7437
f 270 2488 7438
f 7437 7438 2488
f 4474 3342 613
f 3502 119 3342
f 248 3502 4474
f 3342 4474 3502
f 2096 6168 1188
f 7418 829 6168
f 473 7418 2096
f 6168 2096 7418
f 7440 7400 1905
f 7439 764 7400
f 1176 7439 7440
f 7400 7440 7439
f 7441 3591 882
f 4529 798 3591
f 1638 4529 7441
f 3591 7441 4529
f 5025 3337 1014
f 7442 1106 3337
f 114 7442 5025
f 3337 5025 7442
f 2368 7443 117
f 7444 208 7443
f 1863 7444 2368
f 7443 2368 7444
f 5805 6470 1537
f 7430 1444 6470
f 102 7430 5805
f 6470 5805 7430
f 5414 3298 1793
f 7445 1804 3298
f 626 7445 5414
f 3298 5414 7445
f 7447 4475 1239
f 7446 504 4475
f 1496 7446 7447
f 4475 7447 7446
f 7220 7448 585
f 6422 1426 7448
f 77 6422 7220
f 7448 7220 6422
f 5721 6521 1244
f 7449 573 6521
f 870 7449 5721
f 6521 5721 7449
f 5514 7450 1691
f 7451 460 7450
f 1026 7451 5514
f 7450 5514 7451
f 7453 4571 1499
f 7452 2008 4571
f 1544 7452 7453
f 4571 7453 7452
f 5938 7454 575
f 7455 1796 7454
f 786 7455 5938
f 7454 5938 7455
f 2149 7456 1294
f 7457 489 7456
f 28 7457 2149
f 7456 2149 7457
f 7459 3731 1009
f 7458 1549 3731
f 154 7458 7459
f 3731 7459 7458
f 6928 7460 585
f 7014 254 7460
f 1509 7014 6928
f 7460 6928 7014
f 4484 6800 1061
f 7461 1217 6800
f 928 7461 4484
f 6800 4484 7461
f 7463 7462 1438
f 6094 1705 7462
f 620 6094 7463
f 7462 7463 6094
f 2501 3112 611
f 5012 455 3112
f 1154 5012 2501
f 3112 2501 5012
f 2286 5717 206
f 4199 895 5717
f 178 4199 2286
f 5717 2286 4199
f 7466 7464 346
f 7465 1416 7464
f 365 7465 7466
f 7464 7466 7465
f 6868 7467 1189
f 3036 926 7467
f 1364 3036 6868
f 7467 6868 3036
f 6207 3572 448
f 6468 1201 3572
f 1671 6468 6207
f 3572 6207 6468
f 7469 6790 1367
f 7468 478 6790
f 1657 7468 7469
f 6790 7469 7468
f 2416 6086 1138
f 3624 1281 6086
f 101 3624 2416
f 6086 2416 3624
f 4586 7470 481
f 7471 1058 7470
f 396 7471 4586
f 7470 4586 7471
f 6005 2549 505
f 4197 1834 2549
f 895 4197 6005
f 2549 6005 4197
f 2198 7472 45
f 2907 1120 7472
f 1147 2907 2198
f 7472 2198 2907
f 7474 3427 880
f 7473 1341 3427
f 1288 7473 7474
f 3427 7474 7473
f 7476 7475 1305
f 2234 853 7475
f 1349 2234 7476
f 7475 7476 2234
f 7299 7477 889
f 7478 188 7477
f 1892 7478 7299
f 7477 7299 7478
f 7480 3406 840
f 7479 1446 3406
f 1033 7479 7480
f 3406 7480 7479
f 2470 5369 896
f 6958 297 5369
f 606 6958 2470
f 5369 2470 6958
f 5903 7273 951
f 7481 100 7273
f 257 7481 5903
f 7273 5903 7481
f 7122 6924 1380
f 7482 1287 6924
f 1359 7482 7122
f 6924 7122 7482
f 7484 4813 223
f 7483 177 4813
f 1937 7483 7484
f 4813 7484 7483
f 7083 2695 1489
f 4615 1352 2695
f 687 4615 7083
f 2695 7083 4615
f 7192 6180 903
f 5329 63 6180
f 1184 5329 7192
f 6180 7192 5329
f 2085 6329 288
f 3082 539 6329
f 1689 3082 2085
f 6329 2085 3082
f 6888 2211 181
f 6492 573 2211
f 2022 6492 6888
f 2211 6888 6492
f 7486 7485 1025
f 6255 1592 7485
f 1397 6255 7486
f 7485 7486 6255
f 7488 3750 1518
f 7487 608 3750
f 1727 7487 7488
f 3750 7488 7487
f 5592 6706 1252
f 6485 890 6706
f 1787 6485 5592
f 6706 5592 6485
f 6093 6835 113
f 2442 1510 6835
f 1121 2442 6093
f 6835 6093 2442
f 4624 7489 1775
f 7490 1762 7489
f 240 7490 4624
f 7489 4624 7490
f 6092 3247 1859
f 7491 21 3247
f 1475 7491 6092
f 3247 6092 7491
f 2743 7492 393
f 7493 1845 7492
f 1101 7493 2743
f 7492 2743 7493
f 4569 7183 957
f 6047 706 7183
f 571 6047 4569
f 7183 4569 6047
f 4820 7494 521
f 3322 1630 7494
f 1115 3322 4820
f 7494 4820 3322
f 6226 7495 239
f 4752 805 7495
f 1495 4752 6226
f 7495 6226 4752
f 6269 6622 1995
f 3285 1307 6622
f 25 3285 6269
f 6622 6269 3285
f 7498 7496 1818
f 7497 1355 7496
f 1231 7497 7498
f 7496 7498 7497
f 6910 6350 960
f 7499 1827 6350
f 1857 7499 6910
f 6350 6910 7499
f 4354 7113 48
f 3797 1376 7113
f 851 3797 4354
f 7113 4354 3797
f 3208 6389 2003
f 7500 232 6389
f 347 7500 3208
f 6389 3208 7500
f 2967 7477 188
f 7501 889 7477
f 698 7501 2967
f 7477 2967 7501
f 7502 7476 1305
f 6771 1349 7476
f 584 6771 7502
f 7476 7502 6771
f 7504 7133 1255
f 7503 934 7133
f 1051 7503 7504
f 7133 7504 7503
f 7505 5994 1551
f 3930 1830 5994
f 22 3930 7505
f 5994 7505 3930
f 7508 7506 1884
f 7507 1784 7506
f 1503 7507 7508
f 7506 7508 7507
f 3498 6439 867
f 4308 578 6439
f 1875 4308 3498
f 6439 3498 4308
f 6751 6907 1565
f 7509 1056 6907
f 1993 7509 6751
f 6907 6751 7509
f 5655 5399 520
f 7510 971 5399
f 708 7510 5655
f 5399 5655 7510
f 6693 7511 1215
f 6657 125 7511
f 1399 6657 6693
f 7511 6693 6657
f 7512 5240 684
f 3669 1926 5240
f 1003 3669 7512
f 5240 7512 3669
f 7514 5535 264
f 7513 301 5535
f 272 7513 7514
f 5535 7514 7513
f 5290 6196 1093
f 6124 1269 6196
f 980 6124 5290
f 6196 5290 6124
f 7516 7515 454
f 3467 1722 7515
f 1758 3467 7516
f 7515 7516 3467
f 7519 7517 1295
f 7518 1087 7517
f 76 7518 7519
f 7517 7519 7518
f 7447 7520 1496
f 7521 203 7520
f 1239 7521 7447
f 7520 7447 7521
f 7523 7522 522
f 5865 600 7522
f 727 5865 7523
f 7522 7523 5865
f 7510 7524 971
f 3590 798 7524
f 708 3590 7510
f 7524 7510 3590
f 7525 6619 1273
f 2167 567 6619
f 1105 2167 7525
f 6619 7525 2167
f 3081 6996 616
f 7526 545 6996
f 1689 7526 3081
f 6996 3081 7526
f 4194 3041 138
f 7312 1738 3041
f 1639 7312 4194
f 3041 4194 7312
f 7528 7527 1298
f 5578 866 7527
f 1545 5578 7528
f 7527 7528 5578
f 7024 7529 791
f 2706 292 7529
f 1395 2706 7024
f 7529 7024 2706
f 7369 7530 572
f 4885 1788 7530
f 1334 4885 7369
f 7530 7369 4885
f 4568 7531 1364
f 7532 1433 7531
f 957 7532 4568
f 7531 4568 7532
f 3971 7387 770
f 4836 531 7387
f 38 4836 3971
f 7387 3971 4836
f 6636 7323 1339
f 4152 1891 7323
f 1873 4152 6636
f 7323 6636 4152
f 7534 4609 153
f 7533 416 4609
f 702 7533 7534
f 4609 7534 7533
f 4605 5313 1718
f 3023 987 5313
f 26 3023 4605
f 5313 4605 3023
f 2356 5921 472
f 7489 1762 5921
f 1775 7489 2356
f 5921 2356 7489
f 7021 6703 433
f 3578 1685 6703
f 314 3578 7021
f 6703 7021 3578
f 4977 6807 1388
f 5034 395 6807
f 1212 5034 4977
f 6807 4977 5034
f 7535 2098 1188
f 6852 714 2098
f 1623 6852 7535
f 2098 7535 6852
f 7537 7439 1176
f 7536 764 7439
f 773 7536 7537
f 7439 7537 7536
f 7538 5489 147
f 4964 1317 5489
f 622 4964 7538
f 5489 7538 4964
f 7539 6523 556
f 4743 497 6523
f 1838 4743 7539
f 6523 7539 4743
f 7540 7395 284
f 6117 1389 7395
f 1584 6117 7540
f 7395 7540 6117
f 2477 6914 266
f 3826 1589 6914
f 1483 3826 2477
f 6914 2477 3826
f 4224 7541 338
f 3571 1201 7541
f 1508 3571 4224
f 7541 4224 3571
f 7044 7542 1729
f 7344 1841 7542
f 128 7344 7044
f 7542 7044 7344
f 7380 4633 1398
f 7543 1502 4633
f 424 7543 7380
f 4633 7380 7543
f 7545 3336 996
f 7544 1064 3336
f 1812 7544 7545
f 3336 7545 7544
f 7547 5631 282
f 7546 1170 5631
f 1571 7546 7547
f 5631 7547 7546
f 5278 6820 359
f 7524 798 6820
f 971 7524 5278
f 6820 5278 7524
f 4760 5241 479
f 6938 684 5241
f 384 6938 4760
f 5241 4760 6938
f 7549 7548 1223
f 3067 1657 7548
f 586 3067 7549
f 7548 7549 3067
f 2253 7550 1046
f 6354 1581 7550
f 178 6354 2253
f 7550 2253 6354
f 3003 7551 1787
f 6951 446 7551
f 88 6951 3003
f 7551 3003 6951
f 7553 7552 796
f 6909 1340 7552
f 604 6909 7553
f 7552 7553 6909
f 6024 7554 746
f 6161 854 7554
f 1754 6161 6024
f 7554 6024 6161
f 4789 7555 1140
f 7556 1327 7555
f 1934 7556 4789
f 7555 4789 7556
f 2496 7557 1609
f 7558 1857 7557
f 816 7558 2496
f 7557 2496 7558
f 7334 7559 1778
f 4621 203 7559
f 1779 4621 7334
f 7559 7334 4621
f 7440 4741 1176
f 6346 1723 4741
f 1905 6346 7440
f 4741 7440 6346
f 6324 6160 543
f 5231 854 6160
f 1936 5231 6324
f 6160 6324 5231
f 7560 2181 389
f 7276 1186 2181
f 1218 7276 7560
f 2181 7560 7276
f 7562 7561 1505
f 7076 673 7561
f 1988 7076 7562
f 7561 7562 7076
f 3064 5184 507
f 7392 1088 5184
f 1994 7392 3064
f 5184 3064 7392
f 3650 5583 2038
f 5269 1791 5583
f 1660 5269 3650
f 5583 3650 5269
f 7444 3496 208
f 7563 977 3496
f 1863 7563 7444
f 3496 7444 7563
f 4671 2648 1957
f 5508 1665 2648
f 358 5508 4671
f 2648 4671 5508
f 7566 7564 471
f 7565 1942 7564
f 99 7565 7566
f 7564 7566 7565
f 7567 3872 504
f 6725 1938 3872
f 1658 6725 7567
f 3872 7567 6725
f 5706 7551 446
f 7568 1787 7551
f 233 7568 5706
f 7551 5706 7568
f 7569 5853 1233
f 3976 827 5853
f 704 3976 7569
f 5853 7569 3976
f 4336 3668 1003
f 4915 1648 3668
f 251 4915 4336
f 3668 4336 4915
f 6855 7255 1913
f 4407 888 7255
f 259 4407 6855
f 7255 6855 4407
f 7570 5101 1199
f 7458 154 5101
f 1549 7458 7570
f 5101 7570 7458
f 3020 3221 1538
f 3921 897 3221
f 210 3921 3020
f 3221 3020 3921
f 7571 7271 1997
f 6372 11 7271
f 6 6372 7571
f 7271 7571 6372
f 5566 4691 70
f 5073 874 4691
f 191 5073 5566
f 4691 5566 5073
f 7279 7572 189
f 2629 272 7572
f 294 2629 7279
f 7572 7279 2629
f 4807 3038 1042
f 2720 988 3038
f 1814 2720 4807
f 3038 4807 2720
f 7573 5613 1395
f 5993 847 5613
f 1430 5993 7573
f 5613 7573 5993
f 7574 7064 1533
f 7040 1167 7064
f 1635 7040 7574
f 7064 7574 7040
f 7515 5889 454
f 7575 242 5889
f 1722 7575 7515
f 5889 7515 7575
f 7577 7576 410
f 6336 130 7576
f 1173 6336 7577
f 7576 7577 6336
f 7578 4981 1442
f 7128 375 4981
f 623 7128 7578
f 4981 7578 7128
f 7580 7579 1748
f 2792 1422 7579
f 1983 2792 7580
f 7579 7580 2792
f 6929 7283 1490
f 2484 1164 7283
f 85 2484 6929
f 7283 6929 2484
f 7195 4149 978
f 2240 235 4149
f 78 2240 7195
f 4149 7195 2240
f 2406 4667 737
f 7581 280 4667
f 1682 7581 2406
f 4667 2406 7581
f 6099 4673 536
f 4513 2005 4673
f 277 4513 6099
f 4673 6099 4513
f 5213 7582 835
f 4543 1996 7582
f 797 4543 5213
f 7582 5213 4543
f 7585 7583 1331
f 7584 376 7583
f 163 7584 7585
f 7583 7585 7584
f 7587 4580 1797
f 7586 332 4580
f 1635 7586 7587
f 4580 7587 7586
f 4314 7281 662
f 7426 1216 7281
f 1786 7426 4314
f 7281 4314 7426
f 6030 7588 1371
f 6787 20 7588
f 612 6787 6030
f 7588 6030 6787
f 4740 4899 1650
f 7589 1218 4899
f 1723 7589 4740
f 4899 4740 7589
f 7590 5207 1880
f 7541 1201 5207
f 338 7541 7590
f 5207 7590 7541
f 2465 3418 659
f 5916 803 3418
f 442 5916 2465
f 3418 2465 5916
f 7591 7582 1996
f 2656 835 7582
f 1010 2656 7591
f 7582 7591 2656
f 7592 3689 784
f 7495 805 3689
f 239 7495 7592
f 3689 7592 7495
f 7593 4150 712
f 6127 978 4150
f 1473 6127 7593
f 4150 7593 6127
f 4976 7594 1221
f 3928 1642 7594
f 1830 3928 4976
f 7594 4976 3928
f 7596 7595 140
f 2787 499 7595
f 2016 2787 7596
f 7595 7596 2787
f 6544 7597 273
f 6195 930 7597
f 998 6195 6544
f 7597 6544 6195
f 7222 4015 22
f 7460 254 4015
f 585 7460 7222
f 4015 7222 7460
f 7598 6471 309
f 6421 1537 6471
f 192 6421 7598
f 6471 7598 6421
f 7599 2304 833
f 2552 729 2304
f 1919 2552 7599
f 2304 7599 2552
f 5020 5511 1429
f 7451 1026 5511
f 460 7451 5020
f 5511 5020 7451
f 6683 5375 1203
f 7600 537 5375
f 1911 7600 6683
f 5375 6683 7600
f 7601 6609 2035
f 7584 163 6609
f 376 7584 7601
f 6609 7601 7584
f 7602 2742 393
f 3905 1790 2742
f 862 3905 7602
f 2742 7602 3905
f 6542 7603 1295
f 2473 1272 7603
f 1001 2473 6542
f 7603 6542 2473
f 7574 7586 1635
f 7011 332 7586
f 1533 7011 7574
f 7586 7574 7011
f 7037 7604 918
f 4466 845 7604
f 1092 4466 7037
f 7604 7037 4466
f 6565 7605 1619
f 7606 1585 7605
f 1471 7606 6565
f 7605 6565 7606
f 7607 4970 992
f 6709 1865 4970
f 1459 6709 7607
f 4970 7607 6709
f 5664 7608 255
f 7609 1569 7608
f 199 7609 5664
f 7608 5664 7609
f 6231 6822 80
f 5379 1858 6822
f 175 5379 6231
f 6822 6231 5379
f 7291 7610 51
f 6598 1261 7610
f 905 6598 7291
f 7610 7291 6598
f 7150 7611 2033
f 6304 1691 7611
f 1607 6304 7150
f 7611 7150 6304
f 5037 4430 1769
f 5483 1166 4430
f 546 5483 5037
f 4430 5037 5483
f 5277 4376 1860
f 5650 174 4376
f 29 5650 5277
f 4376 5277 5650
f 7391 4025 1605
f 7612 279 4025
f 1994 7612 7391
f 4025 7391 7612
f 7613 3027 468
f 6885 433 3027
f 1454 6885 7613
f 3027 7613 6885
f 4558 5433 94
f 6724 1420 5433
f 1245 6724 4558
f 5433 4558 6724
f 7615 7614 1062
f 6669 622 7614
f 1105 6669 7615
f 7614 7615 6669
f 4356 6562 1406
f 7114 63 6562
f 48 7114 4356
f 6562 4356 7114
f 7616 6429 217
f 2106 655 6429
f 432 2106 7616
f 6429 7616 2106
f 7617 6119 1599
f 6314 322 6119
f 887 6314 7617
f 6119 7617 6314
f 6972 7618 1582
f 7619 1098 7618
f 176 7619 6972
f 7618 6972 7619
f 4689 2152 70
f 3593 1547 2152
f 226 3593 4689
f 2152 4689 3593
f 7621 5421 1703
f 7620 1015 5421
f 752 7620 7621
f 5421 7621 7620
f 7622 2164 1280
f 3881 1478 2164
f 499 3881 7622
f 2164 7622 3881
f 7623 4834 220
f 7389 531 4834
f 1455 7389 7623
f 4834 7623 7389
f 6883 7624 1666
f 3983 1160 7624
f 517 3983 6883
f 7624 6883 3983
f 7627 7625 1272
f 7626 328 7625
f 1852 7626 7627
f 7625 7627 7626
f 7628 7070 171
f 3199 367 7070
f 198 3199 7628
f 7070 7628 3199
f 5163 7246 576
f 7629 1271 7246
f 1140 7629 5163
f 7246 5163 7629
f 7290 7630 506
f 2359 1320 7630
f 51 2359 7290
f 7630 7290 2359
f 5406 7631 763
f 7075 1988 7631
f 267 7075 5406
f 7631 5406 7075
f 6873 7120 774
f 7632 851 7120
f 1004 7632 6873
f 7120 6873 7632
f 7634 4172 639
f 7633 1615 4172
f 745 7633 7634
f 4172 7634 7633
f 7181 4403 1415
f 4166 158 4403
f 754 4166 7181
f 4403 7181 4166
f 6671 7635 91
f 7182 643 7635
f 1014 7182 6671
f 7635 6671 7182
f 7636 6995 1800
f 6782 664 6995
f 1569 6782 7636
f 6995 7636 6782
f 6827 5509 1491
f 7637 1429 5509
f 62 7637 6827
f 5509 6827 7637
f 7639 6735 1681
f 7638 665 6735
f 1392 7638 7639
f 6735 7639 7638
f 4595 7640 1709
f 3640 394 7640
f 1491 3640 4595
f 7640 4595 3640
f 4114 5305 685
f 7508 1884 5305
f 1503 7508 4114
f 5305 4114 7508
f 7641 2361 51
f 4327 704 2361
f 1946 4327 7641
f 2361 7641 4327
f 7267 7642 1131
f 6417 1049 7642
f 161 6417 7267
f 7642 7267 6417
f 7643 7569 1233
f 2360 704 7569
f 1320 2360 7643
f 7569 7643 2360
f 7646 7644 271
f 7645 1035 7644
f 1668 7645 7646
f 7644 7646 7645
f 5171 5154 926
f 4489 483 5154
f 844 4489 5171
f 5154 5171 4489
f 7648 6018 403
f 7647 1636 6018
f 1520 7647 7648
f 6018 7648 7647
f 7649 7360 326
f 2983 458 7360
f 2033 2983 7649
f 7360 7649 2983
f 6368 7554 854
f 6871 746 7554
f 15 6871 6368
f 7554 6368 6871
f 7568 6486 1787
f 5126 2027 6486
f 233 5126 7568
f 6486 7568 5126
f 4358 7500 347
f 7650 232 7500
f 1066 7650 4358
f 7500 4358 7650
f 7652 6953 88
f 7651 427 6953
f 207 7651 7652
f 6953 7652 7651
f 7653 4956 1569
f 4181 1941 4956
f 262 4181 7653
f 4956 7653 4181
f 7594 5146 1221
f 7654 92 5146
f 1642 7654 7594
f 5146 7594 7654
f 3035 5515 283
f 7531 1433 5515
f 1364 7531 3035
f 5515 3035 7531
f 6489 2797 1511
f 2043 1707 2797
f 1488 2043 6489
f 2797 6489 2043
f 2996 3225 1128
f 6413 1304 3225
f 234 6413 2996
f 3225 2996 6413
f 4135 4617 1974
f 4644 151 4617
f 404 4644 4135
f 4617 4135 4644
f 2893 2319 1018
f 5988 252 2319
f 1227 5988 2893
f 2319 2893 5988
f 3275 6597 1575
f 3827 1142 6597
f 1589 3827 3275
f 6597 3275 3827
f 6604 3349 230
f 6272 1647 3349
f 1783 6272 6604
f 3349 6604 6272
f 5918 6630 701
f 3440 470 6630
f 1951 3440 5918
f 6630 5918 3440
f 4386 7655 876
f 6484 487 7655
f 2038 6484 4386
f 7655 4386 6484
f 6192 2099 1649
f 7156 27 2099
f 218 7156 6192
f 2099 6192 7156
f 6704 7507 1503
f 4864 1784 7507
f 1685 4864 6704
f 7507 6704 4864
f 6175 7161 1611
f 7656 1090 7161
f 1578 7656 6175
f 7161 6175 7656
f 7658 7657 1101
f 4156 1170 7657
f 738 4156 7658
f 7657 7658 4156
f 4776 7659 1742
f 7371 567 7659
f 587 7371 4776
f 7659 4776 7371
f 7549 5336 586
f 3478 165 5336
f 1223 3478 7549
f 5336 7549 3478
f 3818 6410 1246
f 4926 596 6410
f 1431 4926 3818
f 6410 3818 4926
f 7660 7559 203
f 6049 1778 7559
f 1533 6049 7660
f 7559 7660 6049
f 4705 4352 795
f 7310 849 4352
f 169 7310 4705
f 4352 4705 7310
f 7662 7661 648
f 6016 545 7661
f 403 6016 7662
f 7661 7662 6016
f 7293 2325 738
f 6490 1511 2325
f 520 6490 7293
f 2325 7293 6490
f 3649 7319 2019
f 5893 1055 7319
f 890 5893 3649
f 7319 3649 5893
f 7663 7162 1614
f 2376 1611 7162
f 237 2376 7663
f 7162 7663 2376
f 7666 7664 1668
f 7665 1973 7664
f 426 7665 7666
f 7664 7666 7665
f 7470 7667 481
f 7412 1579 7667
f 1058 7412 7470
f 7667 7470 7412
f 7669 5821 918
f 7668 1536 5821
f 1425 7668 7669
f 5821 7669 7668
f 3810 5922 182
f 7670 1902 5922
f 728 7670 3810
f 5922 3810 7670
f 7597 7284 273
f 6785 698 7284
f 930 6785 7597
f 7284 7597 6785
f 4347 7236 1782
f 3964 1527 7236
f 1220 3964 4347
f 7236 4347 3964
f 6783 7671 1682
f 4090 1914 7671
f 1848 4090 6783
f 7671 6783 4090
f 7673 7672 1214
f 3277 1665 7672
f 23 3277 7673
f 7672 7673 3277
f 6234 7674 512
f 2888 391 7674
f 563 2888 6234
f 7674 6234 2888
f 6819 6128 359
f 7119 1394 6128
f 1985 7119 6819
f 6128 6819 7119
f 7675 4038 775
f 5070 1560 4038
f 1489 5070 7675
f 4038 7675 5070
f 7677 7676 1950
f 2826 1697 7676
f 1831 2826 7677
f 7676 7677 2826
f 7096 7678 1810
f 3142 1376 7678
f 940 3142 7096
f 7678 7096 3142
f 4373 6118 244
f 7081 1599 6118
f 936 7081 4373
f 6118 4373 7081
f 7046 7543 424
f 4632 1502 7543
f 1285 4632 7046
f 7543 7046 4632
f 7679 2698 819
f 7484 223 2698
f 1937 7484 7679
f 2698 7679 7484
f 7681 7680 1025
f 2611 1285 7680
f 1148 2611 7681
f 7680 7681 2611
f 7683 6158 705
f 7682 220 6158
f 1950 7682 7683
f 6158 7683 7682
f 6233 7684 1283
f 7685 1753 7684
f 512 7685 6233
f 7684 6233 7685
f 4772 7686 392
f 5302 892 7686
f 227 5302 4772
f 7686 4772 5302
f 5870 7687 1630
f 7647 1520 7687
f 1636 7647 5870
f 7687 5870 7647
f 7688 6136 82
f 6085 1281 6136
f 394 6085 7688
f 6136 7688 6085
f 7690 7689 1103
f 7564 1942 7689
f 471 7564 7690
f 7689 7690 7564
f 4288 2856 1893
f 4286 981 2856
f 1961 4286 4288
f 2856 4288 4286
f 7692 7691 456
f 3670 609 7691
f 1675 3670 7692
f 7691 7692 3670
f 4929 4462 1829
f 5753 1886 4462
f 690 5753 4929
f 4462 4929 5753
f 6274 7605 1585
f 6373 1619 7605
f 1662 6373 6274
f 7605 6274 6373
f 5580 4321 1558
f 3884 1477 4321
f 373 3884 5580
f 4321 5580 3884
f 7694 7693 639
f 5904 678 7693
f 257 5904 7694
f 7693 7694 5904
f 4013 3718 464
f 6759 1794 3718
f 1654 6759 4013
f 3718 4013 6759
f 2071 7695 1120
f 7696 329 7695
f 731 7696 2071
f 7695 2071 7696
f 7538 7614 622
f 7697 1062 7614
f 147 7697 7538
f 7614 7538 7697
f 7496 3345 1818
f 6825 89 3345
f 1355 6825 7496
f 3345 7496 6825
f 4573 6132 1253
f 7698 1605 6132
f 1153 7698 4573
f 6132 4573 7698
f 6964 5403 779
f 4113 685 5403
f 1620 4113 6964
f 5403 6964 4113
f 7700 5458 1641
f 7699 1347 5458
f 1193 7699 7700
f 5458 7700 7699
f 6360 5466 492
f 3155 237 5466
f 1187 3155 6360
f 5466 6360 3155
f 5209 7316 877
f 7701 1864 7316
f 1286 7701 5209
f 7316 5209 7701
f 5341 2048 390
f 6170 362 2048
f 318 6170 5341
f 2048 5341 6170
f 5797 6829 980
f 4730 509 6829
f 747 4730 5797
f 6829 5797 4730
f 6222 7702 1353
f 2201 590 7702
f 667 2201 6222
f 7702 6222 2201
f 7513 7703 301
f 4898 1218 7703
f 272 4898 7513
f 7703 7513 4898
f 7704 6872 774
f 6880 948 6872
f 823 6880 7704
f 6872 7704 6880
f 7008 4707 1328
f 4480 1401 4707
f 765 4480 7008
f 4707 7008 4480
f 3509 6087 1084
f 5022 1734 6087
f 772 5022 3509
f 6087 3509 5022
f 4007 5000 654
f 4922 1183 5000
f 1600 4922 4007
f 5000 4007 4922
f 7218 2715 1702
f 7296 547 2715
f 1227 7296 7218
f 2715 7218 7296
f 7573 7705 1430
f 7022 1959 7705
f 1395 7022 7573
f 7705 7573 7022
f 6517 6186 1191
f 3567 1267 6186
f 552 3567 6517
f 6186 6517 3567
f 4447 7511 125
f 6842 1215 7511
f 1882 6842 4447
f 7511 4447 6842
f 3477 7706 1697
f 3781 1455 7706
f 1557 3781 3477
f 7706 3477 3781
f 5513 4167 1228
f 6305 136 4167
f 1691 6305 5513
f 4167 5513 6305
f 6309 7401 872
f 7707 1048 7401
f 258 7707 6309
f 7401 6309 7707
f 7708 5954 1898
f 7142 985 5954
f 98 7142 7708
f 5954 7708 7142
f 6955 6611 1556
f 7709 1259 6611
f 1879 7709 6955
f 6611 6955 7709
f 7711 7710 95
f 6920 993 7710
f 665 6920 7711
f 7710 7711 6920
f 7713 7712 225
f 6936 830 7712
f 684 6936 7713
f 7712 7713 6936
f 7714 5431 1291
f 7217 94 5431
f 748 7217 7714
f 5431 7714 7217
f 7716 5128 1181
f 7715 214 5128
f 878 7715 7716
f 5128 7716 7715
f 7717 5295 1824
f 4802 1222 5295
f 1034 4802 7717
f 5295 7717 4802
f 4902 7163 528
f 7718 931 7163
f 466 7718 4902
f 7163 4902 7718
f 7160 6908 340
f 2949 317 6908
f 37 2949 7160
f 6908 7160 2949
f 5678 7719 1867
f 2466 733 7719
f 442 2466 5678
f 7719 5678 2466
f 7585 5187 163
f 4369 1909 5187
f 1331 4369 7585
f 5187 7585 4369
f 5663 7432 965
f 7720 1313 7432
f 1998 7720 5663
f 7432 5663 7720
f 3012 7422 415
f 5202 1002 7422
f 1370 5202 3012
f 7422 3012 5202
f 7722 7721 1667
f 6707 565 7721
f 793 6707 7722
f 7721 7722 6707
f 7055 5769 1210
f 7607 992 5769
f 1459 7607 7055
f 5769 7055 7607
f 7724 6401 16
f 7723 614 6401
f 516 7723 7724
f 6401 7724 7723
f 2482 7545 996
f 2849 1812 7545
f 886 2849 2482
f 7545 2482 2849
f 7725 4191 293
f 2915 906 4191
f 75 2915 7725
f 4191 7725 2915
f 6627 7726 1979
f 6906 595 7726
f 619 6906 6627
f 7726 6627 6906
f 6750 7727 1993
f 5960 674 7727
f 459 5960 6750
f 7727 6750 5960
f 7729 7728 751
f 4987 893 7728
f 330 4987 7729
f 7728 7729 4987
f 5700 7730 401
f 7731 1432 7730
f 342 7731 5700
f 7730 5700 7731
f 4608 7732 865
f 7533 702 7732
f 416 7533 4608
f 7732 4608 7533
f 5349 5905 105
f 7733 69 5905
f 1920 7733 5349
f 5905 5349 7733
f 5570 6652 1391
f 2677 871 6652
f 1756 2677 5570
f 6652 5570 2677
f 7333 6916 508
f 4065 1651 6916
f 4 4065 7333
f 6916 7333 4065
f 7147 4709 1401
f 3581 213 4709
f 61 3581 7147
f 4709 7147 3581
f 6830 7466 346
f 6020 365 7466
f 509 6020 6830
f 7466 6830 6020
f 4657 6784 1757
f 7734 1848 6784
f 196 7734 4657
f 6784 4657 7734
f 3315 7735 576
f 7683 705 7735
f 1950 7683 3315
f 7735 3315 7683
f 5090 7736 869
f 4269 1597 7736
f 1524 4269 5090
f 7736 5090 4269
f 2220 5525 1410
f 7441 882 5525
f 1638 7441 2220
f 5525 2220 7441
f 7737 4307 815
f 7015 1343 4307
f 1007 7015 7737
f 4307 7737 7015
f 7739 7738 79
f 7080 936 7738
f 1746 7080 7739
f 7738 7739 7080
f 3006 6243 994
f 7740 1480 6243
f 936 7740 3006
f 6243 3006 7740
f 6956 6844 1900
f 4777 286 6844
f 587 4777 6956
f 6844 6956 4777
f 7741 6959 606
f 2472 1001 6959
f 826 2472 7741
f 6959 7741 2472
f 7413 6639 1579
f 6246 646 6639
f 1795 6246 7413
f 6639 7413 6246
f 6994 7742 777
f 4176 164 7742
f 966 4176 6994
f 7742 6994 4176
f 5051 5701 401
f 6253 534 5701
f 1300 6253 5051
f 5701 5051 6253
f 4938 2370 117
f 6633 1933 2370
f 903 6633 4938
f 2370 4938 6633
f 4032 6579 193
f 7743 1074 6579
f 128 7743 4032
f 6579 4032 7743
f 5019 7744 337
f 7637 62 7744
f 1429 7637 5019
f 7744 5019 7637
f 6831 6163 864
f 5430 1372 6163
f 686 5430 6831
f 6163 6831 5430
f 7745 2668 1921
f 5041 529 2668
f 1313 5041 7745
f 2668 7745 5041
f 4974 5996 1830
f 7746 1997 5996
f 110 7746 4974
f 5996 4974 7746
f 5950 6465 1616
f 6075 1208 6465
f 683 6075 5950
f 6465 5950 6075
f 7748 7747 599
f 7275 366 7747
f 474 7275 7748
f 7747 7748 7275
f 7141 2815 135
f 2395 1297 2815
f 98 2395 7141
f 2815 7141 2395
f 3068 7468 1657
f 7749 478 7468
f 810 7749 3068
f 7468 3068 7749
f 7408 7628 171
f 6676 198 7628
f 699 6676 7408
f 7628 7408 6676
f 3472 7750 1424
f 3761 1966 7750
f 1963 3761 3472
f 7750 3472 3761
f 4968 3913 663
f 3589 708 3913
f 882 3589 4968
f 3913 4968 3589
f 7687 7751 1630
f 7752 1073 7751
f 1520 7752 7687
f 7751 7687 7752
f 7754 3195 1108
f 7753 1515 3195
f 50 7753 7754
f 3195 7754 7753
f 7757 7755 1923
f 7756 1131 7755
f 506 7756 7757
f 7755 7757 7756
f 4508 7758 397
f 7274 348 7758
f 1167 7274 4508
f 7758 4508 7274
f 5722 7537 1176
f 7759 773 7537
f 303 7759 5722
f 7537 5722 7759
f 2735 7760 1843
f 7563 1863 7760
f 977 7563 2735
f 7760 2735 7563
f 6600 7761 104
f 7762 1833 7761
f 14 7762 6600
f 7761 6600 7762
f 6586 5791 1493
f 6320 1587 5791
f 1213 6320 6586
f 5791 6586 6320
f 7209 5193 696
f 3516 961 5193
f 451 3516 7209
f 5193 7209 3516
f 7338 4204 1529
f 5702 1817 4204
f 1276 5702 7338
f 4204 7338 5702
f 2580 4417 1687
f 7741 606 4417
f 826 7741 2580
f 4417 2580 7741
f 3560 4768 1571
f 4867 943 4768
f 672 4867 3560
f 4768 3560 4867
f 7764 4990 276
f 7763 907 4990
f 786 7763 7764
f 4990 7764 7763
f 7766 7765 396
f 2703 1895 7765
f 1379 2703 7766
f 7765 7766 2703
f 6052 3878 1179
f 7578 1442 3878
f 623 7578 6052
f 3878 6052 7578
f 6121 7473 1288
f 6055 1341 7473
f 656 6055 6121
f 7473 6121 6055
f 5011 7767 954
f 2924 55 7767
f 1154 2924 5011
f 7767 5011 2924
f 6980 2137 677
f 2100 1745 2137
f 1649 2100 6980
f 2137 6980 2100
f 7215 7556 1934
f 6300 1327 7556
f 1831 6300 7215
f 7556 7215 6300
f 3448 7668 1425
f 7027 1536 7668
f 544 7027 3448
f 7668 3448 7027
f 6874 7768 1004
f 6143 1484 7768
f 948 6143 6874
f 7768 6874 6143
f 4748 7769 1134
f 2504 588 7769
f 421 2504 4748
f 7769 4748 2504
f 7304 7770 408
f 6326 483 7770
f 820 6326 7304
f 7770 7304 6326
f 3186 6061 1270
f 2600 1883 6061
f 425 2600 3186
f 6061 3186 2600
f 7035 2621 2005
f 5692 1000 2621
f 335 5692 7035
f 2621 7035 5692
f 3459 4453 53
f 5744 1874 4453
f 1200 5744 3459
f 4453 3459 5744
f 6982 4501 202
f 6076 294 4501
f 1208 6076 6982
f 4501 6982 6076
f 6374 2316 949
f 4920 8 2316
f 1662 4920 6374
f 2316 6374 4920
f 2813 3674 30
f 7438 1440 3674
f 270 7438 2813
f 3674 2813 7438
f 6003 5503 1717
f 7110 912 5503
f 2015 7110 6003
f 5503 6003 7110
f 7771 5198 1934
f 3454 1135 5198
f 1935 3454 7771
f 5198 7771 3454
f 3828 7213 476
f 3500 215 7213
f 119 3500 3828
f 7213 3828 3500
f 2935 4794 884
f 6353 178 4794
f 482 6353 2935
f 4794 2935 6353
f 3832 4700 1076
f 7065 111 4700
f 740 7065 3832
f 4700 3832 7065
f 6952 2112 446
f 3033 909 2112
f 427 3033 6952
f 2112 6952 3033
f 4184 6261 1594
f 4666 185 6261
f 74 4666 4184
f 6261 4184 4666
f 3609 4081 186
f 2845 1264 4081
f 1534 2845 3609
f 4081 3609 2845
f 6299 6535 920
f 4814 177 6535
f 336 4814 6299
f 6535 6299 4814
f 7773 7772 1808
f 4921 1600 7772
f 1939 4921 7773
f 7772 7773 4921
f 7774 3664 1487
f 4053 649 3664
f 1559 4053 7774
f 3664 7774 4053
f 6631 5621 1126
f 5372 1664 5621
f 494 5372 6631
f 5621 6631 5372
f 7472 2830 45
f 7695 329 2830
f 1120 7695 7472
f 2830 7472 7695
f 3364 4400 1964
f 5159 1712 4400
f 327 5159 3364
f 4400 3364 5159
f 5648 4512 277
f 7231 52 4512
f 1514 7231 5648
f 4512 5648 7231
f 2055 7775 1078
f 4117 2023 7775
f 388 4117 2055
f 7775 2055 4117
f 7776 6570 1133
f 3480 1223 6570
f 131 3480 7776
f 6570 7776 3480
f 6434 7777 1128
f 7778 1551 7777
f 77 7778 6434
f 7777 6434 7778
f 7779 7385 972
f 6071 2018 7385
f 1607 6071 7779
f 7385 7779 6071
f 5227 7478 1892
f 6947 188 7478
f 1954 6947 5227
f 7478 5227 6947
f 6438 5203 867
f 4618 850 5203
f 1974 4618 6438
f 5203 6438 4618
f 5470 4030 1977
f 7335 494 4030
f 1834 7335 5470
f 4030 5470 7335
f 3848 4951 2040
f 7780 904 4951
f 142 7780 3848
f 4951 3848 7780
f 7540 7781 1584
f 5058 953 7781
f 284 5058 7540
f 7781 7540 5058
f 3959 4034 503
f 7782 801 4034
f 650 7782 3959
f 4034 3959 7782
f 5739 6933 933
f 7782 650 6933
f 801 7782 5739
f 6933 5739 7782
f 2885 7783 1486
f 4720 122 7783
f 1082 4720 2885
f 7783 2885 4720
f 4745 5067 967
f 6451 1470 5067
f 1381 6451 4745
f 5067 4745 6451
f 5054 6080 1162
f 5175 109 6080
f 1594 5175 5054
f 6080 5054 5175
f 3842 7784 514
f 5589 1546 7784
f 821 5589 3842
f 7784 3842 5589
f 7785 5162 576
f 4481 1302 5162
f 168 4481 7785
f 5162 7785 4481
f 2956 5910 133
f 7786 561 5910
f 962 7786 2956
f 5910 2956 7786
f 4545 7787 1096
f 7170 1735 7787
f 1967 7170 4545
f 7787 4545 7170
f 7703 5688 301
f 7560 389 5688
f 1218 7560 7703
f 5688 7703 7560
f 3305 5856 1225
f 7504 1255 5856
f 1051 7504 3305
f 5856 3305 7504
f 7001 4901 528
f 4483 168 4901
f 635 4483 7001
f 4901 7001 4483
f 7059 5522 2019
f 7788 157 5522
f 151 7788 7059
f 5522 7059 7788
f 7219 7776 1133
f 7202 131 7776
f 354 7202 7219
f 7776 7219 7202
f 7429 6728 1222
f 7411 1058 6728
f 1795 7411 7429
f 6728 7429 7411
f 3353 5237 1474
f 7132 680 5237
f 1733 7132 3353
f 5237 3353 7132
f 6799 7789 899
f 3605 456 7789
f 1059 3605 6799
f 7789 6799 3605
f 7790 6812 825
f 7187 628 6812
f 698 7187 7790
f 6812 7790 7187
f 7791 4183 262
f 5907 1870 4183
f 1185 5907 7791
f 4183 7791 5907
f 2350 7792 859
f 2292 1877 7792
f 923 2292 2350
f 7792 2350 2292
f 7793 6270 1400
f 5675 1647 6270
f 753 5675 7793
f 6270 7793 5675
f 7794 4849 1708
f 6723 1245 4849
f 242 6723 7794
f 4849 7794 6723
f 4878 6801 1476
f 7795 1061 6801
f 1020 7795 4878
f 6801 4878 7795
f 7796 2412 796
f 7071 710 2412
f 2034 7071 7796
f 2412 7796 7071
f 4851 7486 1025
f 7159 1397 7486
f 1235 7159 4851
f 7486 4851 7159
f 7797 4402 1570
f 4614 1415 4402
f 1224 4614 7797
f 4402 7797 4614
f 7798 2801 238
f 4103 1357 2801
f 1868 4103 7798
f 2801 7798 4103
f 6802 3845 1984
f 3256 250 3845
f 1139 3256 6802
f 3845 6802 3256
f 7799 7623 220
f 7706 1455 7623
f 1697 7706 7799
f 7623 7799 7706
f 5747 3011 387
f 7599 833 3011
f 1919 7599 5747
f 3011 5747 7599
f 5273 4082 428
f 7800 186 4082
f 312 7800 5273
f 4082 5273 7800
f 7802 7801 1272
f 5970 76 7801
f 1180 5970 7802
f 7801 7802 5970
f 2247 6193 551
f 3693 194 6193
f 1041 3693 2247
f 6193 2247 3693
f 3369 6191 153
f 7803 218 6191
f 1661 7803 3369
f 6191 3369 7803
f 6577 5730 299
f 7242 1719 5730
f 1472 7242 6577
f 5730 6577 7242
f 7349 7315 1864
f 7772 1600 7315
f 1808 7772 7349
f 7315 7349 7772
f 6817 5944 229
f 3050 1822 5944
f 386 3050 6817
f 5944 6817 3050
f 3244 3679 607
f 7804 1785 3679
f 302 7804 3244
f 3679 3244 7804
f 7454 6461 575
f 5729 1719 6461
f 1796 5729 7454
f 6461 7454 5729
f 7805 7688 82
f 7640 394 7688
f 1709 7640 7805
f 7688 7805 7640
f 4907 7806 1705
f 2523 909 7806
f 441 2523 4907
f 7806 4907 2523
f 2785 4793 34
f 3122 307 4793
f 385 3122 2785
f 4793 2785 3122
f 7784 4629 514
f 3956 1789 4629
f 1546 3956 7784
f 4629 7784 3956
f 7140 5841 985
f 2844 1534 5841
f 135 2844 7140
f 5841 7140 2844
f 7069 6666 1321
f 3243 607 6666
f 367 3243 7069
f 6666 7069 3243
f 3997 4897 64
f 7807 1926 4897
f 1777 7807 3997
f 4897 3997 7807
f 7377 3555 668
f 4541 1763 3555
f 1383 4541 7377
f 3555 7377 4541
f 6921 5599 993
f 7808 1043 5599
f 858 7808 6921
f 5599 6921 7808
f 7421 7809 2006
f 6922 665 7809
f 858 6922 7421
f 7809 7421 6922
f 5640 2232 1421
f 3193 1304 2232
f 1145 3193 5640
f 2232 5640 3193
f 7810 5909 1185
f 3359 1321 5909
f 199 3359 7810
f 5909 7810 3359
f 6716 6264 960
f 7232 1514 6264
f 724 7232 6716
f 6264 6716 7232
f 3493 2623 1000
f 7375 544 2623
f 1528 7375 3493
f 2623 3493 7375
f 7811 6126 475
f 7194 978 6126
f 879 7194 7811
f 6126 7811 7194
f 3395 2776 1251
f 3178 875 2776
f 379 3178 3395
f 2776 3395 3178
f 6454 5391 1361
f 3598 1067 5391
f 1617 3598 6454
f 5391 6454 3598
f 7239 5849 1192
f 2279 570 5849
f 1396 2279 7239
f 5849 7239 2279
f 7768 7812 1004
f 5758 1016 7812
f 1484 5758 7768
f 7812 7768 5758
f 7555 7629 1140
f 4797 1271 7629
f 1327 4797 7555
f 7629 7555 4797
f 5917 7813 769
f 2873 1193 7813
f 701 2873 5917
f 7813 5917 2873
f 5138 2089 406
f 7588 20 2089
f 1371 7588 5138
f 2089 5138 7588
f 6629 2872 701
f 7814 361 2872
f 713 7814 6629
f 2872 6629 7814
f 7816 7815 79
f 5232 803 7815
f 1159 5232 7816
f 7815 7816 5232
f 5416 7487 1727
f 3749 608 7487
f 1741 3749 5416
f 7487 5416 3749
f 2712 7379 187
f 5191 438 7379
f 696 5191 2712
f 7379 2712 5191
f 7817 5315 231
f 3951 1696 5315
f 1056 3951 7817
f 5315 7817 3951
f 7819 7590 1880
f 7818 338 7590
f 444 7818 7819
f 7590 7819 7818
f 6623 7061 945
f 7820 260 7061
f 192 7820 6623
f 7061 6623 7820
f 5057 4037 1560
f 6930 692 4037
f 284 6930 5057
f 4037 5057 6930
f 6757 6900 1924
f 7759 303 6900
f 773 7759 6757
f 6900 6757 7759
f 7821 7357 1517
f 5256 3 7357
f 1117 5256 7821
f 7357 7821 5256
f 6444 4272 1436
f 6383 447 4272
f 1095 6383 6444
f 4272 6444 6383
f 7823 6624 2001
f 7822 192 6624
f 43 7822 7823
f 6624 7823 7822
f 7825 7711 95
f 7824 665 7711
f 1676 7824 7825
f 7711 7825 7824
f 6875 5236 1202
f 3520 355 5236
f 1541 3520 6875
f 5236 6875 3520
f 2584 7761 1833
f 7826 104 7761
f 1507 7826 2584
f 7761 2584 7826
f 4967 7819 1880
f 4019 444 7819
f 1674 4019 4967
f 7819 4967 4019
f 4495 7700 1641
f 7813 1193 7700
f 769 7813 4495
f 7700 4495 7813
f 7828 7827 626
f 6878 1008 7827
f 550 6878 7828
f 7827 7828 6878
f 2984 4774 404
f 2820 591 4774
f 1704 2820 2984
f 4774 2984 2820
f 7657 5056 1101
f 7546 1571 5056
f 1170 7546 7657
f 5056 7657 7546
f 5478 5651 811
f 5178 174 5651
f 1987 5178 5478
f 5651 5478 5178
f 2657 7829 835
f 6205 377 7829
f 1158 6205 2657
f 7829 2657 6205
f 7830 6407 1690
f 6472 1237 6407
f 1523 6472 7830
f 6407 7830 6472
f 6201 4253 1699
f 6396 179 4253
f 941 6396 6201
f 4253 6201 6396
f 7086 7831 678
f 5800 311 7831
f 1141 5800 7086
f 7831 7086 5800
f 7731 6102 1432
f 2604 194 6102
f 342 2604 7731
f 6102 7731 2604
f 5559 7832 601
f 5482 83 7832
f 1166 5482 5559
f 7832 5559 5482
f 7833 7663 1614
f 5465 237 7663
f 1476 5465 7833
f 7663 7833 5465
f 5217 5412 1998
f 6950 952 5412
f 392 6950 5217
f 5412 5217 6950
f 4465 7834 1851
f 7314 1494 7834
f 1092 7314 4465
f 7834 4465 7314
f 4877 7835 1011
f 6814 1075 7835
f 1476 6814 4877
f 7835 4877 6814
f 7720 6747 1313
f 5151 923 6747
f 1998 5151 7720
f 6747 7720 5151
f 4498 7836 1039
f 5495 121 7836
f 1883 5495 4498
f 7836 4498 5495
f 7838 7837 1634
f 7078 630 7837
f 112 7078 7838
f 7837 7838 7078
f 7839 5654 426
f 4589 1813 5654
f 995 4589 7839
f 5654 7839 4589
f 7830 6866 1523
f 7840 881 6866
f 1690 7840 7830
f 6866 7830 7840
f 7098 6273 1585
f 4232 1847 6273
f 1501 4232 7098
f 6273 7098 4232
f 3069 5955 1234
f 4686 1696 5955
f 341 4686 3069
f 5955 3069 4686
f 7841 3250 278
f 3108 35 3250
f 1091 3108 7841
f 3250 7841 3108
f 4374 7740 936
f 6515 1480 7740
f 1171 6515 4374
f 7740 4374 6515
f 7598 7820 192
f 7842 260 7820
f 309 7842 7598
f 7820 7598 7842
f 4298 2948 148
f 6194 998 2948
f 241 6194 4298
f 2948 4298 6194
f 3871 4163 671
f 6726 670 4163
f 1938 6726 3871
f 4163 3871 6726
f 2200 6605 719
f 7843 1783 6605
f 667 7843 2200
f 6605 2200 7843
f 7845 7230 964
f 7844 1540 7230
f 2012 7844 7845
f 7230 7845 7844
f 7846 5882 1100
f 7522 600 5882
f 522 7522 7846
f 5882 7846 7522
f 7849 7847 1430
f 7848 954 7847
f 800 7848 7849
f 7847 7849 7848
f 4492 7228 582
f 6065 924 7228
f 1206 6065 4492
f 7228 4492 6065
f 4588 6699 1530
f 7346 180 6699
f 481 7346 4588
f 6699 4588 7346
f 5837 3702 574
f 4844 1716 3702
f 73 4844 5837
f 3702 5837 4844
f 7850 6943 1291
f 5859 461 6943
f 1060 5859 7850
f 6943 7850 5859
f 4434 6694 2026
f 7851 308 6694
f 1464 7851 4434
f 6694 4434 7851
f 6337 7852 1526
f 7853 2014 7852
f 328 7853 6337
f 7852 6337 7853
f 5762 7832 83
f 5873 601 7832
f 1539 5873 5762
f 7832 5762 5873
f 7624 7854 1666
f 4869 308 7854
f 1160 4869 7624
f 7854 7624 4869
f 6566 6979 236
f 6335 1173 6979
f 1619 6335 6566
f 6979 6566 6335
f 7364 6838 1663
f 5979 1799 6838
f 1508 5979 7364
f 6838 7364 5979
f 7855 7666 1668
f 7839 426 7666
f 995 7839 7855
f 7666 7855 7839
f 6655 7856 817
f 5920 1762 7856
f 975 5920 6655
f 7856 6655 5920
f 7858 4207 84
f 7857 1924 4207
f 1021 7857 7858
f 4207 7858 7857
f 7580 7302 1983
f 5032 435 7302
f 1748 5032 7580
f 7302 7580 5032
f 7690 7859 471
f 7178 554 7859
f 1103 7178 7690
f 7859 7690 7178
f 7860 5462 1325
f 6664 515 5462
f 733 6664 7860
f 5462 7860 6664
f 2874 7699 1193
f 6925 1347 7699
f 361 6925 2874
f 7699 2874 6925
f 7266 7861 523
f 7862 1320 7861
f 1131 7862 7266
f 7861 7266 7862
f 5338 6741 1211
f 5940 1411 6741
f 1047 5940 5338
f 6741 5338 5940
f 6967 7023 791
f 6476 1959 7023
f 1151 6476 6967
f 7023 6967 6476
f 7864 5384 1888
f 7863 176 5384
f 692 7863 7864
f 5384 7864 7863
f 7712 7437 225
f 5533 1440 7437
f 830 5533 7712
f 7437 7712 5533
f 7865 5872 1539
f 7840 1690 5872
f 881 7840 7865
f 5872 7865 7840
f 7867 7866 1583
f 5541 382 7866
f 436 5541 7867
f 7866 7867 5541
f 7237 7423 86
f 5164 415 7423
f 1930 5164 7237
f 7423 7237 5164
f 5819 7868 510
f 7020 549 7868
f 1755 7020 5819
f 7868 5819 7020
f 7870 4444 1935
f 7869 1806 4444
f 1918 7869 7870
f 4444 7870 7869
f 5565 7871 191
f 7872 640 7871
f 1572 7872 5565
f 7871 5565 7872
f 7747 6447 599
f 7169 782 6447
f 366 7169 7747
f 6447 7747 7169
f 3074 7873 581
f 7198 648 7873
f 11 7198 3074
f 7873 3074 7198
f 7550 2758 1046
f 3092 1089 2758
f 1581 3092 7550
f 2758 7550 3092
f 4301 2480 1413
f 3443 886 2480
f 1909 3443 4301
f 2480 4301 3443
f 2533 3217 161
f 6568 211 3217
f 990 6568 2533
f 3217 2533 6568
f 7875 6823 1045
f 7874 1958 6823
f 1455 7874 7875
f 6823 7875 7874
f 7785 3990 168
f 7735 705 3990
f 576 7735 7785
f 3990 7785 7735
f 6051 4116 149
f 3253 1336 4116
f 1767 3253 6051
f 4116 6051 3253
f 5677 7876 1172
f 7877 96 7876
f 753 7877 5677
f 7876 5677 7877
f 7653 7791 262
f 7878 1185 7791
f 1569 7878 7653
f 7791 7653 7878
f 7879 5794 1622
f 5751 1407 5794
f 1886 5751 7879
f 5794 7879 5751
f 7289 6409 1764
f 7780 142 6409
f 904 7780 7289
f 6409 7289 7780
f 4767 7880 2008
f 7881 1621 7880
f 1538 7881 4767
f 7880 4767 7881
f 6208 3236 968
f 2641 717 3236
f 2041 2641 6208
f 3236 6208 2641
f 6508 7719 733
f 5100 1867 7719
f 1850 5100 6508
f 7719 6508 5100
f 6105 5420 1637
f 6297 1825 5420
f 505 6297 6105
f 5420 6105 6297
f 7882 4067 1716
f 6610 168 4067
f 1677 6610 7882
f 4067 7882 6610
f 4906 7883 1301
f 6748 489 7883
f 1705 6748 4906
f 7883 4906 6748
f 6031 7884 840
f 5410 694 7884
f 1961 5410 6031
f 7884 6031 5410
f 5119 6043 205
f 7297 913 6043
f 547 7297 5119
f 6043 5119 7297
f 7240 5166 1930
f 6265 694 5166
f 114 6265 7240
f 5166 7240 6265
f 7885 6259 1613
f 3154 1187 6259
f 1378 3154 7885
f 6259 7885 3154
f 7887 7303 435
f 7886 449 7303
f 557 7886 7887
f 7303 7887 7886
f 7888 3018 525
f 6141 1174 3018
f 1386 6141 7888
f 3018 7888 6141
f 6250 7889 167
f 3586 1912 7889
f 1069 3586 6250
f 7889 6250 3586
f 6794 4642 1803
f 7890 661 4642
f 1294 7890 6794
f 4642 6794 7890
f 7875 7388 1455
f 7126 770 7388
f 1045 7126 7875
f 7388 7875 7126
f 7891 5426 450
f 6779 1265 5426
f 789 6779 7891
f 5426 7891 6779
f 5847 7892 201
f 3059 742 7892
f 407 3059 5847
f 7892 5847 3059
f 2616 7600 1911
f 5616 537 7600
f 1766 5616 2616
f 7600 2616 5616
f 5314 6190 28
f 7893 81 6190
f 2036 7893 5314
f 6190 5314 7893
f 6296 6798 1481
f 2517 1120 6798
f 838 2517 6296
f 6798 6296 2517
f 5617 7894 537
f 3562 152 7894
f 493 3562 5617
f 7894 5617 3562
f 7895 6984 300
f 2961 333 6984
f 761 2961 7895
f 6984 7895 2961
f 2966 6755 1660
f 7627 1272 6755
f 1852 7627 2966
f 6755 2966 7627
f 7789 4145 899
f 7691 609 4145
f 456 7691 7789
f 4145 7789 7691
f 7897 7402 1044
f 7896 118 7402
f 1837 7896 7897
f 7402 7897 7896
f 4003 7898 126
f 3551 907 7898
f 216 3551 4003
f 7898 4003 3551
f 7633 4948 1615
f 4411 190 4948
f 745 4411 7633
f 4948 7633 4411
f 7895 4873 761
f 6178 331 4873
f 300 6178 7895
f 4873 7895 6178
f 4640 6853 1031
f 7090 1656 6853
f 1485 7090 4640
f 6853 4640 7090
f 4505 6700 1960
f 7180 1530 6700
f 1398 7180 4505
f 6700 4505 7180
f 6237 6248 839
f 5563 1232 6248
f 1068 5563 6237
f 6248 6237 5563
f 7900 7899 855
f 7415 2028 7899
f 861 7415 7900
f 7899 7900 7415
f 6083 2881 934
f 4548 1953 2881
f 1774 4548 6083
f 2881 6083 4548
f 6821 7901 80
f 5024 793 7901
f 344 5024 6821
f 7901 6821 5024
f 4623 7787 1735
f 3773 1096 7787
f 1779 3773 4623
f 7787 4623 3773
f 7903 7902 1384
f 7717 1824 7902
f 1034 7717 7903
f 7902 7903 7717
f 5441 5021 1469
f 2561 1734 5021
f 24 2561 5441
f 5021 5441 2561
f 3713 7157 58
f 5539 27 7157
f 1736 5539 3713
f 7157 3713 5539
f 7904 3892 1094
f 4027 195 3892
f 1962 4027 7904
f 3892 7904 4027
f 7905 6993 777
f 7453 1499 6993
f 1544 7453 7905
f 6993 7905 7453
f 6999 7790 825
f 7501 698 7790
f 889 7501 6999
f 7790 6999 7501
f 5047 7906 950
f 6654 1256 7906
f 1805 6654 5047
f 7906 5047 6654
f 2947 7707 258
f 6545 1048 7707
f 998 6545 2947
f 7707 2947 6545
f 7277 6151 1186
f 4262 59 6151
f 90 4262 7277
f 6151 7277 4262
f 2272 5448 1441
f 4783 718 5448
f 921 4783 2272
f 5448 2272 4783
f 4297 5225 634
f 5263 2017 5225
f 1512 5263 4297
f 5225 4297 5263
f 4566 7822 43
f 5691 192 7822
f 1758 5691 4566
f 7822 4566 5691
f 7907 7414 410
f 5720 1244 7414
f 222 5720 7907
f 7414 7907 5720
f 2410 7553 796
f 5223 604 7553
f 974 5223 2410
f 7553 2410 5223
f 2704 2457 1895
f 7482 1359 2457
f 1287 7482 2704
f 2457 2704 7482
f 3791 7322 2040
f 6615 1462 7322
f 1574 6615 3791
f 7322 3791 6615
f 6879 3663 1468
f 6863 36 3663
f 1968 6863 6879
f 3663 6879 6863
f 4846 2562 1922
f 7908 1734 2562
f 453 7908 4846
f 2562 4846 7908
f 6599 5358 1261
f 7909 549 5358
f 675 7909 6599
f 5358 6599 7909
f 3666 7910 1771
f 7911 401 7910
f 649 7911 3666
f 7910 3666 7911
f 7912 5087 631
f 3838 495 5087
f 1923 3838 7912
f 5087 7912 3838
f 7913 2892 1018
f 5180 913 2892
f 1030 5180 7913
f 2892 7913 5180
f 7803 7158 218
f 6288 58 7158
f 1661 6288 7803
f 7158 7803 6288
f 4159 2193 828
f 7828 626 2193
f 550 7828 4159
f 2193 4159 7828
f 5775 7033 1091
f 7167 378 7033
f 1724 7167 5775
f 7033 5775 7167
f 7915 7914 755
f 2809 1673 7914
f 93 2809 7915
f 7914 7915 2809
f 7870 4790 1918
f 7771 1934 4790
f 1935 7771 7870
f 4790 7870 7771
f 4715 3776 1242
f 5684 1840 3776
f 1366 5684 4715
f 3776 4715 5684
f 3829 7373 1417
f 7916 14 7373
f 476 7916 3829
f 7373 3829 7916
f 4463 7149 976
f 7587 1797 7149
f 1635 7587 4463
f 7149 4463 7587
f 6462 7259 1079
f 7917 557 7259
f 762 7917 6462
f 7259 6462 7917
f 7918 2379 1007
f 6682 1203 2379
f 1552 6682 7918
f 2379 7918 6682
f 7920 7919 1872
f 4991 1137 7919
f 500 4991 7920
f 7919 7920 4991
f 5975 7921 553
f 5429 686 7921
f 1145 5429 5975
f 7921 5975 5429
f 7922 5715 1379
f 6256 1838 5715
f 1592 6256 7922
f 5715 7922 6256
f 5564 2692 1232
f 7923 845 2692
f 1711 7923 5564
f 2692 5564 7923
f 6154 7448 1426
f 2733 585 7448
f 1673 2733 6154
f 7448 6154 2733
f 7031 7043 1729
f 7924 54 7043
f 1065 7924 7031
f 7043 7031 7924
f 4661 6792 1102
f 2803 1294 6792
f 1149 2803 4661
f 6792 4661 2803
f 3219 7881 1538
f 7925 1621 7881
f 824 7925 3219
f 7881 3219 7925
f 3984 2258 1160
f 3908 780 2258
f 922 3908 3984
f 2258 3984 3908
f 7282 7926 662
f 6068 205 7926
f 986 6068 7282
f 7926 7282 6068
f 7154 7927 120
f 7928 569 7927
f 134 7928 7154
f 7927 7154 7928
f 5774 5469 1977
f 6506 156 5469
f 1091 6506 5774
f 5469 5774 6506
f 7650 3213 232
f 6903 563 3213
f 1066 6903 7650
f 3213 7650 6903
f 7257 7753 50
f 7929 1515 7753
f 799 7929 7257
f 7753 7257 7929
f 7930 2652 722
f 7045 812 2652
f 1285 7045 7930
f 2652 7930 7045
f 4160 2902 1457
f 7931 1412 2902
f 261 7931 4160
f 2902 4160 7931
f 5808 7932 808
f 4091 1848 7932
f 959 4091 5808
f 7932 5808 4091
f 5687 7208 1390
f 2972 320 7208
f 389 2972 5687
f 7208 5687 2972
f 4083 5388 428
f 6333 1375 5388
f 1264 6333 4083
f 5388 4083 6333
f 7544 2426 1064
f 4812 787 2426
f 1812 4812 7544
f 2426 7544 4812
f 7664 7645 1668
f 2666 1035 7645
f 1973 2666 7664
f 7645 7664 2666
f 7934 7479 1033
f 7933 1446 7479
f 91 7933 7934
f 7479 7934 7933
f 7936 7906 1256
f 7935 950 7906
f 1570 7935 7936
f 7906 7936 7935
f 7938 7937 371
f 5629 370 7937
f 1308 5629 7938
f 7937 7938 5629
f 4876 2880 1953
f 7939 860 2880
f 1683 7939 4876
f 2880 4876 7939
f 7940 2570 280
f 7417 938 2570
f 1029 7417 7940
f 2570 7940 7417
f 7744 7941 337
f 3946 1566 7941
f 62 3946 7744
f 7941 7744 3946
f 7829 4678 835
f 7942 1047 4678
f 377 7942 7829
f 4678 7829 7942
f 6791 5923 2002
f 2183 1820 5923
f 763 2183 6791
f 5923 6791 2183
f 5638 2461 1743
f 2151 1547 2461
f 1572 2151 5638
f 2461 5638 2151
f 7943 4259 1692
f 5704 1276 4259
f 357 5704 7943
f 4259 7943 5704
f 3528 3634 162
f 7736 1597 3634
f 869 7736 3528
f 3634 3528 7736
f 2144 7944 200
f 7945 1676 7944
f 1652 7945 2144
f 7944 2144 7945
f 6743 2127 1017
f 7946 453 2127
f 1810 7946 6743
f 2127 6743 7946
f 6275 7838 1634
f 7029 112 7838
f 1405 7029 6275
f 7838 6275 7029
f 6926 3289 1347
f 7613 468 3289
f 1454 7613 6926
f 3289 6926 7613
f 5605 7880 1621
f 6826 2008 7880
f 89 6826 5605
f 7880 5605 6826
f 4095 7398 1968
f 7823 2001 7398
f 43 7823 4095
f 7398 4095 7823
f 7774 7419 1559
f 7067 1451 7419
f 1487 7067 7774
f 7419 7774 7067
f 6019 3793 821
f 7826 1507 3793
f 104 7826 6019
f 3793 6019 7826
f 5883 6647 212
f 6729 141 6647
f 19 6729 5883
f 6647 5883 6729
f 7837 4320 1634
f 6399 757 4320
f 630 6399 7837
f 4320 7837 6399
f 7101 5258 72
f 4043 1811 5258
f 1055 4043 7101
f 5258 7101 4043
f 6497 6533 2015
f 7947 910 6533
f 96 7947 6497
f 6533 6497 7947
f 4365 7948 1172
f 5543 383 7948
f 852 5543 4365
f 7948 4365 5543
f 3119 7552 1340
f 7796 796 7552
f 2034 7796 3119
f 7552 3119 7796
f 7617 4684 887
f 7079 1746 4684
f 1599 7079 7617
f 4684 7617 7079
f 6188 7457 28
f 7883 489 7457
f 1301 7883 6188
f 7457 6188 7883
f 4585 7858 84
f 4852 1021 7858
f 1235 4852 4585
f 7858 4585 4852
f 7949 6008 1910
f 6446 2024 6008
f 353 6446 7949
f 6008 7949 6446
f 7951 4456 967
f 7950 155 4456
f 173 7950 7951
f 4456 7951 7950
f 3599 5235 355
f 3924 617 5235
f 1617 3924 3599
f 5235 3599 3924
f 7952 7016 1218
f 7396 1725 7016
f 1901 7396 7952
f 7016 7952 7396
f 7723 3441 614
f 5902 470 3441
f 516 5902 7723
f 3441 7723 5902
f 6524 7516 454
f 5097 1758 7516
f 71 5097 6524
f 7516 6524 5097
f 4389 2651 812
f 7536 773 2651
f 764 7536 4389
f 2651 4389 7536
f 3451 5092 1444
f 6430 1837 5092
f 1198 6430 3451
f 5092 3451 6430
f 7433 7953 2021
f 2526 1030 7953
f 814 2526 7433
f 7953 7433 2526
f 4329 4697 1116
f 7954 901 4697
f 759 7954 4329
f 4697 4329 7954
f 6036 7955 1749
f 7520 203 7955
f 1496 7520 6036
f 7955 6036 7520
f 7356 6129 480
f 3544 1760 6129
f 3 3544 7356
f 6129 7356 3544
f 7572 7100 189
f 7514 264 7100
f 272 7514 7572
f 7100 7572 7514
f 6460 7929 799
f 7341 1515 7929
f 1719 7341 6460
f 7929 6460 7341
f 4676 6467 1671
f 6656 1175 6467
f 975 6656 4676
f 6467 4676 6656
f 7261 7956 253
f 7957 371 7956
f 1641 7957 7261
f 7956 7261 7957
f 7958 4313 1580
f 7593 712 4313
f 1473 7593 7958
f 4313 7958 7593
f 7959 7824 1676
f 6734 665 7824
f 1 6734 7959
f 7824 7959 6734
f 5185 7960 518
f 2934 443 7960
f 597 2934 5185
f 7960 5185 2934
f 3710 4924 285
f 7523 522 4924
f 727 7523 3710
f 4924 3710 7523
f 7872 7961 640
f 7962 1125 7961
f 1572 7962 7872
f 7961 7872 7962
f 6890 6584 1219
f 6727 1058 6584
f 44 6727 6890
f 6584 6890 6727
f 4056 7450 460
f 7611 1691 7450
f 2033 7611 4056
f 7450 4056 7611
f 7750 4583 1424
f 6412 596 4583
f 1966 6412 7750
f 4583 7750 6412
f 2700 7963 541
f 4093 1853 7963
f 1315 4093 2700
f 7963 2700 4093
f 7964 4200 946
f 5600 1532 4200
f 993 5600 7964
f 4200 7964 5600
f 6494 5734 1761
f 4973 697 5734
f 469 4973 6494
f 5734 6494 4973
f 6125 7728 893
f 6541 751 7728
f 250 6541 6125
f 7728 6125 6541
f 7967 7965 880
f 7966 1627 7965
f 1989 7966 7967
f 7965 7967 7966
f 7970 7968 1254
f 7969 625 7968
f 1016 7969 7970
f 7968 7970 7969
f 7571 7971 6
f 7746 110 7971
f 1997 7746 7571
f 7971 7571 7746
f 7403 5786 1554
f 3431 589 5786
f 308 3431 7403
f 5786 7403 3431
f 7973 7972 1275
f 7534 153 7972
f 702 7534 7973
f 7972 7973 7534
f 3863 7884 694
f 7480 840 7884
f 1033 7480 3863
f 7884 3863 7480
f 5499 6843 1448
f 2281 1396 6843
f 2037 2281 5499
f 6843 5499 2281
f 3124 3738 1350
f 3707 784 3738
f 385 3707 3124
f 3738 3124 3707
f 6772 7201 927
f 6182 356 7201
f 969 6182 6772
f 7201 6772 6182
f 7399 7974 1968
f 4799 1238 7974
f 1099 4799 7399
f 7974 7399 4799
f 7975 4527 1889
f 7328 1588 4527
f 1019 7328 7975
f 4527 7975 7328
f 7976 7871 640
f 6290 191 7871
f 584 6290 7976
f 7871 7976 6290
f 4766 6145 660
f 7452 1544 6145
f 2008 7452 4766
f 6145 4766 7452
f 4050 7783 122
f 6537 1486 7783
f 582 6537 4050
f 7783 4050 6537
f 7977 7235 1527
f 6103 615 7235
f 1356 6103 7977
f 7235 7977 6103
f 5980 3106 1380
f 3535 35 3106
f 693 3535 5980
f 3106 5980 3535
f 5365 5003 60
f 5943 1822 5003
f 721 5943 5365
f 5003 5365 5943
f 7407 7978 979
f 2062 1948 7978
f 1377 2062 7407
f 7978 7407 2062
f 6731 7979 1118
f 7721 565 7979
f 1667 7721 6731
f 7979 6731 7721
f 7188 6281 593
f 4086 676 6281
f 354 4086 7188
f 6281 7188 4086
f 3708 4126 1862
f 7980 917 4126
f 1845 7980 3708
f 4126 3708 7980
f 6641 7981 238
f 5919 10 7981
f 646 5919 6641
f 7981 6641 5919
f 7982 7701 1286
f 7348 1864 7701
f 1783 7348 7982
f 7701 7982 7348
f 7983 6332 1311
f 6022 18 6332
f 1754 6022 7983
f 6332 7983 6022
f 3515 7931 261
f 3145 1412 7931
f 451 3145 3515
f 7931 3515 3145
f 5383 6642 138
f 6971 1024 6642
f 176 6971 5383
f 6642 5383 6971
f 7955 7171 1749
f 4622 1735 7171
f 203 4622 7955
f 7171 7955 4622
f 6135 4787 695
f 7984 2013 4787
f 1281 7984 6135
f 4787 6135 7984
f 7932 7985 808
f 7734 196 7985
f 1848 7734 7932
f 7985 7932 7734
f 7986 5099 1850
f 3161 776 5099
f 1086 3161 7986
f 5099 7986 3161
f 2544 2095 1387
f 7530 1788 2095
f 572 7530 2544
f 2095 2544 7530
f 7351 7987 540
f 7928 134 7987
f 569 7928 7351
f 7987 7351 7928
f 4228 7900 855
f 7988 861 7900
f 1603 7988 4228
f 7900 4228 7988
f 5255 3523 621
f 6007 2024 3523
f 1117 6007 5255
f 3523 5255 6007
f 7616 7050 432
f 7989 1701 7050
f 217 7989 7616
f 7050 7616 7989
f 7370 7860 1325
f 6510 733 7860
f 587 6510 7370
f 7860 7370 6510
f 7937 7956 371
f 4908 253 7956
f 370 4908 7937
f 7956 7937 4908
f 3614 7621 1703
f 7145 752 7621
f 440 7145 3614
f 7621 3614 7145
f 7991 6736 1
f 7990 1681 6736
f 1912 7990 7991
f 6736 7991 7990
f 2204 7865 1539
f 7992 881 7865
f 1881 7992 2204
f 7865 2204 7992
f 7993 6688 170
f 5230 1781 6688
f 866 5230 7993
f 6688 7993 5230
f 2357 6319 1775
f 6612 1587 6319
f 1556 6612 2357
f 6319 2357 6612
f 7494 5089 521
f 7751 1073 5089
f 1630 7751 7494
f 5089 7494 7751
f 5396 6766 1519
f 6352 1827 6766
f 1972 6352 5396
f 6766 5396 6352
f 7994 3302 900
f 6230 80 3302
f 1613 6230 7994
f 3302 7994 6230
f 6559 7995 1411
f 7996 186 7995
f 1575 7996 6559
f 7995 6559 7996
f 3488 7909 675
f 7868 549 7909
f 510 7868 3488
f 7909 3488 7868
f 4256 7997 276
f 7135 146 7997
f 879 7135 4256
f 7997 4256 7135
f 6713 7998 47
f 5523 157 7998
f 166 5523 6713
f 7998 6713 5523
f 2589 6942 461
f 7561 673 6942
f 1505 7561 2589
f 6942 2589 7561
f 7999 5573 1458
f 7733 1920 5573
f 69 7733 7999
f 5573 7999 7733
f 8001 8000 870
f 7864 1888 8000
f 692 7864 8001
f 8000 8001 7864
f 4460 5861 1829
f 3888 818 5861
f 17 3888 4460
f 5861 4460 3888
f 6316 3135 335
f 3238 378 3135
f 633 3238 6316
f 3135 6316 3238
f 7778 7505 1551
f 7221 22 7505
f 77 7221 7778
f 7505 7778 7221
f 5031 3391 829
f 7579 1422 3391
f 1748 7579 5031
f 3391 5031 7579
f 6002 7696 731
f 4360 329 7696
f 1717 4360 6002
f 7696 6002 4360
f 7999 4110 69
f 6104 1637 4110
f 1458 6104 7999
f 4110 7999 6104
f 5719 2696 1179
f 5588 1489 2696
f 224 5588 5719
f 2696 5719 5588
f 6306 7245 136
f 7779 972 7245
f 1607 7779 6306
f 7245 6306 7779
f 7172 7804 302
f 8002 1785 7804
f 823 8002 7172
f 7804 7172 8002
f 3721 8003 290
f 3109 1324 8003
f 319 3109 3721
f 8003 3721 3109
f 2594 7716 1181
f 3204 878 7716
f 1892 3204 2594
f 7716 2594 3204
f 7882 8004 1677
f 3740 1644 8004
f 1716 3740 7882
f 8004 7882 3740
f 6621 6949 1945
f 7724 16 6949
f 516 7724 6621
f 6949 6621 7724
f 5895 2779 683
f 7288 1650 2779
f 1214 7288 5895
f 2779 5895 7288
f 5060 7366 1624
f 4958 1500 7366
f 1479 4958 5060
f 7366 5060 4958
f 5226 4917 241
f 5262 1474 4917
f 2017 5262 5226
f 4917 5226 5262
f 3837 7642 1049
f 7755 1131 7642
f 1923 7755 3837
f 7642 3837 7755
f 4651 4449 1428
f 7892 742 4449
f 201 7892 4651
f 4449 4651 7892
f 3377 8005 1626
f 4722 1082 8005
f 730 4722 3377
f 8005 3377 4722
f 8008 8006 775
f 8007 1686 8006
f 1770 8007 8008
f 8006 8008 8007
f 7957 7938 371
f 4342 1308 7938
f 1641 4342 7957
f 7938 7957 4342
f 5838 8009 1869
f 7835 1075 8009
f 1011 7835 5838
f 8009 5838 7835
f 8012 8010 463
f 8011 403 8010
f 1329 8011 8012
f 8010 8012 8011
f 7677 6301 1831
f 3316 1943 6301
f 1950 3316 7677
f 6301 7677 3316
f 8013 5464 485
f 3602 1382 5464
f 414 3602 8013
f 5464 8013 3602
f 7139 7987 134
f 2255 540 7987
f 554 2255 7139
f 7987 7139 2255
f 8014 5156 1896
f 7622 1280 5156
f 499 7622 8014
f 5156 8014 7622
f 5170 6440 1563
f 3037 283 6440
f 926 3037 5170
f 6440 5170 3037
f 3105 4349 1168
f 4742 636 4349
f 497 4742 3105
f 4349 3105 4742
f 3935 7362 958
f 8015 1656 7362
f 1097 8015 3935
f 7362 3935 8015
f 8004 6420 1677
f 7084 1146 6420
f 1644 7084 8004
f 6420 8004 7084
f 7317 8016 2025
f 2814 517 8016
f 270 2814 7317
f 8016 7317 2814
f 6245 5046 1856
f 7834 1494 5046
f 1851 7834 6245
f 5046 6245 7834
f 7625 7802 1272
f 6753 1180 7802
f 328 6753 7625
f 7802 7625 6753
f 6442 8001 870
f 8017 692 8001
f 1770 8017 6442
f 8001 6442 8017
f 5327 5666 255
f 6738 532 5666
f 1541 6738 5327
f 5666 5327 6738
f 6661 8018 1097
f 7845 964 8018
f 2012 7845 6661
f 8018 6661 7845
f 3831 7350 540
f 8019 285 7350
f 1076 8019 3831
f 7350 3831 8019
f 4554 7111 883
f 8020 912 7111
f 1860 8020 4554
f 7111 4554 8020
f 7558 7499 1857
f 6768 1827 7499
f 816 6768 7558
f 7499 7558 6768
f 8021 7994 900
f 7885 1613 7994
f 1378 7885 8021
f 7994 8021 7885
f 8022 7669 918
f 7298 1425 7669
f 1711 7298 8022
f 7669 8022 7298
f 4124 7760 1863
f 4604 1843 7760
f 898 4604 4124
f 7760 4124 4604
f 3282 7525 1273
f 6668 1105 7525
f 671 6668 3282
f 7525 3282 6668
f 3573 5725 1220
f 7958 1580 5725
f 1473 7958 3573
f 5725 3573 7958
f 4452 5783 115
f 5134 1999 5783
f 1874 5134 4452
f 5783 4452 5134
f 8023 6719 1576
f 7902 1824 6719
f 1384 7902 8023
f 6719 8023 7902
f 7788 7998 157
f 5554 47 7998
f 151 5554 7788
f 7998 7788 5554
f 8024 7899 2028
f 4227 855 7899
f 430 4227 8024
f 7899 8024 4227
f 4628 8025 841
f 3777 1872 8025
f 323 3777 4628
f 8025 4628 3777
f 6466 7557 1857
f 6983 1609 7557
f 1208 6983 6466
f 7557 6466 6983
f 5382 6905 619
f 4711 603 6905
f 1952 4711 5382
f 6905 5382 4711
f 5607 5004 1099
f 7088 1577 5004
f 945 7088 5607
f 5004 5607 7088
f 2800 6698 180
f 4504 1960 6698
f 1357 4504 2800
f 6698 2800 4504
f 7704 8002 823
f 6064 1785 8002
f 774 6064 7704
f 8002 7704 6064
f 2252 7950 173
f 7099 155 7950
f 1046 7099 2252
f 7950 2252 7099
f 4784 5450 718
f 7049 1701 5450
f 431 7049 4784
f 5450 4784 7049
f 7903 7073 1034
f 8026 2 7073
f 1384 8026 7903
f 7073 7903 8026
f 6359 4427 758
f 7818 444 4427
f 338 7818 6359
f 4427 6359 7818
f 4591 6527 1780
f 6477 1461 6527
f 995 6477 4591
f 6527 4591 6477
f 7354 7420 1451
f 6425 1052 7420
f 558 6425 7354
f 7420 7354 6425
f 8027 6877 682
f 6445 681 6877
f 1937 6445 8027
f 6877 8027 6445
f 2808 4215 1156
f 5334 291 4215
f 93 5334 2808
f 4215 2808 5334
f 3637 7325 679
f 5812 1976 7325
f 915 5812 3637
f 7325 3637 5812
f 2141 8028 1925
f 7103 325 8028
f 1744 7103 2141
f 8028 2141 7103
f 7773 4074 1939
f 7331 1069 4074
f 1808 7331 7773
f 4074 7773 7331
f 8029 7752 1520
f 2730 1073 7752
f 318 2730 8029
f 7752 8029 2730
f 6941 7714 1291
f 6695 748 7714
f 673 6695 6941
f 7714 6941 6695
f 3809 7386 726
f 4394 579 7386
f 9 4394 3809
f 7386 3809 4394
f 7754 8030 50
f 5668 2031 8030
f 1108 5668 7754
f 8030 7754 5668
f 7481 6998 100
f 6850 1373 6998
f 257 6850 7481
f 6998 7481 6850
f 6183 2569 938
f 6585 1310 2569
f 143 6585 6183
f 2569 6183 6585
f 8031 6169 917
f 7535 1188 6169
f 1623 7535 8031
f 6169 8031 7535
f 4894 4518 1419
f 7975 1889 4518
f 1019 7975 4894
f 4518 4894 7975
f 5481 7674 391
f 8032 512 7674
f 970 8032 5481
f 7674 5481 8032
f 7397 7974 1238
f 6864 1968 7974
f 1483 6864 7397
f 7974 7397 6864
f 4953 8032 970
f 7685 512 8032
f 1753 7685 4953
f 8032 4953 7685
f 7372 4448 742
f 4222 246 4448
f 1693 4222 7372
f 4448 7372 4222
f 3210 2941 927
f 7233 467 2941
f 1296 7233 3210
f 2941 3210 7233
f 8024 6458 430
f 6659 1210 6458
f 2028 6659 8024
f 6458 8024 6659
f 6680 7738 936
f 2447 79 7738
f 1646 2447 6680
f 7738 6680 2447
f 7961 7976 640
f 2207 584 7976
f 1125 2207 7961
f 7976 7961 2207
f 7521 7660 203
f 7010 1533 7660
f 1239 7010 7521
f 7660 7521 7010
f 8033 7306 408
f 7606 1471 7306
f 1585 7606 8033
f 7306 8033 7606
f 7658 7292 738
f 2741 1790 7292
f 1101 2741 7658
f 7292 7658 2741
f 6884 8016 517
f 5082 2025 8016
f 1081 5082 6884
f 8016 6884 5082
f 6507 5602 1825
f 7841 278 5602
f 1091 7841 6507
f 5602 6507 7841
f 5505 7638 1392
f 7809 665 7638
f 2006 7809 5505
f 7638 5505 7809
f 3291 6574 1006
f 4842 944 6574
f 1242 4842 3291
f 6574 3291 4842
f 6382 7825 95
f 7944 1676 7825
f 200 7944 6382
f 7825 6382 7944
f 7763 7898 907
f 2944 126 7898
f 786 2944 7763
f 7898 7763 2944
f 4841 8034 1400
f 7947 96 8034
f 910 7947 4841
f 8034 4841 7947
f 8035 5590 2010
f 5475 1546 5590
f 207 5475 8035
f 5590 8035 5475
f 8033 4487 1585
f 7770 483 4487
f 408 7770 8033
f 4487 8033 7770
f 6155 8036 1673
f 8037 553 8036
f 1332 8037 6155
f 8036 6155 8037
f 4372 7105 399
f 4540 1054 7105
f 1763 4540 4372
f 7105 4372 4540
f 2226 5048 548
f 3941 1805 5048
f 735 3941 2226
f 5048 2226 3941
f 6720 7925 824
f 2911 1621 7925
f 247 2911 6720
f 7925 6720 2911
f 8039 4962 1586
f 8038 102 4962
f 1492 8038 8039
f 4962 8039 8038
f 8040 4472 1947
f 6590 248 4472
f 1803 6590 8040
f 4472 8040 6590
f 4202 6500 1339
f 5601 1043 6500
f 1532 5601 4202
f 6500 4202 5601
f 8041 6365 760
f 7727 674 6365
f 1993 7727 8041
f 6365 8041 7727
f 7329 7575 1722
f 2890 242 7575
f 113 2890 7329
f 7575 7329 2890
f 7490 7856 1762
f 5864 817 7856
f 240 5864 7490
f 7856 7490 5864
f 8042 7948 383
f 5676 1172 7948
f 1647 5676 8042
f 7948 8042 5676
f 8043 6673 1299
f 6705 269 6673
f 984 6705 8043
f 6673 8043 6705
f 4559 4848 1245
f 6628 1979 4848
f 462 6628 4559
f 4848 4559 6628
f 7632 3796 851
f 3511 1084 3796
f 1004 3511 7632
f 3796 7632 3511
f 6137 7805 82
f 8044 1709 7805
f 695 8044 6137
f 7805 6137 8044
f 8045 7831 311
f 7693 678 7831
f 639 7693 8045
f 7831 8045 7693
f 8046 3957 1290
f 4330 1789 3957
f 2039 4330 8046
f 3957 8046 4330
f 6892 8042 383
f 3351 1647 8042
f 720 3351 6892
f 8042 6892 3351
f 5618 5698 493
f 6133 984 5698
f 1766 6133 5618
f 5698 5618 6133
f 7821 6009 1117
f 8047 1910 6009
f 1517 8047 7821
f 6009 7821 8047
f 3086 5756 1947
f 7062 806 5756
f 1802 7062 3086
f 5756 3086 7062
f 3497 4957 208
f 6781 1569 4957
f 1807 6781 3497
f 4957 3497 6781
f 6403 8036 553
f 7914 1673 8036
f 755 7914 6403
f 8036 6403 7914
f 2453 4544 357
f 7591 1996 4544
f 1010 7591 2453
f 4544 2453 7591
f 5331 5042 1781
f 8048 1337 5042
f 106 8048 5331
f 5042 5331 8048
f 2559 7964 946
f 8049 993 7964
f 26 8049 2559
f 7964 2559 8049
f 4070 5506 1497
f 7006 56 5506
f 457 7006 4070
f 5506 4070 7006
f 7969 8050 625
f 5757 1433 8050
f 1016 5757 7969
f 8050 7969 5757
f 2429 7207 1814
f 4600 1601 7207
f 1450 4600 2429
f 7207 2429 4600
f 6715 6915 1695
f 5986 266 6915
f 555 5986 6715
f 6915 6715 5986
f 7224 3849 39
f 4340 142 3849
f 226 4340 7224
f 3849 7224 4340
f 2269 5582 1791
f 6012 304 5582
f 484 6012 2269
f 5582 2269 6012
f 7988 6797 861
f 3770 1481 6797
f 1603 3770 7988
f 6797 7988 3770
f 8051 2463 1383
f 2054 1078 2463
f 1969 2054 8051
f 2463 8051 2054
f 7705 8052 1430
f 4282 1319 8052
f 1959 4282 7705
f 8052 7705 4282
f 7737 4717 1007
f 6690 221 4717
f 815 6690 7737
f 4717 7737 6690
f 3753 6975 374
f 8053 1583 6975
f 1348 8053 3753
f 6975 3753 8053
f 5789 3822 1915
f 7166 1724 3822
f 1416 7166 5789
f 3822 5789 7166
f 7893 7189 81
f 6847 644 7189
f 2036 6847 7893
f 7189 7893 6847
f 6310 5310 258
f 6112 822 5310
f 172 6112 6310
f 5310 6310 6112
f 8054 4397 1680
f 4892 1015 4397
f 1129 4892 8054
f 4397 8054 4892
f 6963 7953 1030
f 6294 2021 7953
f 779 6294 6963
f 7953 6963 6294
f 2542 4139 572
f 5998 1248 4139
f 313 5998 2542
f 4139 2542 5998
f 8055 2301 1094
f 4761 1567 2301
f 384 4761 8055
f 2301 8055 4761
f 4290 5710 87
f 8056 29 5710
f 478 8056 4290
f 5710 4290 8056
f 8057 7087 797
f 5926 1817 7087
f 1768 5926 8057
f 7087 8057 5926
f 2836 2575 41
f 5874 1690 2575
f 601 5874 2836
f 2575 2836 5874
f 2789 6529 1254
f 5763 1792 6529
f 772 5763 2789
f 6529 2789 5763
f 6904 6282 1044
f 5845 593 6282
f 982 5845 6904
f 6282 6904 5845
f 5941 6561 1411
f 8058 1842 6561
f 530 8058 5941
f 6561 5941 8058
f 7347 7330 1808
f 7843 667 7330
f 1783 7843 7347
f 7330 7347 7843
f 2421 7121 1704
f 8059 1038 7121
f 1259 8059 2421
f 7121 2421 8059
f 5484 7247 632
f 6356 229 7247
f 274 6356 5484
f 7247 5484 6356
f 8060 4136 578
f 2985 404 4136
f 734 2985 8060
f 4136 8060 2985
f 2519 7844 2012
f 4106 1540 7844
f 1130 4106 2519
f 7844 2519 4106
f 7191 5328 1184
f 6139 1714 5328
f 345 6139 7191
f 5328 7191 6139
f 5708 2374 1876
f 6174 1611 2374
f 1443 6174 5708
f 2374 5708 6174
f 6520 8061 568
f 7204 330 8061
f 306 7204 6520
f 8061 6520 7204
f 3786 8062 1290
f 5591 1252 8062
f 1393 5591 3786
f 8062 3786 5591
f 4192 7808 858
f 3899 1043 7808
f 743 3899 4192
f 7808 4192 3899
f 3625 7984 1281
f 8063 2013 7984
f 420 8063 3625
f 7984 3625 8063
f 6172 8064 1329
f 8029 1520 8064
f 318 8029 6172
f 8064 6172 8029
f 4637 7726 595
f 4850 1979 7726
f 1708 4850 4637
f 7726 4637 4850
f 6436 7068 139
f 5104 1694 7068
f 108 5104 6436
f 7068 6436 5104
f 2991 8065 716
f 7692 456 8065
f 1675 7692 2991
f 8065 2991 7692
f 6912 6206 448
f 5567 1608 6206
f 1050 5567 6912
f 6206 6912 5567
f 8066 3585 1602
f 5423 1590 3585
f 1955 5423 8066
f 3585 8066 5423
f 7474 6283 1288
f 7965 1627 6283
f 880 7965 7474
f 6283 7474 7965
f 7857 6756 1924
f 5976 722 6756
f 1021 5976 7857
f 6756 7857 5976
f 3139 7109 873
f 5479 1293 7109
f 1987 5479 3139
f 7109 3139 5479
f 4809 7077 267
f 6697 673 7077
f 1952 6697 4809
f 7077 4809 6697
f 5442 6114 473
f 5571 1436 6114
f 1756 5571 5442
f 6114 5442 5571
f 8067 7248 1316
f 5286 632 7248
f 1143 5286 8067
f 7248 8067 5286
f 3762 6411 1966
f 6381 1246 6411
f 120 6381 3762
f 6411 3762 6381
f 5555 3432 1190
f 7888 525 3432
f 1386 7888 5555
f 3432 5555 7888
f 7918 7410 1552
f 8068 857 7410
f 1007 8068 7918
f 7410 7918 8068
f 7671 8069 1682
f 4217 1029 8069
f 1914 4217 7671
f 8069 7671 4217
f 6939 3376 52
f 6317 1866 3376
f 633 6317 6939
f 3376 6939 6317
f 2919 7498 1818
f 7353 1231 7498
f 966 7353 2919
f 7498 2919 7353
f 6473 2876 1237
f 6744 756 2876
f 418 6744 6473
f 2876 6473 6744
f 7367 8070 1624
f 4997 783 8070
f 1414 4997 7367
f 8070 7367 4997
f 5660 5612 1990
f 2708 1395 5612
f 1312 2708 5660
f 5612 5660 2708
f 7615 6362 1105
f 5245 1741 6362
f 1062 5245 7615
f 6362 7615 5245
f 6550 2726 767
f 3505 212 2726
f 1887 3505 6550
f 2726 6550 3505
f 5266 6010 1573
f 6862 304 6010
f 1408 6862 5266
f 6010 5266 6862
f 2067 7177 1119
f 8071 682 7177
f 177 8071 2067
f 7177 2067 8071
f 6780 4963 1265
f 5280 1586 4963
f 559 5280 6780
f 4963 6780 5280
f 5194 4266 1555
f 3932 789 4266
f 1335 3932 5194
f 4266 5194 3932
f 2506 5547 1134
f 6187 1626 5547
f 1191 6187 2506
f 5547 2506 6187
f 8072 2250 1710
f 7767 55 2250
f 954 7767 8072
f 2250 8072 7767
f 6944 6331 18
f 7792 1877 6331
f 859 7792 6944
f 6331 6944 7792
f 7980 3436 917
f 7493 1101 3436
f 1845 7493 7980
f 3436 7980 7493
f 6286 4041 1279
f 2723 1811 4041
f 1931 2723 6286
f 4041 6286 2723
f 4457 5682 1851
f 8073 532 5682
f 699 8073 4457
f 5682 4457 8073
f 5906 8074 105
f 3960 1548 8074
f 650 3960 5906
f 8074 5906 3960
f 4824 4619 295
f 3482 1913 4619
f 1564 3482 4824
f 4619 4824 3482
f 3491 8075 463
f 2050 362 8075
f 1480 2050 3491
f 8075 3491 2050
f 2749 7709 1879
f 8059 1259 7709
f 1038 8059 2749
f 7709 2749 8059
f 6758 4039 1794
f 7565 99 4039
f 1942 7565 6758
f 4039 6758 7565
f 7342 5432 1420
f 7850 1291 5432
f 1060 7850 7342
f 5432 7342 7850
f 7995 6740 1411
f 7800 312 6740
f 186 7800 7995
f 6740 7995 7800
f 7815 7739 79
f 5915 1746 7739
f 803 5915 7815
f 7739 7815 5915
f 5781 7223 1197
f 5548 991 7223
f 716 5548 5781
f 7223 5781 5548
f 2577 4382 1354
f 4406 1633 4382
f 1593 4406 2577
f 4382 2577 4406
f 5036 6357 831
f 6816 229 6357
f 1769 6816 5036
f 6357 5036 6816
f 4476 7009 1239
f 4648 332 7009
f 112 4648 4476
f 7009 4476 4648
f 8077 8076 1988
f 7867 1583 8076
f 436 7867 8077
f 8076 8077 7867
f 8078 8053 1348
f 8076 1583 8053
f 1988 8076 8078
f 8053 8078 8076
f 8079 7985 196
f 6221 808 7985
f 1071 6221 8079
f 7985 8079 6221
f 5697 6150 1012
f 8043 1299 6150
f 984 8043 5697
f 6150 5697 8043
f 7186 7891 450
f 3264 789 7891
f 750 3264 7186
f 7891 7186 3264
f 8080 7639 1681
f 4611 1392 7639
f 1353 4611 8080
f 7639 8080 4611
f 3240 6228 1782
f 6307 1447 6228
f 1669 6307 3240
f 6228 3240 6307
f 6742 5989 1028
f 5106 1463 5989
f 1017 5106 6742
f 5989 6742 5106
f 8010 3490 463
f 7662 648 3490
f 403 7662 8010
f 3490 8010 7662
f 3061 3052 386
f 5459 1467 3052
f 407 5459 3061
f 3052 3061 5459
f 4000 8081 1689
f 7873 648 8081
f 581 7873 4000
f 8081 4000 7873
f 8082 6793 1803
f 4553 1102 6793
f 768 4553 8082
f 6793 8082 4553
f 4023 6328 343
f 8083 988 6328
f 452 8083 4023
f 6328 4023 8083
f 7811 7136 879
f 8084 1602 7136
f 475 8084 7811
f 7136 7811 8084
f 7801 7603 1272
f 7519 1295 7603
f 76 7519 7801
f 7603 7801 7519
f 4078 7355 1451
f 4088 56 7355
f 1522 4088 4078
f 7355 4078 4088
f 7337 6573 1005
f 8085 12 6573
f 602 8085 7337
f 6573 7337 8085
f 7672 5658 1214
f 4582 596 5658
f 1665 4582 7672
f 5658 7672 4582
f 7539 5714 1838
f 6923 1287 5714
f 556 6923 7539
f 5714 7539 6923
f 5807 6177 300
f 6479 256 6177
f 1772 6479 5807
f 6177 5807 6479
f 4467 2134 1751
f 3397 1107 2134
f 310 3397 4467
f 2134 4467 3397
f 4247 5361 1437
f 2243 1550 5361
f 676 2243 4247
f 5361 4247 2243
f 6895 3365 1557
f 7935 1570 3365
f 950 7935 6895
f 3365 6895 7935
f 6457 6870 1929
f 3992 1474 6870
f 1262 3992 6457
f 6870 6457 3992
f 3328 2063 486
f 7786 962 2063
f 561 7786 3328
f 2063 3328 7786
f 8086 7404 580
f 7854 308 7404
f 1666 7854 8086
f 7404 8086 7854
f 3584 7382 146
f 5832 1472 7382
f 1590 5832 3584
f 7382 3584 5832
f 8019 3712 285
f 8087 759 3712
f 1076 8087 8019
f 3712 8019 8087
f 4218 7416 1029
f 4371 399 7416
f 1601 4371 4218
f 7416 4218 4371
f 2590 7268 1505
f 4840 1207 7268
f 116 4840 2590
f 7268 2590 4840
f 7272 3504 1887
f 6733 1363 3504
f 100 6733 7272
f 3504 7272 6733
f 4801 7708 1898
f 4312 98 7708
f 1099 4312 4801
f 7708 4801 4312
f 8023 4913 1384
f 8088 1680 4913
f 1576 8088 8023
f 4913 8023 8088
f 7085 5802 1141
f 8009 1075 5802
f 1869 8009 7085
f 5802 7085 8009
f 7566 7137 99
f 7859 554 7137
f 471 7859 7566
f 7137 7566 7859
f 7913 6965 1030
f 7263 1620 6965
f 1018 7263 7913
f 6965 7913 7263
f 8089 6587 7
f 6045 809 6587
f 1263 6045 8089
f 6587 8089 6045
f 7264 3179 1638
f 5946 1688 3179
f 1249 5946 7264
f 3179 7264 5946
f 8090 3310 2000
f 5912 1618 3310
f 420 5912 8090
f 3310 8090 5912
f 4233 2636 1847
f 3198 198 2636
f 1625 3198 4233
f 2636 4233 3198
f 4949 3790 2040
f 6848 670 3790
f 644 6848 4949
f 3790 4949 6848
f 7093 6435 139
f 3196 1195 6435
f 1108 3196 7093
f 6435 7093 3196
f 7795 7205 1061
f 4989 330 7205
f 1020 4989 7795
f 7205 7795 4989
f 7005 3894 725
f 5437 356 3894
f 496 5437 7005
f 3894 7005 5437
f 8091 3836 363
f 5463 1382 3836
f 1009 5463 8091
f 3836 8091 5463
f 7294 7620 752
f 6540 1015 7620
f 560 6540 7294
f 7620 7294 6540
f 5124 5190 1063
f 4418 132 5190
f 1687 4418 5124
f 5190 5124 4418
f 8092 7056 1554
f 3057 1861 7056
f 1183 3057 8092
f 7056 8092 3057
f 8093 8014 1896
f 7595 499 8014
f 140 7595 8093
f 8014 8093 7595
f 5860 7967 880
f 4325 1989 7967
f 818 4325 5860
f 7967 5860 4325
f 7954 6109 901
f 8094 1309 6109
f 759 8094 7954
f 6109 7954 8094
f 2670 6554 13
f 6355 482 6554
f 1581 6355 2670
f 6554 2670 6355
f 4859 2153 562
f 6503 1747 2153
f 533 6503 4859
f 2153 4859 6503
f 5978 6397 1268
f 6692 502 6397
f 1012 6692 5978
f 6397 5978 6692
f 4610 5491 1292
f 7702 590 5491
f 1353 7702 4610
f 5491 4610 7702
f 2768 7358 32
f 8095 677 7358
f 33 8095 2768
f 7358 2768 8095
f 8096 5711 75
f 7308 87 5711
f 1940 7308 8096
f 5711 8096 7308
f 5188 7197 1409
f 7943 1692 7197
f 357 7943 5188
f 7197 5188 7943
f 8069 7581 1682
f 7940 280 7581
f 1029 7940 8069
f 7581 8069 7940
f 8097 3538 1369
f 6370 854 3538
f 1906 6370 8097
f 3538 8097 6370
f 7713 7512 684
f 4338 1003 7512
f 225 4338 7713
f 7512 7713 4338
f 8098 7528 1298
f 6398 1545 7528
f 1268 6398 8098
f 7528 8098 6398
f 7878 7810 1185
f 7609 199 7810
f 1569 7609 7878
f 7810 7878 7609
f 5303 5071 1250
f 6580 1057 5071
f 193 6580 5303
f 5071 5303 6580
f 6663 5401 1773
f 7618 1098 5401
f 1582 7618 6663
f 5401 6663 7618
f 8099 5307 1884
f 7570 1199 5307
f 1549 7570 8099
f 5307 8099 7570
f 3705 7592 784
f 3325 239 7592
f 781 3325 3705
f 7592 3705 3325
f 7682 7799 220
f 7676 1697 7799
f 1950 7676 7682
f 7799 7682 7676
f 3834 7905 777
f 6805 1544 7905
f 1728 6805 3834
f 7905 3834 6805
f 7926 7406 662
f 6042 413 7406
f 205 6042 7926
f 7406 7926 6042
f 3803 7814 713
f 5250 361 7814
f 402 5250 3803
f 7814 3803 5250
f 8101 8100 214
f 8044 695 8100
f 1709 8044 8101
f 8100 8101 8044
f 3346 8038 1492
f 4574 102 8038
f 1153 4574 3346
f 8038 3346 4574
f 8102 7992 1881
f 6404 881 7992
f 755 6404 8102
f 7992 8102 6404
f 3430 5848 201
f 7851 1464 5848
f 308 7851 3430
f 5848 3430 7851
f 6088 7678 1376
f 8103 1810 7678
f 1734 8103 6088
f 7678 6088 8103
f 3782 7874 1455
f 2978 1958 7874
f 158 2978 3782
f 7874 3782 2978
f 8105 8104 2030
f 6392 287 8104
f 1513 6392 8105
f 8104 8105 6392
f 5899 3925 691
f 5220 1858 3925
f 265 5220 5899
f 3925 5899 5220
f 8106 3150 154
f 4798 788 3150
f 363 4798 8106
f 3150 8106 4798
f 3040 4750 197
f 8083 452 4750
f 988 8083 3040
f 4750 3040 8083
f 4144 7718 466
f 5597 931 7718
f 609 5597 4144
f 7718 4144 5597
f 4858 3806 1819
f 3688 1040 3806
f 562 3688 4858
f 3806 4858 3688
f 6640 7667 1579
f 7345 481 7667
f 238 7345 6640
f 7667 6640 7345
f 8107 6525 1257
f 2877 71 6525
f 1708 2877 8107
f 6525 8107 2877
f 7656 2437 1090
f 6667 327 2437
f 1578 6667 7656
f 2437 7656 6667
f 5936 3508 932
f 2578 1445 3508
f 1593 2578 5936
f 3508 5936 2578
f 6653 8108 1256
f 4613 1224 8108
f 1126 4613 6653
f 8108 6653 4613
f 5052 3961 1300
f 8109 137 3961
f 1103 8109 5052
f 3961 5052 8109
f 5493 7107 1801
f 7758 348 7107
f 397 7758 5493
f 7107 5493 7758
f 8045 7634 639
f 7301 745 7634
f 311 7301 8045
f 7634 8045 7301
f 7179 6919 1530
f 8110 1592 6919
f 1148 8110 7179
f 6919 7179 8110
f 6219 7911 649
f 5050 401 7911
f 1103 5050 6219
f 7911 6219 5050
f 2165 7659 567
f 7004 1742 7659
f 1730 7004 2165
f 7659 2165 7004
f 5958 2899 123
f 2411 710 2899
f 974 2411 5958
f 2899 5958 2411
f 6708 5947 1980
f 5023 1688 5947
f 793 5023 6708
f 5947 6708 5023
f 8064 8011 1329
f 7648 403 8011
f 1520 7648 8064
f 8011 8064 7648
f 7630 7756 506
f 7862 1131 7756
f 1320 7862 7630
f 7756 7630 7862
f 8040 8082 1803
f 7313 768 8082
f 1947 7313 8040
f 8082 8040 7313
f 6589 5397 1759
f 6717 1972 5397
f 724 6717 6589
f 5397 6589 6717
f 3512 7601 2035
f 4244 376 7601
f 243 4244 3512
f 7601 3512 4244
f 4860 2553 533
f 6976 729 2553
f 1819 6976 4860
f 2553 4860 6976
f 6643 7117 1322
f 3100 832 7117
f 1024 3100 6643
f 7117 6643 3100
f 4051 4491 582
f 2860 836 4491
f 1439 2860 4051
f 4491 4051 2860
f 4597 4129 1981
f 7146 286 4129
f 61 7146 4597
f 4129 4597 7146
f 6946 2680 188
f 8097 1369 2680
f 1906 8097 6946
f 2680 6946 8097
f 3201 8074 1548
f 5348 105 8074
f 387 5348 3201
f 8074 3201 5348
f 5930 6111 1309
f 8111 709 6111
f 1659 8111 5930
f 6111 5930 8111
f 6987 3736 894
f 6721 41 3736
f 1907 6721 6987
f 3736 6987 6721
f 3973 8112 1240
f 2822 1704 8112
f 7 2822 3973
f 8112 3973 2822
f 3799 7374 1604
f 4040 99 7374
f 1284 4040 3799
f 7374 3799 4040
f 6015 7340 1529
f 2432 1356 7340
f 1596 2432 6015
f 7340 6015 2432
f 3340 5282 613
f 3171 511 5282
f 1417 3171 3340
f 5282 3340 3171
f 2912 2294 1163
f 7949 1910 2294
f 353 7949 2912
f 2294 2912 7949
f 7469 7548 1657
f 6572 1223 7548
f 1367 6572 7469
f 7548 7469 6572
f 5997 3630 1248
f 8113 1543 3630
f 214 8113 5997
f 3630 5997 8113
f 7848 5010 954
f 6025 455 5010
f 800 6025 7848
f 5010 7848 6025
f 3864 7934 1033
f 6672 91 7934
f 837 6672 3864
f 7934 3864 6672
f 8114 2230 1144
f 6973 1421 2230
f 306 6973 8114
f 2230 8114 6973
f 7053 6066 1119
f 7229 924 6066
f 1365 7229 7053
f 6066 7053 7229
f 2628 4946 1260
f 4833 1823 4946
f 929 4833 2628
f 4946 2628 4833
f 3592 4018 1674
f 7225 688 4018
f 226 7225 3592
f 4018 3592 7225
f 7527 6363 1298
f 7993 170 6363
f 866 7993 7527
f 6363 7527 7993
f 4410 8115 1342
f 7817 231 8115
f 1056 7817 4410
f 8115 4410 7817
f 3239 7032 378
f 7123 1380 7032
f 57 7123 3239
f 7032 3239 7123
f 8015 2499 1656
f 8018 964 2499
f 1097 8018 8015
f 2499 8015 8018
f 7234 5785 589
f 8093 1896 5785
f 140 8093 7234
f 5785 7234 8093
f 4190 3855 885
f 4555 883 3855
f 906 4555 4190
f 3855 4190 4555
f 8000 7449 870
f 2833 573 7449
f 1888 2833 8000
f 7449 8000 2833
f 7942 8116 1047
f 6203 1842 8116
f 377 6203 7942
f 8116 7942 6203
f 2870 7184 706
f 4765 618 7184
f 2032 4765 2870
f 7184 2870 4765
f 6539 2389 1123
f 2439 1975 2389
f 560 2439 6539
f 2389 6539 2439
f 8117 7082 1489
f 6244 1856 7082
f 1686 6244 8117
f 7082 8117 6244
f 6152 8026 1384
f 4596 2 8026
f 1816 4596 6152
f 8026 6152 4596
f 8084 8066 1602
f 3190 1955 8066
f 475 3190 8084
f 8066 8084 3190
f 7794 5888 242
f 8107 1257 5888
f 1708 8107 7794
f 5888 7794 8107
f 8118 7866 382
f 6974 1583 7866
f 2031 6974 8118
f 7866 8118 6974
f 4404 7193 1633
f 8119 597 7193
f 820 8119 4404
f 7193 4404 8119
f 3866 7689 1942
f 8109 1103 7689
f 137 8109 3866
f 7689 3866 8109
f 5038 8079 196
f 4521 1071 8079
f 1122 4521 5038
f 8079 5038 4521
f 5063 6026 40
f 6378 455 6026
f 524 6378 5063
f 6026 5063 6378
f 7269 7562 1505
f 8077 1988 7562
f 436 8077 7269
f 7562 7269 8077
f 6860 4221 1693
f 5560 1374 4221
f 1166 5560 6860
f 4221 6860 5560
f 5109 8104 287
f 3234 2030 8104
f 271 3234 5109
f 8104 5109 3234
f 7916 7762 14
f 8120 1833 7762
f 476 8120 7916
f 7762 7916 8120
f 5402 6932 1773
f 3117 1798 6932
f 1323 3117 5402
f 6932 5402 3117
f 2627 8121 1885
f 2394 15 8121
f 1260 2394 2627
f 8121 2627 2394
f 2583 7214 429
f 8120 476 7214
f 1833 8120 2583
f 7214 2583 8120
f 8102 7915 755
f 6887 93 7915
f 1881 6887 8102
f 7915 8102 6887
f 6312 4154 1828
f 7309 690 4154
f 564 7309 6312
f 4154 6312 7309
f 3972 8089 7
f 4630 1263 8089
f 514 4630 3972
f 8089 3972 4630
f 7764 7455 786
f 4240 1796 7455
f 276 4240 7764
f 7455 7764 4240
f 7833 7300 1476
f 3628 745 7300
f 1614 3628 7833
f 7300 7833 3628
f 7365 3823 1414
f 8122 1915 3823
f 1500 8122 7365
f 3823 7365 8122
f 5749 7517 1087
f 6037 1295 7517
f 1891 6037 5749
f 7517 5749 6037
f 6966 6989 894
f 7596 140 6989
f 2016 7596 6966
f 6989 6966 7596
f 4380 7475 853
f 8123 1305 7475
f 1726 8123 4380
f 7475 4380 8123
f 7979 2354 1118
f 2784 34 2354
f 565 2784 7979
f 2354 7979 2784
f 3437 8124 917
f 2772 827 8124
f 973 2772 3437
f 8124 3437 2772
f 8108 7936 1256
f 7797 1570 7936
f 1224 7797 8108
f 7936 8108 7797
f 4817 5709 1876
f 8021 900 5709
f 1378 8021 4817
f 5709 4817 8021
f 4061 6618 515
f 3692 1273 6618
f 1289 3692 4061
f 6618 4061 3692
f 3975 6546 1083
f 4016 422 6546
f 22 4016 3975
f 6546 3975 4016
f 2479 3662 36
f 5987 316 3662
f 266 5987 2479
f 3662 2479 5987
f 4725 5985 555
f 6448 316 5985
f 599 6448 4725
f 5985 4725 6448
f 2296 4883 247
f 8047 1517 4883
f 1910 8047 2296
f 4883 2296 8047
f 5081 5776 1251
f 2807 1861 5776
f 1081 2807 5081
f 5776 5081 2807
f 4785 3296 431
f 8125 1793 3296
f 921 8125 4785
f 3296 4785 8125
f 6575 6385 1006
f 7966 1989 6385
f 1627 7966 6575
f 6385 6575 7966
f 6070 7852 2014
f 3132 1526 7852
f 876 3132 6070
f 7852 6070 3132
f 2626 4695 929
f 5260 605 4695
f 1885 5260 2626
f 4695 2626 5260
f 7849 5007 800
f 8052 1319 5007
f 1430 8052 7849
f 5007 7849 8052
f 3265 8126 819
f 5257 1418 8126
f 72 5257 3265
f 8126 3265 5257
f 2309 8127 766
f 5449 1701 8127
f 1441 5449 2309
f 8127 2309 5449
f 5645 8125 921
f 5911 1793 8125
f 133 5911 5645
f 8125 5645 5911
f 6366 3949 760
f 3524 1696 3949
f 621 3524 6366
f 3949 6366 3524
f 2909 8128 1621
f 6130 519 8128
f 480 6130 2909
f 8128 2909 6130
f 7670 5972 1902
f 3311 1027 5972
f 728 3311 7670
f 5972 7670 3311
f 7211 7262 1463
f 4662 663 7262
f 1568 4662 7211
f 7262 7211 4662
f 8096 6675 1940
f 7725 293 6675
f 75 7725 8096
f 6675 8096 7725
f 7258 4271 447
f 7887 435 4271
f 557 7887 7258
f 4271 7258 7887
f 7456 7890 1294
f 6749 661 7890
f 489 6749 7456
f 7890 7456 6749
f 8049 7710 993
f 4606 95 7710
f 26 4606 8049
f 7710 8049 4606
f 4816 6834 1510
f 5858 1060 6834
f 116 5858 4816
f 6834 4816 5858
f 8122 5788 1915
f 6197 1269 5788
f 1500 6197 8122
f 5788 8122 6197
f 8129 7879 1622
f 4461 1886 7879
f 17 4461 8129
f 7879 8129 4461
f 5806 3183 1772
f 2131 1375 3183
f 1314 2131 5806
f 3183 5806 2131
f 7952 8130 1901
f 7589 1723 8130
f 1218 7589 7952
f 8130 7952 7589
f 7923 7604 845
f 8022 918 7604
f 1711 8022 7923
f 7604 7923 8022
f 7745 7431 1313
f 7376 668 7431
f 1921 7376 7745
f 7431 7745 7376
f 8131 4923 522
f 7927 569 4923
f 120 7927 8131
f 4923 8131 7927
f 2940 3746 339
f 7836 121 3746
f 1039 7836 2940
f 3746 2940 7836
f 7842 2746 260
f 5386 863 2746
f 309 5386 7842
f 2746 7842 5386
f 5242 7112 479
f 7807 1777 7112
f 1926 7807 5242
f 7112 5242 7807
f 3903 3476 1697
f 3897 794 3476
f 1072 3897 3903
f 3476 3903 3897
f 8060 6348 734
f 4309 350 6348
f 578 4309 8060
f 6348 8060 4309
f 6077 6746 1466
f 4455 155 6746
f 955 4455 6077
f 6746 6077 4455
f 6767 5962 1519
f 4939 1713 5962
f 816 4939 6767
f 5962 6767 4939
f 7996 3608 186
f 6596 1243 3608
f 1575 6596 7996
f 3608 7996 6596
f 7518 2557 1087
f 3022 26 2557
f 76 3022 7518
f 2557 7518 3022
f 5999 5214 1720
f 8057 797 5214
f 1768 8057 5999
f 5214 5999 8057
f 8068 6773 857
f 4718 969 6773
f 1007 4718 8068
f 6773 8068 4718
f 2775 8132 762
f 5625 449 8132
f 744 5625 2775
f 8132 2775 5625
f 5551 5118 205
f 7295 409 5118
f 1485 7295 5551
f 5118 5551 7295
f 4932 3783 465
f 7491 1475 3783
f 21 7491 4932
f 3783 4932 7491
f 6431 7896 1837
f 2189 118 7896
f 204 2189 6431
f 7896 6431 2189
f 6369 8121 15
f 6279 1885 8121
f 1906 6279 6369
f 8121 6369 6279
f 5502 4377 360
f 8020 1860 4377
f 912 8020 5502
f 4377 5502 8020
f 7679 4680 1937
f 8126 1418 4680
f 819 8126 7679
f 4680 7679 8126
f 6670 4872 331
f 7960 443 4872
f 518 7960 6670
f 4872 6670 7960
f 6513 5846 942
f 7048 298 5846
f 9 7048 6513
f 5846 6513 7048
f 7651 3032 427
f 5359 1351 3032
f 207 5359 7651
f 3032 7651 5359
f 8133 2300 1107
f 7904 1094 2300
f 1962 7904 8133
f 2300 8133 7904
f 7665 6078 1973
f 5652 955 6078
f 426 5652 7665
f 6078 7665 5652
f 6302 6581 1074
f 5072 1057 6581
f 1823 5072 6302
f 6581 6302 5072
f 5575 2302 505
f 3010 833 2302
f 1920 3010 5575
f 2302 5575 3010
f 8008 8017 1770
f 4036 692 8017
f 775 4036 8008
f 8017 8008 4036
f 7806 7462 1705
f 5816 1438 7462
f 909 5816 7806
f 7462 7806 5816
f 3893 8055 1094
f 6937 384 8055
f 830 6937 3893
f 8055 3893 6937
f 3090 8134 488
f 6390 1591 8134
f 2003 6390 3090
f 8134 3090 6390
f 5818 4236 624
f 8135 1324 4236
f 510 8135 5818
f 4236 5818 8135
f 8005 5546 1626
f 4635 1776 5546
f 1082 4635 8005
f 5546 8005 4635
f 5192 5656 438
f 3912 708 5656
f 961 3912 5192
f 5656 5192 3912
f 3333 7446 1496
f 7567 504 7446
f 1658 7567 3333
f 7446 3333 7567
f 7812 6530 1004
f 7970 1254 6530
f 1016 7970 7812
f 6530 7812 7970
f 6223 7990 1912
f 8080 1681 7990
f 1353 8080 6223
f 7990 6223 8080
f 7526 7661 545
f 8081 648 7661
f 1689 8081 7526
f 7661 7526 8081
f 5683 7013 1521
f 7252 23 7013
f 532 7252 5683
f 7013 5683 7252
f 7383 7684 1753
f 4994 1283 7684
f 915 4994 7383
f 7684 7383 4994
f 5490 5949 147
f 4659 1916 5949
f 1149 4659 5490
f 5949 5490 4659
f 8136 3141 766
f 2901 1412 3141
f 217 2901 8136
f 3141 8136 2901
f 7619 4047 1098
f 7863 692 4047
f 176 7863 7619
f 4047 7619 7863
f 8137 4419 1806
f 6841 1882 4419
f 1904 6841 8137
f 4419 8137 6841
f 7318 7368 1956
f 6428 655 7368
f 1457 6428 7318
f 7368 7318 6428
f 2754 7919 1137
f 8025 1872 7919
f 841 8025 2754
f 7919 2754 8025
f 5913 3380 1618
f 4656 1757 3380
f 956 4656 5913
f 3380 5913 4656
f 7131 5951 669
f 4550 67 5951
f 1733 4550 7131
f 5951 7131 4550
f 7428 2546 1928
f 7095 1956 2546
f 940 7095 7428
f 2546 7428 7095
f 7425 2084 288
f 8114 1144 2084
f 306 8114 7425
f 2084 7425 8114
f 7483 8071 177
f 8027 682 8071
f 1937 8027 7483
f 8071 7483 8027
f 7427 7652 88
f 5474 207 7652
f 651 5474 7427
f 7652 7427 5474
f 7853 4904 2014
f 7626 1852 4904
f 328 7626 7853
f 4904 7853 7626
f 7769 2508 1134
f 7047 1726 2508
f 588 7047 7769
f 2508 7769 7047
f 3953 6452 1036
f 7968 625 6452
f 1254 7968 3953
f 6452 3953 7968
f 7686 6322 392
f 4693 1936 6322
f 892 4693 7686
f 6322 7686 4693
f 5992 8072 1710
f 7847 954 8072
f 1430 7847 5992
f 8072 5992 7847
f 8133 4028 1962
f 5002 405 4028
f 1107 5002 8133
f 4028 8133 5002
f 7631 2182 763
f 8078 1348 2182
f 1988 8078 7631
f 2182 7631 8078
f 6896 7173 1404
f 6689 815 7173
f 1844 6689 6896
f 7173 6896 6689
f 6402 5018 16
f 7612 1994 5018
f 279 7612 6402
f 5018 6402 7612
f 6082 3306 842
f 7503 1051 3306
f 934 7503 6082
f 3306 6082 7503
f 4756 7982 1286
f 6271 1783 7982
f 1400 6271 4756
f 7982 4756 6271
f 5790 7464 1416
f 6122 346 7464
f 1269 6122 5790
f 7464 5790 6122
f 6171 8075 362
f 8012 463 8075
f 1329 8012 6171
f 8075 6171 8012
f 7042 7743 128
f 2842 1074 7743
f 54 2842 7042
f 7743 7042 2842
f 7118 7547 282
f 3559 1571 7547
f 398 3559 7118
f 7547 7118 3559
f 5628 2716 409
f 4343 1702 2716
f 1308 4343 5628
f 2716 5628 4343
f 2078 6935 2007
f 6379 524 6935
f 1854 6379 2078
f 6935 2078 6379
f 8138 4983 1946
f 7052 1077 4983
f 1261 7052 8138
f 4983 8138 7052
f 8139 7130 653
f 7963 1853 7130
f 541 7963 8139
f 7130 8139 7963
f 8124 8031 917
f 3977 1623 8031
f 827 3977 8124
f 8031 8124 3977
f 7920 7127 500
f 5001 2009 7127
f 1872 5001 7920
f 7127 7920 5001
f 6509 7986 1850
f 6957 1086 7986
f 587 6957 6509
f 7986 6509 6957
f 4237 8140 624
f 6475 1151 8140
f 1109 6475 4237
f 8140 4237 6475
f 5289 5392 1127
f 4960 1479 5392
f 1093 4960 5289
f 5392 5289 4960
f 4173 7694 639
f 6849 257 7694
f 1606 6849 4173
f 7694 4173 6849
f 7907 5674 222
f 7576 130 5674
f 410 7576 7907
f 5674 7907 7576
f 8136 7989 217
f 8127 1701 7989
f 766 8127 8136
f 7989 8136 8127
f 7644 7361 271
f 8141 326 7361
f 1035 8141 7644
f 7361 7644 8141
f 6990 8048 106
f 6818 1337 8048
f 527 6818 6990
f 8048 6990 6818
f 4788 8100 695
f 8113 214 8100
f 1543 8113 4788
f 8100 4788 8113
f 7730 7910 401
f 8142 1771 7910
f 1432 8142 7730
f 7910 7730 8142
f 7698 7393 1605
f 3919 1088 7393
f 1153 3919 7698
f 7393 7698 3919
f 5939 8058 530
f 8116 1842 8058
f 1047 8116 5939
f 8058 5939 8116
f 5778 8143 434
f 4464 958 8143
f 1635 4464 5778
f 8143 5778 4464
f 7748 7352 474
f 3471 144 7352
f 599 3471 7748
f 7352 7748 3471
f 7729 8061 330
f 5746 568 8061
f 751 5746 7729
f 8061 7729 5746
f 8144 8129 1622
f 3890 17 8129
f 1152 3890 8144
f 8129 8144 3890
f 7285 3784 1908
f 4315 465 3784
f 1786 4315 7285
f 3784 7285 4315
f 5550 3606 1750
f 8065 456 3606
f 716 8065 5550
f 3606 5550 8065
f 5579 8039 1586
f 7155 1492 8039
f 1558 7155 5579
f 8039 5579 7155
f 7962 5862 1125
f 5639 817 5862
f 1572 5639 7962
f 5862 7962 5639
f 8051 6488 1969
f 7378 1921 6488
f 1383 7378 8051
f 6488 8051 7378
f 6769 6345 583
f 8130 1723 6345
f 1901 8130 6769
f 6345 6769 8130
f 7715 8101 214
f 4594 1709 8101
f 878 4594 7715
f 8101 7715 4594
f 3318 8115 231
f 8145 1342 8115
f 1606 8145 3318
f 8115 3318 8145
f 8091 7459 1009
f 8106 154 7459
f 363 8106 8091
f 7459 8091 8106
f 4551 3120 1102
f 8146 2034 3120
f 1849 8146 4551
f 3120 4551 8146
f 7039 4431 1274
f 6815 1769 4431
f 386 6815 7039
f 4431 7039 6815
f 2927 7635 643
f 7933 91 7635
f 1446 7933 2927
f 7635 2927 7933
f 2435 5113 771
f 7972 153 5113
f 1275 7972 2435
f 5113 2435 7972
f 8147 7336 46
f 5405 602 7336
f 292 5405 8147
f 7336 8147 5405
f 8054 8148 1129
f 8088 1576 8148
f 1680 8088 8054
f 8148 8054 8088
f 4565 3542 594
f 4002 126 3542
f 43 4002 4565
f 3542 4565 4002
f 5577 7978 1948
f 5299 979 7978
f 1545 5299 5577
f 7978 5577 5299
f 8149 4871 443
f 5713 761 4871
f 410 5713 8149
f 4871 8149 5713
f 6856 6970 592
f 5673 130 6970
f 642 5673 6856
f 6970 6856 5673
f 6079 5967 1162
f 6547 422 5967
f 1277 6547 6079
f 5967 6079 6547
f 4099 8150 477
f 8099 1884 8150
f 1549 8099 4099
f 8150 4099 8099
f 6384 7260 447
f 3686 1079 7260
f 1040 3686 6384
f 7260 6384 3686
f 7945 7959 1676
f 2895 1 7959
f 1652 2895 7945
f 7959 7945 2895
f 7200 6617 1574
f 8151 1679 6617
f 488 8151 7200
f 6617 7200 8151
f 2081 6854 1656
f 5587 939 6854
f 1498 5587 2081
f 6854 2081 5587
f 7424 7461 928
f 6330 1217 7461
f 288 6330 7424
f 7461 7424 6330
f 2388 7244 804
f 5799 980 7244
f 566 5799 2388
f 7244 2388 5799
f 2581 2471 826
f 6754 1272 2471
f 1434 6754 2581
f 2471 2581 6754
f 5968 3121 1340
f 4660 1102 3121
f 1916 4660 5968
f 3121 5968 4660
f 7973 8152 702
f 7253 806 8152
f 1275 7253 7973
f 8152 7973 7253
f 5291 2343 1826
f 6249 2029 2343
f 1155 6249 5291
f 2343 5291 6249
f 7912 7757 1923
f 6211 506 7757
f 631 6211 7912
f 7757 7912 6211
f 4716 6181 969
f 7025 1070 6181
f 221 7025 4716
f 6181 4716 7025
f 7034 8067 1316
f 6386 1143 8067
f 1006 6386 7034
f 8067 7034 6386
f 7488 5959 1727
f 5222 974 5959
f 1518 5222 7488
f 5959 7488 5222
f 6882 2806 1081
f 8086 580 2806
f 1666 8086 6882
f 2806 6882 8086
f 8094 4698 1309
f 8087 1076 4698
f 759 8087 8094
f 4698 8094 8087
f 3665 4535 1487
f 8142 1432 4535
f 1771 8142 3665
f 4535 3665 8142
f 7019 8140 1151
f 5820 624 8140
f 1755 5820 7019
f 8140 7019 5820
f 6416 2483 85
f 7655 487 2483
f 876 7655 6416
f 2483 6416 7655
f 7921 6405 553
f 6865 881 6405
f 686 6865 7921
f 6405 7921 6865
f 5817 7463 1438
f 2265 620 7463
f 1351 2265 5817
f 7463 5817 2265
f 6232 3215 563
f 6960 1591 3215
f 1283 6960 6232
f 3215 6232 6960
f 2525 3246 21
f 7434 1765 3246
f 814 7434 2525
f 3246 2525 7434
f 7327 6453 1361
f 6625 275 6453
f 1917 6625 7327
f 6453 7327 6625
f 3565 5990 1563
f 4234 1501 5990
f 1625 4234 3565
f 5990 3565 4234
f 6701 8153 1080
f 7939 1683 8153
f 860 7939 6701
f 8153 6701 7939
f 5569 8112 1704
f 3916 1240 8112
f 1050 3916 5569
f 8112 5569 3916
f 3940 4996 1724
f 5576 783 4996
f 735 5576 3940
f 4996 3940 5576
f 7030 2423 439
f 7542 1841 2423
f 1729 7542 7030
f 2423 7030 7542
f 6876 7924 1065
f 5857 54 7924
f 1225 5857 6876
f 7924 6876 5857
f 7442 3164 1106
f 7241 1965 3164
f 114 7241 7442
f 3164 7442 7241
f 5212 7941 1566
f 5984 337 7941
f 2030 5984 5212
f 7941 5212 5984
f 5759 5825 1982
f 6913 1871 5825
f 843 6913 5759
f 5825 5759 6913
f 7732 7063 865
f 8152 806 7063
f 702 8152 7732
f 7063 7732 8152
f 8111 7324 709
f 6593 35 7324
f 1659 6593 8111
f 7324 8111 6593
f 4947 8145 1606
f 4229 1342 8145
f 190 4229 4947
f 8145 4947 4229
f 7654 7124 92
f 4889 902 7124
f 1642 4889 7654
f 7124 7654 4889
f 7777 2995 1128
f 7270 11 2995
f 1551 7270 7777
f 2995 7777 7270
f 6762 7321 1462
f 5633 39 7321
f 997 5633 6762
f 7321 6762 5633
f 5204 7320 1132
f 7058 2019 7320
f 850 7058 5204
f 7320 5204 7058
f 5376 3563 1258
f 7894 152 3563
f 537 7894 5376
f 3563 5376 7894
f 2227 7742 164
f 3833 777 7742
f 1297 3833 2227
f 7742 2227 3833
f 8150 4865 477
f 7506 1784 4865
f 1884 7506 8150
f 4865 8150 7506
f 5370 6200 896
f 6981 1194 6200
f 856 6981 5370
f 6200 5370 6981
f 6254 3237 534
f 8154 968 3237
f 1346 8154 6254
f 3237 6254 8154
f 5254 6730 19
f 4413 1177 6730
f 1721 4413 5254
f 6730 5254 4413
f 5039 4334 1123
f 8155 1628 4334
f 1465 8155 5039
f 4334 5039 8155
f 8134 8151 488
f 6961 1679 8151
f 1591 6961 8134
f 8151 8134 6961
f 5624 5152 1632
f 7467 926 5152
f 1189 7467 5624
f 5152 5624 7467
f 5784 8092 1554
f 5155 1183 8092
f 1896 5155 5784
f 8092 5784 5155
f 7722 7901 793
f 3304 80 7901
f 1667 3304 7722
f 7901 7722 3304
f 6518 5964 730
f 5792 1439 5964
f 1493 5792 6518
f 5964 6518 5792
f 2637 3830 540
f 2365 740 3830
f 983 2365 2637
f 3830 2637 2365
f 7846 8131 522
f 6985 120 8131
f 1100 6985 7846
f 8131 7846 6985
f 6696 7216 748
f 5380 462 7216
f 1952 5380 6696
f 7216 6696 5380
f 5080 5680 1932
f 3143 1640 5680
f 1376 3143 5080
f 5680 5080 3143
f 7168 6349 782
f 7115 1204 6349
f 1112 7115 7168
f 6349 7168 7115
f 5945 3875 1980
f 3324 781 3875
f 1249 3324 5945
f 3875 5945 3324
f 6041 7199 1574
f 4012 160 7199
f 1658 4012 6041
f 7199 6041 4012
f 5244 4655 739
f 7697 147 4655
f 1062 7697 5244
f 4655 5244 7697
f 7681 8110 1148
f 7485 1592 8110
f 1025 7485 7681
f 8110 7681 7485
f 5061 6809 1479
f 8156 395 6809
f 414 8156 5061
f 6809 5061 8156
f 5454 8062 1252
f 8046 1290 8062
f 2039 8046 5454
f 8062 5454 8046
f 5371 5066 1664
f 7951 967 5066
f 173 7951 5371
f 5066 5371 7951
f 7749 8056 478
f 6553 29 8056
f 810 6553 7749
f 8056 7749 6553
f 8119 5928 597
f 7305 1471 5928
f 820 7305 8119
f 5928 8119 7305
f 6459 5795 430
f 8144 1622 5795
f 1152 8144 6459
f 5795 6459 8144
f 3577 5584 224
f 3676 1732 5584
f 314 3676 3577
f 5584 3577 3676
f 6257 4208 1318
f 5205 368 4208
f 908 5205 6257
f 4208 6257 5205
f 4576 6501 101
f 7384 1089 6501
f 972 7384 4576
f 6501 4576 7384
f 7765 7471 396
f 6583 1058 7471
f 1895 6583 7765
f 7471 7765 6583
f 8157 3948 1169
f 8139 653 3948
f 541 8139 8157
f 3948 8157 8139
f 2114 7977 1527
f 7339 1356 7977
f 1276 7339 2114
f 7977 2114 7339
f 6811 8105 2030
f 2373 1513 8105
f 628 2373 6811
f 8105 6811 2373
f 8006 7675 775
f 8117 1489 7675
f 1686 8117 8006
f 7675 8006 8117
f 6000 7492 1845
f 7602 393 7492
f 862 7602 6000
f 7492 6000 7602
f 6774 2498 964
f 3066 586 2498
f 810 3066 6774
f 2498 6774 3066
f 8098 5394 1268
f 4306 1343 5394
f 1298 4306 8098
f 5394 8098 4306
f 6632 6074 629
f 6495 736 6074
f 469 6495 6632
f 6074 6632 6495
f 4875 6023 746
f 6945 18 6023
f 1953 6945 4875
f 6023 4875 6945
f 8153 7390 1080
f 5887 1706 7390
f 1683 5887 8153
f 7390 8153 5887
f 7877 8034 96
f 7793 1400 8034
f 753 7793 7877
f 8034 7877 7793
f 5521 4468 64
f 4346 310 4468
f 1718 4346 5521
f 4468 5521 4346
f 7443 6028 117
f 6712 1870 6028
f 208 6712 7443
f 6028 7443 6712
f 7363 8143 958
f 7436 434 8143
f 732 7436 7363
f 8143 7363 7436
f 4886 4696 1788
f 4832 929 4696
f 1250 4832 4886
f 4696 4886 4832
f 2448 7816 79
f 5147 1159 7816
f 1221 5147 2448
f 7816 2448 5147
f 3914 3205 1240
f 6789 612 3205
f 501 6789 3914
f 3205 3914 6789
f 7889 6776 167
f 7991 1 6776
f 1912 7991 7889
f 6776 7889 7991
f 7394 2492 1732
f 6948 249 2492
f 1945 6948 7394
f 2492 7394 6948
f 5957 4598 1727
f 3580 61 4598
f 123 3580 5957
f 4598 5957 3580
f 7930 7680 1285
f 5977 1025 7680
f 722 5977 7930
f 7680 7930 5977
f 7636 7608 1569
f 4471 255 7608
f 1800 4471 7636
f 7608 7636 4471
f 5117 3386 1925
f 8155 1465 3386
f 1628 8155 5117
f 3386 5117 8155
f 8156 6808 395
f 8013 485 6808
f 414 8013 8156
f 6808 8156 8013
f 2242 5017 1139
f 6679 577 5017
f 676 6679 2242
f 5017 2242 6679
f 7497 6824 1355
f 4570 2008 6824
f 1231 4570 7497
f 6824 7497 4570
f 7897 5094 1837
f 4246 1437 5094
f 1044 4246 7897
f 5094 7897 4246
f 7869 8137 1806
f 7196 1904 8137
f 1918 7196 7869
f 8137 7869 7196
f 2759 8007 1770
f 4458 1686 8007
f 699 4458 2759
f 8007 2759 4458
f 7409 8073 699
f 5665 532 8073
f 199 5665 7409
f 8073 7409 5665
f 8138 7610 1261
f 7641 51 7610
f 1946 7641 8138
f 7610 8138 7641
f 5963 5398 1519
f 6287 1759 5398
f 1703 6287 5963
f 5398 5963 6287
f 7861 7249 523
f 7643 1233 7249
f 1320 7643 7861
f 7249 7861 7643
f 6292 8123 1726
f 7502 1305 8123
f 584 7502 6292
f 8123 6292 7502
f 5340 6108 1899
f 8028 325 6108
f 1925 8028 5340
f 6108 5340 8028
f 5062 3604 414
f 8070 783 3604
f 1624 8070 5062
f 3604 5062 8070
f 4153 6056 743
f 4928 1341 6056
f 690 4928 4153
f 6056 4153 4928
f 8030 7256 50
f 8118 382 7256
f 2031 8118 8030
f 7256 8030 8118
f 8003 6315 290
f 8135 510 6315
f 1324 8135 8003
f 6315 8003 8135
f 2117 7465 365
f 7165 1416 7465
f 378 7165 2117
f 7465 2117 7165
f 6804 8146 1849
f 6894 2034 8146
f 1247 6894 6804
f 8146 6804 6894
f 3950 8041 760
f 7509 1993 8041
f 1056 7509 3950
f 8041 3950 7509
f 3742 6889 1362
f 6213 631 6889
f 1684 6213 3742
f 6889 3742 6213
f 6846 7381 700
f 7997 146 7381
f 276 7997 6846
f 7381 6846 7997
f 7908 8103 1734
f 7946 1810 8103
f 453 7946 7908
f 8103 7908 7946
f 7577 6978 1173
f 8149 443 6978
f 410 8149 7577
f 6978 7577 8149
f 3732 7129 1388
f 4100 375 7129
f 1549 4100 3732
f 7129 3732 4100
f 4525 6650 1815
f 6810 395 6650
f 321 6810 4525
f 6650 4525 6810
f 5360 4712 429
f 8035 2010 4712
f 207 8035 5360
f 4712 5360 8035
f 6644 7125 1610
f 4062 92 7125
f 1289 4062 6644
f 7125 6644 4062
f 2737 8154 1346
f 4602 968 8154
f 1843 4602 2737
f 8154 2737 4602
f 2494 7781 953
f 6902 1584 7781
f 249 6902 2494
f 7781 2494 6902
f 7917 7886 557
f 8132 449 7886
f 762 8132 7917
f 7886 7917 8132
f 6918 7766 396
f 7922 1379 7766
f 1592 7922 6918
f 7766 6918 7922
f 6526 2124 1780
f 4165 754 2124
f 162 4165 6526
f 2124 6526 4165
f 6681 5787 1646
f 7971 110 5787
f 6 7971 6681
f 5787 6681 7971
f 2069 6498 731
f 7876 96 6498
f 1172 7876 2069
f 6498 2069 7876
f 3612 8147 46
f 7529 292 8147
f 791 7529 3612
f 8147 3612 7529
f 6718 8148 1576
f 6891 1129 8148
f 44 6891 6718
f 8148 6718 6891
f 2938 4273 1039
f 6217 1894 4273
f 291 6217 2938
f 4273 2938 6217
f 8158 7151 2033
f 5885 790 7151
f 1035 5885 8158
f 7151 8158 5885
f 6760 5896 1991
f 7673 1214 5896
f 23 7673 6760
f 5896 6760 7673
f 7649 8158 2033
f 8141 1035 8158
f 326 8141 7649
f 8158 7649 8141
f 6991 5662 965
f 4810 1330 5662
f 787 4810 6991
f 5662 6991 4810
f 5526 5537 1410
f 4664 1568 5537
f 263 4664 5526
f 5537 5526 4664
f 4414 8085 602
f 3622 12 8085
f 1737 3622 4414
f 8085 4414 3622
f 7532 8050 1433
f 7144 625 8050
f 957 7144 7532
f 8050 7532 7144
f 6687 4146 1236
f 3343 518 4146
f 1818 3343 6687
f 4146 6687 3343
f 3080 8128 519
f 5604 1621 8128
f 1354 5604 3080
f 8128 3080 5604
f 7445 6225 1804
f 7827 1008 6225
f 626 7827 7445
f 6225 7445 7827
f 7254 4620 1913
f 2169 1427 4620
f 211 2169 7254
f 4620 7254 2169
f 5974 7287 423
f 8037 1332 7287
f 553 8037 5974
f 7287 5974 8037
f 6635 6202 1598
f 8095 33 6202
f 677 8095 6635
f 6202 6635 8095
f 5098 5690 1758
f 7185 1306 5690
f 750 7185 5098
f 5690 5098 7185
f 2206 6433 1449
f 5863 240 6433
f 1125 5863 2206
f 6433 2206 5863
f 3156 8090 2000
f 8063 420 8090
f 2013 8063 3156
f 8090 3156 8063
f 7583 4992 1331
f 2753 1137 4992
f 376 2753 7583
f 4992 7583 2753
f 7981 7798 238
f 6977 1868 7798
f 10 6977 7981
f 7798 7981 6977
f 7435 4096 1731
f 6089 865 4096
f 352 6089 7435
f 4096 7435 6089
f 5876 5411 952
f 7983 1311 5411
f 1754 7983 5876
f 5411 5876 7983
f 6969 7775 2023
f 2462 1078 7775
f 143 2462 6969
f 7775 6969 2462
f 3755 8157 1169
f 5632 541 8157
f 282 5632 3755
f 8157 3755 5632
f 5110 7646 271
f 7855 1668 7646
f 995 7855 5110
f 7646 5110 7855

